INFO: [Common 17-3922] A valid Vivado Design Suite BASIC license has been detected. Your current license is active and will expire on 14-aug-2027.
#-----------------------------------------------------------
# Vivado v2026.1 (64-bit)
# SW Build 6511674 on Tue Jun 16 11:01:26 MDT 2026
# IP Build 6504888 on Tue Jun 09 09:05:25 MDT 2026
# SharedData Build 6501428 on Mon Jun 08 17:34:18 MDT 2026
# Start of session at: Sat Aug 15 13:03:41 2026
# Process ID         : 12612
# Current directory  : /home/boib2/vivadoProjects/registerProj/project_1/project_1.srcs
# Command line       : vivado .
# Log file           : /home/boib2/vivadoProjects/registerProj/project_1/project_1.srcs/vivado.log
# Journal file       : /home/boib2/vivadoProjects/registerProj/project_1/project_1.srcs/vivado.jou
# Running On         : Elvinjohn1234
# Platform           : Ubuntu
# Operating System   : Ubuntu 26.04 LTS
# Processor Detail   : AMD Ryzen 9 7945HX with Radeon Graphics
# CPU Frequency      : 2495.270 MHz
# CPU Physical cores : 16
# CPU Logical cores  : 32
# Host memory        : 7903 MB
# Swap memory        : 2147 MB
# Total Virtual      : 10051 MB
# Available Virtual  : 8336 MB
#-----------------------------------------------------------
start_gui
open_project /home/boib2/vivadoProjects/registerProj/project_1/project_1.xpr
INFO: [filemgmt 56-3] Default IP Output Path : Could not find the directory '/home/boib2/vivadoProjects/registerProj/project_1/project_1.gen/sources_1'.
Scanning sources...
Finished scanning sources
INFO: [IP_Flow 19-234] Refreshing IP repositories
INFO: [IP_Flow 19-1704] No user IP repositories specified
INFO: [IP_Flow 19-2313] Loaded Vivado IP repository '/tools/Xilinx/2026.1/data/ip'.
update_compile_order -fileset sources_1
WARNING: [filemgmt 56-199] Attempt to get parsing info during refresh. "On-the-fly" syntax checking information may be incorrect. [/home/boib2/vivadoProjects/registerProj/project_1/project_1.srcs/sim_1/new/src/driver.svh:]
WARNING: [filemgmt 56-199] Attempt to get parsing info during refresh. "On-the-fly" syntax checking information may be incorrect. [/home/boib2/vivadoProjects/registerProj/project_1/project_1.srcs/sim_1/new/src/counter_env.svh:]
WARNING: [filemgmt 56-199] Attempt to get parsing info during refresh. "On-the-fly" syntax checking information may be incorrect. [/home/boib2/vivadoProjects/registerProj/project_1/project_1.srcs/sim_1/new/counter_if.sv:]
WARNING: [filemgmt 56-199] Attempt to get parsing info during refresh. "On-the-fly" syntax checking information may be incorrect. [/home/boib2/vivadoProjects/registerProj/project_1/project_1.srcs/sources_1/new/programCounter.v:]
WARNING: [filemgmt 56-199] Attempt to get parsing info during refresh. "On-the-fly" syntax checking information may be incorrect. [/home/boib2/vivadoProjects/registerProj/project_1/project_1.srcs/sources_1/new/programCounter.v:]
WARNING: [filemgmt 56-199] Attempt to get parsing info during refresh. "On-the-fly" syntax checking information may be incorrect. [/home/boib2/vivadoProjects/registerProj/project_1/project_1.srcs/sources_1/new/programCounter.v:]
WARNING: [filemgmt 56-199] Attempt to get parsing info during refresh. "On-the-fly" syntax checking information may be incorrect. [/home/boib2/vivadoProjects/registerProj/project_1/project_1.srcs/sim_1/new/src/driver.svh:]
WARNING: [filemgmt 56-199] Attempt to get parsing info during refresh. "On-the-fly" syntax checking information may be incorrect. [/home/boib2/vivadoProjects/registerProj/project_1/project_1.srcs/sim_1/new/src/counter_env.svh:]
WARNING: [filemgmt 56-199] Attempt to get parsing info during refresh. "On-the-fly" syntax checking information may be incorrect. [/home/boib2/vivadoProjects/registerProj/project_1/project_1.srcs/sim_1/new/counter_if.sv:]
WARNING: [filemgmt 56-199] Attempt to get parsing info during refresh. "On-the-fly" syntax checking information may be incorrect. [/home/boib2/vivadoProjects/registerProj/project_1/project_1.srcs/sources_1/new/programCounter.v:]
WARNING: [filemgmt 56-199] Attempt to get parsing info during refresh. "On-the-fly" syntax checking information may be incorrect. [/home/boib2/vivadoProjects/registerProj/project_1/project_1.srcs/sim_1/new/src/driver.svh:]
WARNING: [filemgmt 56-199] Attempt to get parsing info during refresh. "On-the-fly" syntax checking information may be incorrect. [/home/boib2/vivadoProjects/registerProj/project_1/project_1.srcs/sim_1/new/src/driver.svh:]
WARNING: [filemgmt 56-199] Attempt to get parsing info during refresh. "On-the-fly" syntax checking information may be incorrect. [/home/boib2/vivadoProjects/registerProj/project_1/project_1.srcs/sim_1/new/src/driver.svh:]
WARNING: [filemgmt 56-199] Attempt to get parsing info during refresh. "On-the-fly" syntax checking information may be incorrect. [/home/boib2/vivadoProjects/registerProj/project_1/project_1.srcs/sim_1/new/src/counter_env.svh:]
WARNING: [filemgmt 56-199] Attempt to get parsing info during refresh. "On-the-fly" syntax checking information may be incorrect. [/home/boib2/vivadoProjects/registerProj/project_1/project_1.srcs/sim_1/new/counter_if.sv:]
WARNING: [filemgmt 56-199] Attempt to get parsing info during refresh. "On-the-fly" syntax checking information may be incorrect. [/home/boib2/vivadoProjects/registerProj/project_1/project_1.srcs/sources_1/new/programCounter.v:]
WARNING: [filemgmt 56-199] Attempt to get parsing info during refresh. "On-the-fly" syntax checking information may be incorrect. [/home/boib2/vivadoProjects/registerProj/project_1/project_1.srcs/sim_1/new/counter_if.sv:]
WARNING: [filemgmt 56-199] Attempt to get parsing info during refresh. "On-the-fly" syntax checking information may be incorrect. [/home/boib2/vivadoProjects/registerProj/project_1/project_1.srcs/sim_1/new/counter_if.sv:]
pwd
/home/boib2/vivadoProjects/registerProj/project_1/project_1.srcs
WARNING: [filemgmt 56-199] Attempt to get parsing info during refresh. "On-the-fly" syntax checking information may be incorrect. [/home/boib2/vivadoProjects/registerProj/project_1/project_1.srcs/sim_1/new/tb_top.sv:]
WARNING: [filemgmt 56-199] Attempt to get parsing info during refresh. "On-the-fly" syntax checking information may be incorrect. [/home/boib2/vivadoProjects/registerProj/project_1/project_1.srcs/sim_1/new/src/driver.svh:]
WARNING: [filemgmt 56-199] Attempt to get parsing info during refresh. "On-the-fly" syntax checking information may be incorrect. [/home/boib2/vivadoProjects/registerProj/project_1/project_1.srcs/sim_1/new/counter_if.sv:]
WARNING: [filemgmt 56-199] Attempt to get parsing info during refresh. "On-the-fly" syntax checking information may be incorrect. [/home/boib2/vivadoProjects/registerProj/project_1/project_1.srcs/sources_1/new/programCounter.v:]
WARNING: [filemgmt 56-199] Attempt to get parsing info during refresh. "On-the-fly" syntax checking information may be incorrect. [/home/boib2/vivadoProjects/registerProj/project_1/project_1.srcs/sim_1/new/src/scoreboard.svh:]
WARNING: [filemgmt 56-199] Attempt to get parsing info during refresh. "On-the-fly" syntax checking information may be incorrect. [/home/boib2/vivadoProjects/registerProj/project_1/project_1.srcs/sim_1/new/tb_top.sv:]
WARNING: [filemgmt 56-199] Attempt to get parsing info during refresh. "On-the-fly" syntax checking information may be incorrect. [/home/boib2/vivadoProjects/registerProj/project_1/project_1.srcs/sim_1/new/tb_top.sv:]
WARNING: [filemgmt 56-199] Attempt to get parsing info during refresh. "On-the-fly" syntax checking information may be incorrect. [/home/boib2/vivadoProjects/registerProj/project_1/project_1.srcs/sim_1/new/tb_top.sv:]
WARNING: [filemgmt 56-199] Attempt to get parsing info during refresh. "On-the-fly" syntax checking information may be incorrect. [/home/boib2/vivadoProjects/registerProj/project_1/project_1.srcs/sim_1/new/src/driver.svh:]
WARNING: [filemgmt 56-199] Attempt to get parsing info during refresh. "On-the-fly" syntax checking information may be incorrect. [/home/boib2/vivadoProjects/registerProj/project_1/project_1.srcs/sim_1/new/counter_if.sv:]
WARNING: [filemgmt 56-199] Attempt to get parsing info during refresh. "On-the-fly" syntax checking information may be incorrect. [/home/boib2/vivadoProjects/registerProj/project_1/project_1.srcs/sources_1/new/programCounter.v:]
WARNING: [filemgmt 56-199] Attempt to get parsing info during refresh. "On-the-fly" syntax checking information may be incorrect. [/home/boib2/vivadoProjects/registerProj/project_1/project_1.srcs/sim_1/new/src/scoreboard.svh:]
WARNING: [filemgmt 56-199] Attempt to get parsing info during refresh. "On-the-fly" syntax checking information may be incorrect. [/home/boib2/vivadoProjects/registerProj/project_1/project_1.srcs/sources_1/new/programCounter.v:]
WARNING: [filemgmt 56-199] Attempt to get parsing info during refresh. "On-the-fly" syntax checking information may be incorrect. [/home/boib2/vivadoProjects/registerProj/project_1/project_1.srcs/sources_1/new/programCounter.v:]
WARNING: [filemgmt 56-199] Attempt to get parsing info during refresh. "On-the-fly" syntax checking information may be incorrect. [/home/boib2/vivadoProjects/registerProj/project_1/project_1.srcs/sim_1/new/tb_top.sv:]
WARNING: [filemgmt 56-199] Attempt to get parsing info during refresh. "On-the-fly" syntax checking information may be incorrect. [/home/boib2/vivadoProjects/registerProj/project_1/project_1.srcs/sim_1/new/src/driver.svh:]
WARNING: [filemgmt 56-199] Attempt to get parsing info during refresh. "On-the-fly" syntax checking information may be incorrect. [/home/boib2/vivadoProjects/registerProj/project_1/project_1.srcs/sim_1/new/counter_if.sv:]
WARNING: [filemgmt 56-199] Attempt to get parsing info during refresh. "On-the-fly" syntax checking information may be incorrect. [/home/boib2/vivadoProjects/registerProj/project_1/project_1.srcs/sources_1/new/programCounter.v:]
WARNING: [filemgmt 56-199] Attempt to get parsing info during refresh. "On-the-fly" syntax checking information may be incorrect. [/home/boib2/vivadoProjects/registerProj/project_1/project_1.srcs/sim_1/new/src/scoreboard.svh:]
WARNING: [filemgmt 56-199] Attempt to get parsing info during refresh. "On-the-fly" syntax checking information may be incorrect. [/home/boib2/vivadoProjects/registerProj/project_1/project_1.srcs/sim_1/new/src/driver.svh:]
WARNING: [filemgmt 56-199] Attempt to get parsing info during refresh. "On-the-fly" syntax checking information may be incorrect. [/home/boib2/vivadoProjects/registerProj/project_1/project_1.srcs/sim_1/new/src/driver.svh:]
WARNING: [filemgmt 56-199] Attempt to get parsing info during refresh. "On-the-fly" syntax checking information may be incorrect. [/home/boib2/vivadoProjects/registerProj/project_1/project_1.srcs/sim_1/new/tb_top.sv:]
WARNING: [filemgmt 56-199] Attempt to get parsing info during refresh. "On-the-fly" syntax checking information may be incorrect. [/home/boib2/vivadoProjects/registerProj/project_1/project_1.srcs/sim_1/new/src/driver.svh:]
WARNING: [filemgmt 56-199] Attempt to get parsing info during refresh. "On-the-fly" syntax checking information may be incorrect. [/home/boib2/vivadoProjects/registerProj/project_1/project_1.srcs/sim_1/new/counter_if.sv:]
WARNING: [filemgmt 56-199] Attempt to get parsing info during refresh. "On-the-fly" syntax checking information may be incorrect. [/home/boib2/vivadoProjects/registerProj/project_1/project_1.srcs/sources_1/new/programCounter.v:]
WARNING: [filemgmt 56-199] Attempt to get parsing info during refresh. "On-the-fly" syntax checking information may be incorrect. [/home/boib2/vivadoProjects/registerProj/project_1/project_1.srcs/sim_1/new/src/scoreboard.svh:]
WARNING: [filemgmt 56-199] Attempt to get parsing info during refresh. "On-the-fly" syntax checking information may be incorrect. [/home/boib2/vivadoProjects/registerProj/project_1/project_1.srcs/sim_1/new/src/scoreboard.svh:]
WARNING: [filemgmt 56-199] Attempt to get parsing info during refresh. "On-the-fly" syntax checking information may be incorrect. [/home/boib2/vivadoProjects/registerProj/project_1/project_1.srcs/sim_1/new/src/scoreboard.svh:]
glob *
sim_1 sources_1 vivado.jou vivado.log vivado_pid12612.str
add_files ./sim_1/new/src/printer.svh
/home/boib2/vivadoProjects/registerProj/project_1/project_1.srcs/sim_1/new/src/printer.svh
WARNING: [filemgmt 56-199] Attempt to get parsing info during refresh. "On-the-fly" syntax checking information may be incorrect. [/home/boib2/vivadoProjects/registerProj/project_1/project_1.srcs/sim_1/new/tb_top.sv:]
WARNING: [filemgmt 56-199] Attempt to get parsing info during refresh. "On-the-fly" syntax checking information may be incorrect. [/home/boib2/vivadoProjects/registerProj/project_1/project_1.srcs/sim_1/new/src/driver.svh:]
WARNING: [filemgmt 56-199] Attempt to get parsing info during refresh. "On-the-fly" syntax checking information may be incorrect. [/home/boib2/vivadoProjects/registerProj/project_1/project_1.srcs/sim_1/new/counter_if.sv:]
WARNING: [filemgmt 56-199] Attempt to get parsing info during refresh. "On-the-fly" syntax checking information may be incorrect. [/home/boib2/vivadoProjects/registerProj/project_1/project_1.srcs/sources_1/new/programCounter.v:]
WARNING: [filemgmt 56-199] Attempt to get parsing info during refresh. "On-the-fly" syntax checking information may be incorrect. [/home/boib2/vivadoProjects/registerProj/project_1/project_1.srcs/sim_1/new/src/scoreboard.svh:]
WARNING: [filemgmt 56-199] Attempt to get parsing info during refresh. "On-the-fly" syntax checking information may be incorrect. [/home/boib2/vivadoProjects/registerProj/project_1/project_1.srcs/sources_1/new/programCounter.v:]
WARNING: [filemgmt 56-199] Attempt to get parsing info during refresh. "On-the-fly" syntax checking information may be incorrect. [/home/boib2/vivadoProjects/registerProj/project_1/project_1.srcs/sources_1/new/programCounter.v:]
WARNING: [filemgmt 56-199] Attempt to get parsing info during refresh. "On-the-fly" syntax checking information may be incorrect. [/home/boib2/vivadoProjects/registerProj/project_1/project_1.srcs/sim_1/new/tb_top.sv:]
WARNING: [filemgmt 56-199] Attempt to get parsing info during refresh. "On-the-fly" syntax checking information may be incorrect. [/home/boib2/vivadoProjects/registerProj/project_1/project_1.srcs/sim_1/new/src/driver.svh:]
WARNING: [filemgmt 56-199] Attempt to get parsing info during refresh. "On-the-fly" syntax checking information may be incorrect. [/home/boib2/vivadoProjects/registerProj/project_1/project_1.srcs/sim_1/new/counter_if.sv:]
WARNING: [filemgmt 56-199] Attempt to get parsing info during refresh. "On-the-fly" syntax checking information may be incorrect. [/home/boib2/vivadoProjects/registerProj/project_1/project_1.srcs/sources_1/new/programCounter.v:]
WARNING: [filemgmt 56-199] Attempt to get parsing info during refresh. "On-the-fly" syntax checking information may be incorrect. [/home/boib2/vivadoProjects/registerProj/project_1/project_1.srcs/sim_1/new/src/scoreboard.svh:]
WARNING: [filemgmt 56-199] Attempt to get parsing info during refresh. "On-the-fly" syntax checking information may be incorrect. [/home/boib2/vivadoProjects/registerProj/project_1/project_1.srcs/sim_1/new/src/driver.svh:]
WARNING: [filemgmt 56-199] Attempt to get parsing info during refresh. "On-the-fly" syntax checking information may be incorrect. [/home/boib2/vivadoProjects/registerProj/project_1/project_1.srcs/sim_1/new/src/driver.svh:]
WARNING: [filemgmt 56-199] Attempt to get parsing info during refresh. "On-the-fly" syntax checking information may be incorrect. [/home/boib2/vivadoProjects/registerProj/project_1/project_1.srcs/sim_1/new/tb_top.sv:]
WARNING: [filemgmt 56-199] Attempt to get parsing info during refresh. "On-the-fly" syntax checking information may be incorrect. [/home/boib2/vivadoProjects/registerProj/project_1/project_1.srcs/sim_1/new/src/driver.svh:]
WARNING: [filemgmt 56-199] Attempt to get parsing info during refresh. "On-the-fly" syntax checking information may be incorrect. [/home/boib2/vivadoProjects/registerProj/project_1/project_1.srcs/sim_1/new/counter_if.sv:]
WARNING: [filemgmt 56-199] Attempt to get parsing info during refresh. "On-the-fly" syntax checking information may be incorrect. [/home/boib2/vivadoProjects/registerProj/project_1/project_1.srcs/sources_1/new/programCounter.v:]
WARNING: [filemgmt 56-199] Attempt to get parsing info during refresh. "On-the-fly" syntax checking information may be incorrect. [/home/boib2/vivadoProjects/registerProj/project_1/project_1.srcs/sim_1/new/src/scoreboard.svh:]
WARNING: [filemgmt 56-199] Attempt to get parsing info during refresh. "On-the-fly" syntax checking information may be incorrect. [/home/boib2/vivadoProjects/registerProj/project_1/project_1.srcs/sim_1/new/counter_if.sv:]
WARNING: [filemgmt 56-199] Attempt to get parsing info during refresh. "On-the-fly" syntax checking information may be incorrect. [/home/boib2/vivadoProjects/registerProj/project_1/project_1.srcs/sim_1/new/counter_if.sv:]
WARNING: [filemgmt 56-199] Attempt to get parsing info during refresh. "On-the-fly" syntax checking information may be incorrect. [/home/boib2/vivadoProjects/registerProj/project_1/project_1.srcs/sim_1/new/tb_top.sv:]
WARNING: [filemgmt 56-199] Attempt to get parsing info during refresh. "On-the-fly" syntax checking information may be incorrect. [/home/boib2/vivadoProjects/registerProj/project_1/project_1.srcs/sim_1/new/src/driver.svh:]
WARNING: [filemgmt 56-199] Attempt to get parsing info during refresh. "On-the-fly" syntax checking information may be incorrect. [/home/boib2/vivadoProjects/registerProj/project_1/project_1.srcs/sim_1/new/counter_if.sv:]
WARNING: [filemgmt 56-199] Attempt to get parsing info during refresh. "On-the-fly" syntax checking information may be incorrect. [/home/boib2/vivadoProjects/registerProj/project_1/project_1.srcs/sources_1/new/programCounter.v:]
WARNING: [filemgmt 56-199] Attempt to get parsing info during refresh. "On-the-fly" syntax checking information may be incorrect. [/home/boib2/vivadoProjects/registerProj/project_1/project_1.srcs/sim_1/new/src/scoreboard.svh:]
WARNING: [filemgmt 56-199] Attempt to get parsing info during refresh. "On-the-fly" syntax checking information may be incorrect. [/home/boib2/vivadoProjects/registerProj/project_1/project_1.srcs/sim_1/new/tb_top.sv:]
WARNING: [filemgmt 56-199] Attempt to get parsing info during refresh. "On-the-fly" syntax checking information may be incorrect. [/home/boib2/vivadoProjects/registerProj/project_1/project_1.srcs/sim_1/new/tb_top.sv:]
update_compile_order -fileset sources_1
WARNING: [filemgmt 56-199] Attempt to get parsing info during refresh. "On-the-fly" syntax checking information may be incorrect. [/home/boib2/vivadoProjects/registerProj/project_1/project_1.srcs/sim_1/new/tb_top.sv:]
WARNING: [filemgmt 56-199] Attempt to get parsing info during refresh. "On-the-fly" syntax checking information may be incorrect. [/home/boib2/vivadoProjects/registerProj/project_1/project_1.srcs/sim_1/new/src/driver.svh:]
WARNING: [filemgmt 56-199] Attempt to get parsing info during refresh. "On-the-fly" syntax checking information may be incorrect. [/home/boib2/vivadoProjects/registerProj/project_1/project_1.srcs/sim_1/new/counter_if.sv:]
WARNING: [filemgmt 56-199] Attempt to get parsing info during refresh. "On-the-fly" syntax checking information may be incorrect. [/home/boib2/vivadoProjects/registerProj/project_1/project_1.srcs/sources_1/new/programCounter.v:]
WARNING: [filemgmt 56-199] Attempt to get parsing info during refresh. "On-the-fly" syntax checking information may be incorrect. [/home/boib2/vivadoProjects/registerProj/project_1/project_1.srcs/sim_1/new/src/scoreboard.svh:]
WARNING: [filemgmt 56-199] Attempt to get parsing info during refresh. "On-the-fly" syntax checking information may be incorrect. [/home/boib2/vivadoProjects/registerProj/project_1/project_1.srcs/sources_1/new/programCounter.v:]
WARNING: [filemgmt 56-199] Attempt to get parsing info during refresh. "On-the-fly" syntax checking information may be incorrect. [/home/boib2/vivadoProjects/registerProj/project_1/project_1.srcs/sources_1/new/programCounter.v:]
WARNING: [filemgmt 56-199] Attempt to get parsing info during refresh. "On-the-fly" syntax checking information may be incorrect. [/home/boib2/vivadoProjects/registerProj/project_1/project_1.srcs/sim_1/new/tb_top.sv:]
WARNING: [filemgmt 56-199] Attempt to get parsing info during refresh. "On-the-fly" syntax checking information may be incorrect. [/home/boib2/vivadoProjects/registerProj/project_1/project_1.srcs/sim_1/new/src/driver.svh:]
WARNING: [filemgmt 56-199] Attempt to get parsing info during refresh. "On-the-fly" syntax checking information may be incorrect. [/home/boib2/vivadoProjects/registerProj/project_1/project_1.srcs/sim_1/new/counter_if.sv:]
WARNING: [filemgmt 56-199] Attempt to get parsing info during refresh. "On-the-fly" syntax checking information may be incorrect. [/home/boib2/vivadoProjects/registerProj/project_1/project_1.srcs/sources_1/new/programCounter.v:]
WARNING: [filemgmt 56-199] Attempt to get parsing info during refresh. "On-the-fly" syntax checking information may be incorrect. [/home/boib2/vivadoProjects/registerProj/project_1/project_1.srcs/sim_1/new/src/scoreboard.svh:]
WARNING: [filemgmt 56-199] Attempt to get parsing info during refresh. "On-the-fly" syntax checking information may be incorrect. [/home/boib2/vivadoProjects/registerProj/project_1/project_1.srcs/sim_1/new/tb_top.sv:]
WARNING: [filemgmt 56-199] Attempt to get parsing info during refresh. "On-the-fly" syntax checking information may be incorrect. [/home/boib2/vivadoProjects/registerProj/project_1/project_1.srcs/sim_1/new/tb_top.sv:]
WARNING: [filemgmt 56-199] Attempt to get parsing info during refresh. "On-the-fly" syntax checking information may be incorrect. [/home/boib2/vivadoProjects/registerProj/project_1/project_1.srcs/sim_1/new/tb_top.sv:]
WARNING: [filemgmt 56-199] Attempt to get parsing info during refresh. "On-the-fly" syntax checking information may be incorrect. [/home/boib2/vivadoProjects/registerProj/project_1/project_1.srcs/sim_1/new/src/driver.svh:]
WARNING: [filemgmt 56-199] Attempt to get parsing info during refresh. "On-the-fly" syntax checking information may be incorrect. [/home/boib2/vivadoProjects/registerProj/project_1/project_1.srcs/sim_1/new/counter_if.sv:]
WARNING: [filemgmt 56-199] Attempt to get parsing info during refresh. "On-the-fly" syntax checking information may be incorrect. [/home/boib2/vivadoProjects/registerProj/project_1/project_1.srcs/sources_1/new/programCounter.v:]
WARNING: [filemgmt 56-199] Attempt to get parsing info during refresh. "On-the-fly" syntax checking information may be incorrect. [/home/boib2/vivadoProjects/registerProj/project_1/project_1.srcs/sim_1/new/src/scoreboard.svh:]
WARNING: [filemgmt 56-199] Attempt to get parsing info during refresh. "On-the-fly" syntax checking information may be incorrect. [/home/boib2/vivadoProjects/registerProj/project_1/project_1.srcs/sim_1/new/src/driver.svh:]
WARNING: [filemgmt 56-199] Attempt to get parsing info during refresh. "On-the-fly" syntax checking information may be incorrect. [/home/boib2/vivadoProjects/registerProj/project_1/project_1.srcs/sim_1/new/src/driver.svh:]
add_files ./sim_1/new/src/quiet_test.svh
ERROR: [Vivado 12-172] File or Directory './sim_1/new/src/quiet_test.svh' does not exist
exec "touch quiet_test.svh"
couldn't execute "touch quiet_test.svh": no such file or directory
exec touch quiet_test.svh
add_files ./sim_1/new/src/quiet_test.svh
ERROR: [Vivado 12-172] File or Directory './sim_1/new/src/quiet_test.svh' does not exist
add_files ./sim_1/new/src/quiet_test.svh
/home/boib2/vivadoProjects/registerProj/project_1/project_1.srcs/sim_1/new/src/quiet_test.svh
WARNING: [filemgmt 56-199] Attempt to get parsing info during refresh. "On-the-fly" syntax checking information may be incorrect. [/home/boib2/vivadoProjects/registerProj/project_1/project_1.srcs/sim_1/new/tb_top.sv:]
WARNING: [filemgmt 56-199] Attempt to get parsing info during refresh. "On-the-fly" syntax checking information may be incorrect. [/home/boib2/vivadoProjects/registerProj/project_1/project_1.srcs/sim_1/new/src/driver.svh:]
WARNING: [filemgmt 56-199] Attempt to get parsing info during refresh. "On-the-fly" syntax checking information may be incorrect. [/home/boib2/vivadoProjects/registerProj/project_1/project_1.srcs/sim_1/new/src/printer.svh:]
WARNING: [filemgmt 56-199] Attempt to get parsing info during refresh. "On-the-fly" syntax checking information may be incorrect. [/home/boib2/vivadoProjects/registerProj/project_1/project_1.srcs/sim_1/new/src/counter_test.svh:]
WARNING: [filemgmt 56-199] Attempt to get parsing info during refresh. "On-the-fly" syntax checking information may be incorrect. [/home/boib2/vivadoProjects/registerProj/project_1/project_1.srcs/sim_1/new/counter_if.sv:]
WARNING: [filemgmt 56-199] Attempt to get parsing info during refresh. "On-the-fly" syntax checking information may be incorrect. [/home/boib2/vivadoProjects/registerProj/project_1/project_1.srcs/sources_1/new/programCounter.v:]
WARNING: [filemgmt 56-199] Attempt to get parsing info during refresh. "On-the-fly" syntax checking information may be incorrect. [/home/boib2/vivadoProjects/registerProj/project_1/project_1.srcs/sim_1/new/src/scoreboard.svh:]
WARNING: [filemgmt 56-199] Attempt to get parsing info during refresh. "On-the-fly" syntax checking information may be incorrect. [/home/boib2/vivadoProjects/registerProj/project_1/project_1.srcs/sources_1/new/programCounter.v:]
WARNING: [filemgmt 56-199] Attempt to get parsing info during refresh. "On-the-fly" syntax checking information may be incorrect. [/home/boib2/vivadoProjects/registerProj/project_1/project_1.srcs/sources_1/new/programCounter.v:]
WARNING: [filemgmt 56-199] Attempt to get parsing info during refresh. "On-the-fly" syntax checking information may be incorrect. [/home/boib2/vivadoProjects/registerProj/project_1/project_1.srcs/sim_1/new/tb_top.sv:]
WARNING: [filemgmt 56-199] Attempt to get parsing info during refresh. "On-the-fly" syntax checking information may be incorrect. [/home/boib2/vivadoProjects/registerProj/project_1/project_1.srcs/sim_1/new/src/driver.svh:]
WARNING: [filemgmt 56-199] Attempt to get parsing info during refresh. "On-the-fly" syntax checking information may be incorrect. [/home/boib2/vivadoProjects/registerProj/project_1/project_1.srcs/sim_1/new/src/printer.svh:]
WARNING: [filemgmt 56-199] Attempt to get parsing info during refresh. "On-the-fly" syntax checking information may be incorrect. [/home/boib2/vivadoProjects/registerProj/project_1/project_1.srcs/sim_1/new/src/counter_test.svh:]
WARNING: [filemgmt 56-199] Attempt to get parsing info during refresh. "On-the-fly" syntax checking information may be incorrect. [/home/boib2/vivadoProjects/registerProj/project_1/project_1.srcs/sim_1/new/counter_if.sv:]
WARNING: [filemgmt 56-199] Attempt to get parsing info during refresh. "On-the-fly" syntax checking information may be incorrect. [/home/boib2/vivadoProjects/registerProj/project_1/project_1.srcs/sources_1/new/programCounter.v:]
WARNING: [filemgmt 56-199] Attempt to get parsing info during refresh. "On-the-fly" syntax checking information may be incorrect. [/home/boib2/vivadoProjects/registerProj/project_1/project_1.srcs/sim_1/new/src/scoreboard.svh:]
WARNING: [filemgmt 56-199] Attempt to get parsing info during refresh. "On-the-fly" syntax checking information may be incorrect. [/home/boib2/vivadoProjects/registerProj/project_1/project_1.srcs/sim_1/new/tb_top.sv:]
WARNING: [filemgmt 56-199] Attempt to get parsing info during refresh. "On-the-fly" syntax checking information may be incorrect. [/home/boib2/vivadoProjects/registerProj/project_1/project_1.srcs/sim_1/new/tb_top.sv:]
WARNING: [filemgmt 56-199] Attempt to get parsing info during refresh. "On-the-fly" syntax checking information may be incorrect. [/home/boib2/vivadoProjects/registerProj/project_1/project_1.srcs/sim_1/new/tb_top.sv:]
WARNING: [filemgmt 56-199] Attempt to get parsing info during refresh. "On-the-fly" syntax checking information may be incorrect. [/home/boib2/vivadoProjects/registerProj/project_1/project_1.srcs/sim_1/new/src/driver.svh:]
WARNING: [filemgmt 56-199] Attempt to get parsing info during refresh. "On-the-fly" syntax checking information may be incorrect. [/home/boib2/vivadoProjects/registerProj/project_1/project_1.srcs/sim_1/new/src/printer.svh:]
WARNING: [filemgmt 56-199] Attempt to get parsing info during refresh. "On-the-fly" syntax checking information may be incorrect. [/home/boib2/vivadoProjects/registerProj/project_1/project_1.srcs/sim_1/new/src/counter_test.svh:]
WARNING: [filemgmt 56-199] Attempt to get parsing info during refresh. "On-the-fly" syntax checking information may be incorrect. [/home/boib2/vivadoProjects/registerProj/project_1/project_1.srcs/sim_1/new/counter_if.sv:]
WARNING: [filemgmt 56-199] Attempt to get parsing info during refresh. "On-the-fly" syntax checking information may be incorrect. [/home/boib2/vivadoProjects/registerProj/project_1/project_1.srcs/sources_1/new/programCounter.v:]
WARNING: [filemgmt 56-199] Attempt to get parsing info during refresh. "On-the-fly" syntax checking information may be incorrect. [/home/boib2/vivadoProjects/registerProj/project_1/project_1.srcs/sim_1/new/src/scoreboard.svh:]
WARNING: [filemgmt 56-199] Attempt to get parsing info during refresh. "On-the-fly" syntax checking information may be incorrect. [/home/boib2/vivadoProjects/registerProj/project_1/project_1.srcs/sim_1/new/counter_if.sv:]
WARNING: [filemgmt 56-199] Attempt to get parsing info during refresh. "On-the-fly" syntax checking information may be incorrect. [/home/boib2/vivadoProjects/registerProj/project_1/project_1.srcs/sim_1/new/counter_if.sv:]
WARNING: [filemgmt 56-199] Attempt to get parsing info during refresh. "On-the-fly" syntax checking information may be incorrect. [/home/boib2/vivadoProjects/registerProj/project_1/project_1.srcs/sim_1/new/tb_top.sv:]
WARNING: [filemgmt 56-199] Attempt to get parsing info during refresh. "On-the-fly" syntax checking information may be incorrect. [/home/boib2/vivadoProjects/registerProj/project_1/project_1.srcs/sim_1/new/src/driver.svh:]
WARNING: [filemgmt 56-199] Attempt to get parsing info during refresh. "On-the-fly" syntax checking information may be incorrect. [/home/boib2/vivadoProjects/registerProj/project_1/project_1.srcs/sim_1/new/src/printer.svh:]
WARNING: [filemgmt 56-199] Attempt to get parsing info during refresh. "On-the-fly" syntax checking information may be incorrect. [/home/boib2/vivadoProjects/registerProj/project_1/project_1.srcs/sim_1/new/src/counter_test.svh:]
WARNING: [filemgmt 56-199] Attempt to get parsing info during refresh. "On-the-fly" syntax checking information may be incorrect. [/home/boib2/vivadoProjects/registerProj/project_1/project_1.srcs/sim_1/new/counter_if.sv:]
WARNING: [filemgmt 56-199] Attempt to get parsing info during refresh. "On-the-fly" syntax checking information may be incorrect. [/home/boib2/vivadoProjects/registerProj/project_1/project_1.srcs/sources_1/new/programCounter.v:]
WARNING: [filemgmt 56-199] Attempt to get parsing info during refresh. "On-the-fly" syntax checking information may be incorrect. [/home/boib2/vivadoProjects/registerProj/project_1/project_1.srcs/sim_1/new/src/scoreboard.svh:]
WARNING: [filemgmt 56-199] Attempt to get parsing info during refresh. "On-the-fly" syntax checking information may be incorrect. [/home/boib2/vivadoProjects/registerProj/project_1/project_1.srcs/sim_1/new/src/printer.svh:]
WARNING: [filemgmt 56-199] Attempt to get parsing info during refresh. "On-the-fly" syntax checking information may be incorrect. [/home/boib2/vivadoProjects/registerProj/project_1/project_1.srcs/sim_1/new/src/printer.svh:]
WARNING: [filemgmt 56-199] Attempt to get parsing info during refresh. "On-the-fly" syntax checking information may be incorrect. [/home/boib2/vivadoProjects/registerProj/project_1/project_1.srcs/sim_1/new/tb_top.sv:]
WARNING: [filemgmt 56-199] Attempt to get parsing info during refresh. "On-the-fly" syntax checking information may be incorrect. [/home/boib2/vivadoProjects/registerProj/project_1/project_1.srcs/sim_1/new/src/driver.svh:]
WARNING: [filemgmt 56-199] Attempt to get parsing info during refresh. "On-the-fly" syntax checking information may be incorrect. [/home/boib2/vivadoProjects/registerProj/project_1/project_1.srcs/sim_1/new/src/printer.svh:]
WARNING: [filemgmt 56-199] Attempt to get parsing info during refresh. "On-the-fly" syntax checking information may be incorrect. [/home/boib2/vivadoProjects/registerProj/project_1/project_1.srcs/sim_1/new/src/counter_test.svh:]
WARNING: [filemgmt 56-199] Attempt to get parsing info during refresh. "On-the-fly" syntax checking information may be incorrect. [/home/boib2/vivadoProjects/registerProj/project_1/project_1.srcs/sim_1/new/counter_if.sv:]
WARNING: [filemgmt 56-199] Attempt to get parsing info during refresh. "On-the-fly" syntax checking information may be incorrect. [/home/boib2/vivadoProjects/registerProj/project_1/project_1.srcs/sources_1/new/programCounter.v:]
WARNING: [filemgmt 56-199] Attempt to get parsing info during refresh. "On-the-fly" syntax checking information may be incorrect. [/home/boib2/vivadoProjects/registerProj/project_1/project_1.srcs/sim_1/new/src/scoreboard.svh:]
WARNING: [filemgmt 56-199] Attempt to get parsing info during refresh. "On-the-fly" syntax checking information may be incorrect. [/home/boib2/vivadoProjects/registerProj/project_1/project_1.srcs/sim_1/new/src/driver.svh:]
WARNING: [filemgmt 56-199] Attempt to get parsing info during refresh. "On-the-fly" syntax checking information may be incorrect. [/home/boib2/vivadoProjects/registerProj/project_1/project_1.srcs/sim_1/new/src/driver.svh:]
WARNING: [filemgmt 56-199] Attempt to get parsing info during refresh. "On-the-fly" syntax checking information may be incorrect. [/home/boib2/vivadoProjects/registerProj/project_1/project_1.srcs/sim_1/new/tb_top.sv:]
WARNING: [filemgmt 56-199] Attempt to get parsing info during refresh. "On-the-fly" syntax checking information may be incorrect. [/home/boib2/vivadoProjects/registerProj/project_1/project_1.srcs/sim_1/new/src/driver.svh:]
WARNING: [filemgmt 56-199] Attempt to get parsing info during refresh. "On-the-fly" syntax checking information may be incorrect. [/home/boib2/vivadoProjects/registerProj/project_1/project_1.srcs/sim_1/new/src/printer.svh:]
WARNING: [filemgmt 56-199] Attempt to get parsing info during refresh. "On-the-fly" syntax checking information may be incorrect. [/home/boib2/vivadoProjects/registerProj/project_1/project_1.srcs/sim_1/new/src/counter_test.svh:]
WARNING: [filemgmt 56-199] Attempt to get parsing info during refresh. "On-the-fly" syntax checking information may be incorrect. [/home/boib2/vivadoProjects/registerProj/project_1/project_1.srcs/sim_1/new/counter_if.sv:]
WARNING: [filemgmt 56-199] Attempt to get parsing info during refresh. "On-the-fly" syntax checking information may be incorrect. [/home/boib2/vivadoProjects/registerProj/project_1/project_1.srcs/sources_1/new/programCounter.v:]
WARNING: [filemgmt 56-199] Attempt to get parsing info during refresh. "On-the-fly" syntax checking information may be incorrect. [/home/boib2/vivadoProjects/registerProj/project_1/project_1.srcs/sim_1/new/src/scoreboard.svh:]
WARNING: [filemgmt 56-199] Attempt to get parsing info during refresh. "On-the-fly" syntax checking information may be incorrect. [/home/boib2/vivadoProjects/registerProj/project_1/project_1.srcs/sim_1/new/src/scoreboard.svh:]
WARNING: [filemgmt 56-199] Attempt to get parsing info during refresh. "On-the-fly" syntax checking information may be incorrect. [/home/boib2/vivadoProjects/registerProj/project_1/project_1.srcs/sim_1/new/src/scoreboard.svh:]
update_compile_order -fileset sources_1
WARNING: [filemgmt 56-199] Attempt to get parsing info during refresh. "On-the-fly" syntax checking information may be incorrect. [/home/boib2/vivadoProjects/registerProj/project_1/project_1.srcs/sim_1/new/tb_top.sv:]
WARNING: [filemgmt 56-199] Attempt to get parsing info during refresh. "On-the-fly" syntax checking information may be incorrect. [/home/boib2/vivadoProjects/registerProj/project_1/project_1.srcs/sim_1/new/src/driver.svh:]
WARNING: [filemgmt 56-199] Attempt to get parsing info during refresh. "On-the-fly" syntax checking information may be incorrect. [/home/boib2/vivadoProjects/registerProj/project_1/project_1.srcs/sim_1/new/src/printer.svh:]
WARNING: [filemgmt 56-199] Attempt to get parsing info during refresh. "On-the-fly" syntax checking information may be incorrect. [/home/boib2/vivadoProjects/registerProj/project_1/project_1.srcs/sim_1/new/src/counter_test.svh:]
WARNING: [filemgmt 56-199] Attempt to get parsing info during refresh. "On-the-fly" syntax checking information may be incorrect. [/home/boib2/vivadoProjects/registerProj/project_1/project_1.srcs/sim_1/new/counter_if.sv:]
WARNING: [filemgmt 56-199] Attempt to get parsing info during refresh. "On-the-fly" syntax checking information may be incorrect. [/home/boib2/vivadoProjects/registerProj/project_1/project_1.srcs/sources_1/new/programCounter.v:]
WARNING: [filemgmt 56-199] Attempt to get parsing info during refresh. "On-the-fly" syntax checking information may be incorrect. [/home/boib2/vivadoProjects/registerProj/project_1/project_1.srcs/sim_1/new/src/scoreboard.svh:]
WARNING: [filemgmt 56-199] Attempt to get parsing info during refresh. "On-the-fly" syntax checking information may be incorrect. [/home/boib2/vivadoProjects/registerProj/project_1/project_1.srcs/sources_1/new/programCounter.v:]
WARNING: [filemgmt 56-199] Attempt to get parsing info during refresh. "On-the-fly" syntax checking information may be incorrect. [/home/boib2/vivadoProjects/registerProj/project_1/project_1.srcs/sources_1/new/programCounter.v:]
WARNING: [filemgmt 56-199] Attempt to get parsing info during refresh. "On-the-fly" syntax checking information may be incorrect. [/home/boib2/vivadoProjects/registerProj/project_1/project_1.srcs/sim_1/new/tb_top.sv:]
WARNING: [filemgmt 56-199] Attempt to get parsing info during refresh. "On-the-fly" syntax checking information may be incorrect. [/home/boib2/vivadoProjects/registerProj/project_1/project_1.srcs/sim_1/new/src/driver.svh:]
WARNING: [filemgmt 56-199] Attempt to get parsing info during refresh. "On-the-fly" syntax checking information may be incorrect. [/home/boib2/vivadoProjects/registerProj/project_1/project_1.srcs/sim_1/new/src/printer.svh:]
WARNING: [filemgmt 56-199] Attempt to get parsing info during refresh. "On-the-fly" syntax checking information may be incorrect. [/home/boib2/vivadoProjects/registerProj/project_1/project_1.srcs/sim_1/new/src/counter_test.svh:]
WARNING: [filemgmt 56-199] Attempt to get parsing info during refresh. "On-the-fly" syntax checking information may be incorrect. [/home/boib2/vivadoProjects/registerProj/project_1/project_1.srcs/sim_1/new/counter_if.sv:]
WARNING: [filemgmt 56-199] Attempt to get parsing info during refresh. "On-the-fly" syntax checking information may be incorrect. [/home/boib2/vivadoProjects/registerProj/project_1/project_1.srcs/sources_1/new/programCounter.v:]
WARNING: [filemgmt 56-199] Attempt to get parsing info during refresh. "On-the-fly" syntax checking information may be incorrect. [/home/boib2/vivadoProjects/registerProj/project_1/project_1.srcs/sim_1/new/src/scoreboard.svh:]
WARNING: [filemgmt 56-199] Attempt to get parsing info during refresh. "On-the-fly" syntax checking information may be incorrect. [/home/boib2/vivadoProjects/registerProj/project_1/project_1.srcs/sim_1/new/tb_top.sv:]
WARNING: [filemgmt 56-199] Attempt to get parsing info during refresh. "On-the-fly" syntax checking information may be incorrect. [/home/boib2/vivadoProjects/registerProj/project_1/project_1.srcs/sim_1/new/tb_top.sv:]
WARNING: [filemgmt 56-199] Attempt to get parsing info during refresh. "On-the-fly" syntax checking information may be incorrect. [/home/boib2/vivadoProjects/registerProj/project_1/project_1.srcs/sim_1/new/tb_top.sv:]
WARNING: [filemgmt 56-199] Attempt to get parsing info during refresh. "On-the-fly" syntax checking information may be incorrect. [/home/boib2/vivadoProjects/registerProj/project_1/project_1.srcs/sim_1/new/src/driver.svh:]
WARNING: [filemgmt 56-199] Attempt to get parsing info during refresh. "On-the-fly" syntax checking information may be incorrect. [/home/boib2/vivadoProjects/registerProj/project_1/project_1.srcs/sim_1/new/src/printer.svh:]
WARNING: [filemgmt 56-199] Attempt to get parsing info during refresh. "On-the-fly" syntax checking information may be incorrect. [/home/boib2/vivadoProjects/registerProj/project_1/project_1.srcs/sim_1/new/src/counter_test.svh:]
WARNING: [filemgmt 56-199] Attempt to get parsing info during refresh. "On-the-fly" syntax checking information may be incorrect. [/home/boib2/vivadoProjects/registerProj/project_1/project_1.srcs/sim_1/new/counter_if.sv:]
WARNING: [filemgmt 56-199] Attempt to get parsing info during refresh. "On-the-fly" syntax checking information may be incorrect. [/home/boib2/vivadoProjects/registerProj/project_1/project_1.srcs/sources_1/new/programCounter.v:]
WARNING: [filemgmt 56-199] Attempt to get parsing info during refresh. "On-the-fly" syntax checking information may be incorrect. [/home/boib2/vivadoProjects/registerProj/project_1/project_1.srcs/sim_1/new/src/scoreboard.svh:]
WARNING: [filemgmt 56-199] Attempt to get parsing info during refresh. "On-the-fly" syntax checking information may be incorrect. [/home/boib2/vivadoProjects/registerProj/project_1/project_1.srcs/sim_1/new/counter_if.sv:]
WARNING: [filemgmt 56-199] Attempt to get parsing info during refresh. "On-the-fly" syntax checking information may be incorrect. [/home/boib2/vivadoProjects/registerProj/project_1/project_1.srcs/sim_1/new/counter_if.sv:]
WARNING: [filemgmt 56-199] Attempt to get parsing info during refresh. "On-the-fly" syntax checking information may be incorrect. [/home/boib2/vivadoProjects/registerProj/project_1/project_1.srcs/sim_1/new/tb_top.sv:]
WARNING: [filemgmt 56-199] Attempt to get parsing info during refresh. "On-the-fly" syntax checking information may be incorrect. [/home/boib2/vivadoProjects/registerProj/project_1/project_1.srcs/sim_1/new/src/driver.svh:]
WARNING: [filemgmt 56-199] Attempt to get parsing info during refresh. "On-the-fly" syntax checking information may be incorrect. [/home/boib2/vivadoProjects/registerProj/project_1/project_1.srcs/sim_1/new/src/printer.svh:]
WARNING: [filemgmt 56-199] Attempt to get parsing info during refresh. "On-the-fly" syntax checking information may be incorrect. [/home/boib2/vivadoProjects/registerProj/project_1/project_1.srcs/sim_1/new/src/counter_test.svh:]
WARNING: [filemgmt 56-199] Attempt to get parsing info during refresh. "On-the-fly" syntax checking information may be incorrect. [/home/boib2/vivadoProjects/registerProj/project_1/project_1.srcs/sim_1/new/counter_if.sv:]
WARNING: [filemgmt 56-199] Attempt to get parsing info during refresh. "On-the-fly" syntax checking information may be incorrect. [/home/boib2/vivadoProjects/registerProj/project_1/project_1.srcs/sources_1/new/programCounter.v:]
WARNING: [filemgmt 56-199] Attempt to get parsing info during refresh. "On-the-fly" syntax checking information may be incorrect. [/home/boib2/vivadoProjects/registerProj/project_1/project_1.srcs/sim_1/new/src/scoreboard.svh:]
WARNING: [filemgmt 56-199] Attempt to get parsing info during refresh. "On-the-fly" syntax checking information may be incorrect. [/home/boib2/vivadoProjects/registerProj/project_1/project_1.srcs/sim_1/new/src/printer.svh:]
WARNING: [filemgmt 56-199] Attempt to get parsing info during refresh. "On-the-fly" syntax checking information may be incorrect. [/home/boib2/vivadoProjects/registerProj/project_1/project_1.srcs/sim_1/new/src/printer.svh:]
WARNING: [filemgmt 56-199] Attempt to get parsing info during refresh. "On-the-fly" syntax checking information may be incorrect. [/home/boib2/vivadoProjects/registerProj/project_1/project_1.srcs/sim_1/new/tb_top.sv:]
WARNING: [filemgmt 56-199] Attempt to get parsing info during refresh. "On-the-fly" syntax checking information may be incorrect. [/home/boib2/vivadoProjects/registerProj/project_1/project_1.srcs/sim_1/new/src/driver.svh:]
WARNING: [filemgmt 56-199] Attempt to get parsing info during refresh. "On-the-fly" syntax checking information may be incorrect. [/home/boib2/vivadoProjects/registerProj/project_1/project_1.srcs/sim_1/new/src/printer.svh:]
WARNING: [filemgmt 56-199] Attempt to get parsing info during refresh. "On-the-fly" syntax checking information may be incorrect. [/home/boib2/vivadoProjects/registerProj/project_1/project_1.srcs/sim_1/new/src/counter_test.svh:]
WARNING: [filemgmt 56-199] Attempt to get parsing info during refresh. "On-the-fly" syntax checking information may be incorrect. [/home/boib2/vivadoProjects/registerProj/project_1/project_1.srcs/sim_1/new/counter_if.sv:]
WARNING: [filemgmt 56-199] Attempt to get parsing info during refresh. "On-the-fly" syntax checking information may be incorrect. [/home/boib2/vivadoProjects/registerProj/project_1/project_1.srcs/sources_1/new/programCounter.v:]
WARNING: [filemgmt 56-199] Attempt to get parsing info during refresh. "On-the-fly" syntax checking information may be incorrect. [/home/boib2/vivadoProjects/registerProj/project_1/project_1.srcs/sim_1/new/src/scoreboard.svh:]
WARNING: [filemgmt 56-199] Attempt to get parsing info during refresh. "On-the-fly" syntax checking information may be incorrect. [/home/boib2/vivadoProjects/registerProj/project_1/project_1.srcs/sim_1/new/src/driver.svh:]
WARNING: [filemgmt 56-199] Attempt to get parsing info during refresh. "On-the-fly" syntax checking information may be incorrect. [/home/boib2/vivadoProjects/registerProj/project_1/project_1.srcs/sim_1/new/src/driver.svh:]
WARNING: [filemgmt 56-199] Attempt to get parsing info during refresh. "On-the-fly" syntax checking information may be incorrect. [/home/boib2/vivadoProjects/registerProj/project_1/project_1.srcs/sim_1/new/tb_top.sv:]
WARNING: [filemgmt 56-199] Attempt to get parsing info during refresh. "On-the-fly" syntax checking information may be incorrect. [/home/boib2/vivadoProjects/registerProj/project_1/project_1.srcs/sim_1/new/src/driver.svh:]
WARNING: [filemgmt 56-199] Attempt to get parsing info during refresh. "On-the-fly" syntax checking information may be incorrect. [/home/boib2/vivadoProjects/registerProj/project_1/project_1.srcs/sim_1/new/src/printer.svh:]
WARNING: [filemgmt 56-199] Attempt to get parsing info during refresh. "On-the-fly" syntax checking information may be incorrect. [/home/boib2/vivadoProjects/registerProj/project_1/project_1.srcs/sim_1/new/src/counter_test.svh:]
WARNING: [filemgmt 56-199] Attempt to get parsing info during refresh. "On-the-fly" syntax checking information may be incorrect. [/home/boib2/vivadoProjects/registerProj/project_1/project_1.srcs/sim_1/new/counter_if.sv:]
WARNING: [filemgmt 56-199] Attempt to get parsing info during refresh. "On-the-fly" syntax checking information may be incorrect. [/home/boib2/vivadoProjects/registerProj/project_1/project_1.srcs/sources_1/new/programCounter.v:]
WARNING: [filemgmt 56-199] Attempt to get parsing info during refresh. "On-the-fly" syntax checking information may be incorrect. [/home/boib2/vivadoProjects/registerProj/project_1/project_1.srcs/sim_1/new/src/scoreboard.svh:]
WARNING: [filemgmt 56-199] Attempt to get parsing info during refresh. "On-the-fly" syntax checking information may be incorrect. [/home/boib2/vivadoProjects/registerProj/project_1/project_1.srcs/sim_1/new/src/scoreboard.svh:]
WARNING: [filemgmt 56-199] Attempt to get parsing info during refresh. "On-the-fly" syntax checking information may be incorrect. [/home/boib2/vivadoProjects/registerProj/project_1/project_1.srcs/sim_1/new/src/scoreboard.svh:]
WARNING: [filemgmt 56-199] Attempt to get parsing info during refresh. "On-the-fly" syntax checking information may be incorrect. [/home/boib2/vivadoProjects/registerProj/project_1/project_1.srcs/sim_1/new/tb_top.sv:]
WARNING: [filemgmt 56-199] Attempt to get parsing info during refresh. "On-the-fly" syntax checking information may be incorrect. [/home/boib2/vivadoProjects/registerProj/project_1/project_1.srcs/sim_1/new/src/driver.svh:]
WARNING: [filemgmt 56-199] Attempt to get parsing info during refresh. "On-the-fly" syntax checking information may be incorrect. [/home/boib2/vivadoProjects/registerProj/project_1/project_1.srcs/sim_1/new/src/printer.svh:]
WARNING: [filemgmt 56-199] Attempt to get parsing info during refresh. "On-the-fly" syntax checking information may be incorrect. [/home/boib2/vivadoProjects/registerProj/project_1/project_1.srcs/sim_1/new/src/counter_test.svh:]
WARNING: [filemgmt 56-199] Attempt to get parsing info during refresh. "On-the-fly" syntax checking information may be incorrect. [/home/boib2/vivadoProjects/registerProj/project_1/project_1.srcs/sim_1/new/counter_if.sv:]
WARNING: [filemgmt 56-199] Attempt to get parsing info during refresh. "On-the-fly" syntax checking information may be incorrect. [/home/boib2/vivadoProjects/registerProj/project_1/project_1.srcs/sim_1/new/src/quiet_test.svh:]
WARNING: [filemgmt 56-199] Attempt to get parsing info during refresh. "On-the-fly" syntax checking information may be incorrect. [/home/boib2/vivadoProjects/registerProj/project_1/project_1.srcs/sources_1/new/programCounter.v:]
WARNING: [filemgmt 56-199] Attempt to get parsing info during refresh. "On-the-fly" syntax checking information may be incorrect. [/home/boib2/vivadoProjects/registerProj/project_1/project_1.srcs/sim_1/new/src/scoreboard.svh:]
WARNING: [filemgmt 56-199] Attempt to get parsing info during refresh. "On-the-fly" syntax checking information may be incorrect. [/home/boib2/vivadoProjects/registerProj/project_1/project_1.srcs/sim_1/new/counter_if.sv:]
WARNING: [filemgmt 56-199] Attempt to get parsing info during refresh. "On-the-fly" syntax checking information may be incorrect. [/home/boib2/vivadoProjects/registerProj/project_1/project_1.srcs/sim_1/new/counter_if.sv:]
WARNING: [filemgmt 56-199] Attempt to get parsing info during refresh. "On-the-fly" syntax checking information may be incorrect. [/home/boib2/vivadoProjects/registerProj/project_1/project_1.srcs/sim_1/new/tb_top.sv:]
WARNING: [filemgmt 56-199] Attempt to get parsing info during refresh. "On-the-fly" syntax checking information may be incorrect. [/home/boib2/vivadoProjects/registerProj/project_1/project_1.srcs/sim_1/new/src/driver.svh:]
WARNING: [filemgmt 56-199] Attempt to get parsing info during refresh. "On-the-fly" syntax checking information may be incorrect. [/home/boib2/vivadoProjects/registerProj/project_1/project_1.srcs/sim_1/new/src/printer.svh:]
WARNING: [filemgmt 56-199] Attempt to get parsing info during refresh. "On-the-fly" syntax checking information may be incorrect. [/home/boib2/vivadoProjects/registerProj/project_1/project_1.srcs/sim_1/new/src/counter_test.svh:]
WARNING: [filemgmt 56-199] Attempt to get parsing info during refresh. "On-the-fly" syntax checking information may be incorrect. [/home/boib2/vivadoProjects/registerProj/project_1/project_1.srcs/sim_1/new/counter_if.sv:]
WARNING: [filemgmt 56-199] Attempt to get parsing info during refresh. "On-the-fly" syntax checking information may be incorrect. [/home/boib2/vivadoProjects/registerProj/project_1/project_1.srcs/sim_1/new/src/quiet_test.svh:]
WARNING: [filemgmt 56-199] Attempt to get parsing info during refresh. "On-the-fly" syntax checking information may be incorrect. [/home/boib2/vivadoProjects/registerProj/project_1/project_1.srcs/sources_1/new/programCounter.v:]
WARNING: [filemgmt 56-199] Attempt to get parsing info during refresh. "On-the-fly" syntax checking information may be incorrect. [/home/boib2/vivadoProjects/registerProj/project_1/project_1.srcs/sim_1/new/src/scoreboard.svh:]
WARNING: [filemgmt 56-199] Attempt to get parsing info during refresh. "On-the-fly" syntax checking information may be incorrect. [/home/boib2/vivadoProjects/registerProj/project_1/project_1.srcs/sim_1/new/src/driver.svh:]
WARNING: [filemgmt 56-199] Attempt to get parsing info during refresh. "On-the-fly" syntax checking information may be incorrect. [/home/boib2/vivadoProjects/registerProj/project_1/project_1.srcs/sim_1/new/src/driver.svh:]
WARNING: [filemgmt 56-199] Attempt to get parsing info during refresh. "On-the-fly" syntax checking information may be incorrect. [/home/boib2/vivadoProjects/registerProj/project_1/project_1.srcs/sim_1/new/tb_top.sv:]
WARNING: [filemgmt 56-199] Attempt to get parsing info during refresh. "On-the-fly" syntax checking information may be incorrect. [/home/boib2/vivadoProjects/registerProj/project_1/project_1.srcs/sim_1/new/src/driver.svh:]
WARNING: [filemgmt 56-199] Attempt to get parsing info during refresh. "On-the-fly" syntax checking information may be incorrect. [/home/boib2/vivadoProjects/registerProj/project_1/project_1.srcs/sim_1/new/src/printer.svh:]
WARNING: [filemgmt 56-199] Attempt to get parsing info during refresh. "On-the-fly" syntax checking information may be incorrect. [/home/boib2/vivadoProjects/registerProj/project_1/project_1.srcs/sim_1/new/src/counter_test.svh:]
WARNING: [filemgmt 56-199] Attempt to get parsing info during refresh. "On-the-fly" syntax checking information may be incorrect. [/home/boib2/vivadoProjects/registerProj/project_1/project_1.srcs/sim_1/new/counter_if.sv:]
WARNING: [filemgmt 56-199] Attempt to get parsing info during refresh. "On-the-fly" syntax checking information may be incorrect. [/home/boib2/vivadoProjects/registerProj/project_1/project_1.srcs/sim_1/new/src/quiet_test.svh:]
WARNING: [filemgmt 56-199] Attempt to get parsing info during refresh. "On-the-fly" syntax checking information may be incorrect. [/home/boib2/vivadoProjects/registerProj/project_1/project_1.srcs/sources_1/new/programCounter.v:]
WARNING: [filemgmt 56-199] Attempt to get parsing info during refresh. "On-the-fly" syntax checking information may be incorrect. [/home/boib2/vivadoProjects/registerProj/project_1/project_1.srcs/sim_1/new/src/scoreboard.svh:]
WARNING: [filemgmt 56-199] Attempt to get parsing info during refresh. "On-the-fly" syntax checking information may be incorrect. [/home/boib2/vivadoProjects/registerProj/project_1/project_1.srcs/sources_1/new/programCounter.v:]
WARNING: [filemgmt 56-199] Attempt to get parsing info during refresh. "On-the-fly" syntax checking information may be incorrect. [/home/boib2/vivadoProjects/registerProj/project_1/project_1.srcs/sources_1/new/programCounter.v:]
WARNING: [filemgmt 56-199] Attempt to get parsing info during refresh. "On-the-fly" syntax checking information may be incorrect. [/home/boib2/vivadoProjects/registerProj/project_1/project_1.srcs/sim_1/new/tb_top.sv:]
WARNING: [filemgmt 56-199] Attempt to get parsing info during refresh. "On-the-fly" syntax checking information may be incorrect. [/home/boib2/vivadoProjects/registerProj/project_1/project_1.srcs/sim_1/new/src/driver.svh:]
WARNING: [filemgmt 56-199] Attempt to get parsing info during refresh. "On-the-fly" syntax checking information may be incorrect. [/home/boib2/vivadoProjects/registerProj/project_1/project_1.srcs/sim_1/new/src/printer.svh:]
WARNING: [filemgmt 56-199] Attempt to get parsing info during refresh. "On-the-fly" syntax checking information may be incorrect. [/home/boib2/vivadoProjects/registerProj/project_1/project_1.srcs/sim_1/new/src/counter_test.svh:]
WARNING: [filemgmt 56-199] Attempt to get parsing info during refresh. "On-the-fly" syntax checking information may be incorrect. [/home/boib2/vivadoProjects/registerProj/project_1/project_1.srcs/sim_1/new/counter_if.sv:]
WARNING: [filemgmt 56-199] Attempt to get parsing info during refresh. "On-the-fly" syntax checking information may be incorrect. [/home/boib2/vivadoProjects/registerProj/project_1/project_1.srcs/sim_1/new/src/quiet_test.svh:]
WARNING: [filemgmt 56-199] Attempt to get parsing info during refresh. "On-the-fly" syntax checking information may be incorrect. [/home/boib2/vivadoProjects/registerProj/project_1/project_1.srcs/sources_1/new/programCounter.v:]
WARNING: [filemgmt 56-199] Attempt to get parsing info during refresh. "On-the-fly" syntax checking information may be incorrect. [/home/boib2/vivadoProjects/registerProj/project_1/project_1.srcs/sim_1/new/src/scoreboard.svh:]
WARNING: [filemgmt 56-199] Attempt to get parsing info during refresh. "On-the-fly" syntax checking information may be incorrect. [/home/boib2/vivadoProjects/registerProj/project_1/project_1.srcs/sim_1/new/src/printer.svh:]
WARNING: [filemgmt 56-199] Attempt to get parsing info during refresh. "On-the-fly" syntax checking information may be incorrect. [/home/boib2/vivadoProjects/registerProj/project_1/project_1.srcs/sim_1/new/src/printer.svh:]
WARNING: [filemgmt 56-199] Attempt to get parsing info during refresh. "On-the-fly" syntax checking information may be incorrect. [/home/boib2/vivadoProjects/registerProj/project_1/project_1.srcs/sim_1/new/tb_top.sv:]
WARNING: [filemgmt 56-199] Attempt to get parsing info during refresh. "On-the-fly" syntax checking information may be incorrect. [/home/boib2/vivadoProjects/registerProj/project_1/project_1.srcs/sim_1/new/src/driver.svh:]
WARNING: [filemgmt 56-199] Attempt to get parsing info during refresh. "On-the-fly" syntax checking information may be incorrect. [/home/boib2/vivadoProjects/registerProj/project_1/project_1.srcs/sim_1/new/src/printer.svh:]
WARNING: [filemgmt 56-199] Attempt to get parsing info during refresh. "On-the-fly" syntax checking information may be incorrect. [/home/boib2/vivadoProjects/registerProj/project_1/project_1.srcs/sim_1/new/src/counter_test.svh:]
WARNING: [filemgmt 56-199] Attempt to get parsing info during refresh. "On-the-fly" syntax checking information may be incorrect. [/home/boib2/vivadoProjects/registerProj/project_1/project_1.srcs/sim_1/new/counter_if.sv:]
WARNING: [filemgmt 56-199] Attempt to get parsing info during refresh. "On-the-fly" syntax checking information may be incorrect. [/home/boib2/vivadoProjects/registerProj/project_1/project_1.srcs/sim_1/new/src/quiet_test.svh:]
WARNING: [filemgmt 56-199] Attempt to get parsing info during refresh. "On-the-fly" syntax checking information may be incorrect. [/home/boib2/vivadoProjects/registerProj/project_1/project_1.srcs/sources_1/new/programCounter.v:]
WARNING: [filemgmt 56-199] Attempt to get parsing info during refresh. "On-the-fly" syntax checking information may be incorrect. [/home/boib2/vivadoProjects/registerProj/project_1/project_1.srcs/sim_1/new/src/scoreboard.svh:]
WARNING: [filemgmt 56-199] Attempt to get parsing info during refresh. "On-the-fly" syntax checking information may be incorrect. [/home/boib2/vivadoProjects/registerProj/project_1/project_1.srcs/sim_1/new/tb_top.sv:]
WARNING: [filemgmt 56-199] Attempt to get parsing info during refresh. "On-the-fly" syntax checking information may be incorrect. [/home/boib2/vivadoProjects/registerProj/project_1/project_1.srcs/sim_1/new/tb_top.sv:]
WARNING: [filemgmt 56-199] Attempt to get parsing info during refresh. "On-the-fly" syntax checking information may be incorrect. [/home/boib2/vivadoProjects/registerProj/project_1/project_1.srcs/sim_1/new/tb_top.sv:]
WARNING: [filemgmt 56-199] Attempt to get parsing info during refresh. "On-the-fly" syntax checking information may be incorrect. [/home/boib2/vivadoProjects/registerProj/project_1/project_1.srcs/sim_1/new/src/driver.svh:]
WARNING: [filemgmt 56-199] Attempt to get parsing info during refresh. "On-the-fly" syntax checking information may be incorrect. [/home/boib2/vivadoProjects/registerProj/project_1/project_1.srcs/sim_1/new/src/printer.svh:]
WARNING: [filemgmt 56-199] Attempt to get parsing info during refresh. "On-the-fly" syntax checking information may be incorrect. [/home/boib2/vivadoProjects/registerProj/project_1/project_1.srcs/sim_1/new/src/counter_test.svh:]
WARNING: [filemgmt 56-199] Attempt to get parsing info during refresh. "On-the-fly" syntax checking information may be incorrect. [/home/boib2/vivadoProjects/registerProj/project_1/project_1.srcs/sim_1/new/counter_if.sv:]
WARNING: [filemgmt 56-199] Attempt to get parsing info during refresh. "On-the-fly" syntax checking information may be incorrect. [/home/boib2/vivadoProjects/registerProj/project_1/project_1.srcs/sim_1/new/src/quiet_test.svh:]
WARNING: [filemgmt 56-199] Attempt to get parsing info during refresh. "On-the-fly" syntax checking information may be incorrect. [/home/boib2/vivadoProjects/registerProj/project_1/project_1.srcs/sources_1/new/programCounter.v:]
WARNING: [filemgmt 56-199] Attempt to get parsing info during refresh. "On-the-fly" syntax checking information may be incorrect. [/home/boib2/vivadoProjects/registerProj/project_1/project_1.srcs/sim_1/new/src/scoreboard.svh:]
WARNING: [filemgmt 56-199] Attempt to get parsing info during refresh. "On-the-fly" syntax checking information may be incorrect. [/home/boib2/vivadoProjects/registerProj/project_1/project_1.srcs/sim_1/new/src/quiet_test.svh:]
WARNING: [filemgmt 56-199] Attempt to get parsing info during refresh. "On-the-fly" syntax checking information may be incorrect. [/home/boib2/vivadoProjects/registerProj/project_1/project_1.srcs/sim_1/new/src/quiet_test.svh:]
WARNING: [filemgmt 56-199] Attempt to get parsing info during refresh. "On-the-fly" syntax checking information may be incorrect. [/home/boib2/vivadoProjects/registerProj/project_1/project_1.srcs/sim_1/new/tb_top.sv:]
WARNING: [filemgmt 56-199] Attempt to get parsing info during refresh. "On-the-fly" syntax checking information may be incorrect. [/home/boib2/vivadoProjects/registerProj/project_1/project_1.srcs/sim_1/new/src/driver.svh:]
WARNING: [filemgmt 56-199] Attempt to get parsing info during refresh. "On-the-fly" syntax checking information may be incorrect. [/home/boib2/vivadoProjects/registerProj/project_1/project_1.srcs/sim_1/new/src/printer.svh:]
WARNING: [filemgmt 56-199] Attempt to get parsing info during refresh. "On-the-fly" syntax checking information may be incorrect. [/home/boib2/vivadoProjects/registerProj/project_1/project_1.srcs/sim_1/new/src/counter_test.svh:]
WARNING: [filemgmt 56-199] Attempt to get parsing info during refresh. "On-the-fly" syntax checking information may be incorrect. [/home/boib2/vivadoProjects/registerProj/project_1/project_1.srcs/sim_1/new/counter_if.sv:]
WARNING: [filemgmt 56-199] Attempt to get parsing info during refresh. "On-the-fly" syntax checking information may be incorrect. [/home/boib2/vivadoProjects/registerProj/project_1/project_1.srcs/sim_1/new/src/quiet_test.svh:]
WARNING: [filemgmt 56-199] Attempt to get parsing info during refresh. "On-the-fly" syntax checking information may be incorrect. [/home/boib2/vivadoProjects/registerProj/project_1/project_1.srcs/sources_1/new/programCounter.v:]
WARNING: [filemgmt 56-199] Attempt to get parsing info during refresh. "On-the-fly" syntax checking information may be incorrect. [/home/boib2/vivadoProjects/registerProj/project_1/project_1.srcs/sim_1/new/src/scoreboard.svh:]
WARNING: [filemgmt 56-199] Attempt to get parsing info during refresh. "On-the-fly" syntax checking information may be incorrect. [/home/boib2/vivadoProjects/registerProj/project_1/project_1.srcs/sim_1/new/src/scoreboard.svh:]
WARNING: [filemgmt 56-199] Attempt to get parsing info during refresh. "On-the-fly" syntax checking information may be incorrect. [/home/boib2/vivadoProjects/registerProj/project_1/project_1.srcs/sim_1/new/src/scoreboard.svh:]
add_files ./sim_1/new/src/agent_with_interface.svh
/home/boib2/vivadoProjects/registerProj/project_1/project_1.srcs/sim_1/new/src/agent_with_interface.svh
WARNING: [filemgmt 56-199] Attempt to get parsing info during refresh. "On-the-fly" syntax checking information may be incorrect. [/home/boib2/vivadoProjects/registerProj/project_1/project_1.srcs/sim_1/new/tb_top.sv:]
WARNING: [filemgmt 56-199] Attempt to get parsing info during refresh. "On-the-fly" syntax checking information may be incorrect. [/home/boib2/vivadoProjects/registerProj/project_1/project_1.srcs/sim_1/new/src/driver.svh:]
WARNING: [filemgmt 56-199] Attempt to get parsing info during refresh. "On-the-fly" syntax checking information may be incorrect. [/home/boib2/vivadoProjects/registerProj/project_1/project_1.srcs/sim_1/new/src/printer.svh:]
WARNING: [filemgmt 56-199] Attempt to get parsing info during refresh. "On-the-fly" syntax checking information may be incorrect. [/home/boib2/vivadoProjects/registerProj/project_1/project_1.srcs/sim_1/new/src/counter_test.svh:]
WARNING: [filemgmt 56-199] Attempt to get parsing info during refresh. "On-the-fly" syntax checking information may be incorrect. [/home/boib2/vivadoProjects/registerProj/project_1/project_1.srcs/sim_1/new/src/counter_env.svh:]
WARNING: [filemgmt 56-199] Attempt to get parsing info during refresh. "On-the-fly" syntax checking information may be incorrect. [/home/boib2/vivadoProjects/registerProj/project_1/project_1.srcs/sim_1/new/counter_pkg.sv:]
WARNING: [filemgmt 56-199] Attempt to get parsing info during refresh. "On-the-fly" syntax checking information may be incorrect. [/home/boib2/vivadoProjects/registerProj/project_1/project_1.srcs/sim_1/new/counter_if.sv:]
WARNING: [filemgmt 56-199] Attempt to get parsing info during refresh. "On-the-fly" syntax checking information may be incorrect. [/home/boib2/vivadoProjects/registerProj/project_1/project_1.srcs/sim_1/new/src/quiet_test.svh:]
WARNING: [filemgmt 56-199] Attempt to get parsing info during refresh. "On-the-fly" syntax checking information may be incorrect. [/home/boib2/vivadoProjects/registerProj/project_1/project_1.srcs/sources_1/new/programCounter.v:]
WARNING: [filemgmt 56-199] Attempt to get parsing info during refresh. "On-the-fly" syntax checking information may be incorrect. [/home/boib2/vivadoProjects/registerProj/project_1/project_1.srcs/sim_1/new/src/scoreboard.svh:]
WARNING: [filemgmt 56-199] Attempt to get parsing info during refresh. "On-the-fly" syntax checking information may be incorrect. [/home/boib2/vivadoProjects/registerProj/project_1/project_1.srcs/sim_1/new/counter_if.sv:]
WARNING: [filemgmt 56-199] Attempt to get parsing info during refresh. "On-the-fly" syntax checking information may be incorrect. [/home/boib2/vivadoProjects/registerProj/project_1/project_1.srcs/sim_1/new/counter_if.sv:]
WARNING: [filemgmt 56-199] Attempt to get parsing info during refresh. "On-the-fly" syntax checking information may be incorrect. [/home/boib2/vivadoProjects/registerProj/project_1/project_1.srcs/sim_1/new/tb_top.sv:]
WARNING: [filemgmt 56-199] Attempt to get parsing info during refresh. "On-the-fly" syntax checking information may be incorrect. [/home/boib2/vivadoProjects/registerProj/project_1/project_1.srcs/sim_1/new/src/driver.svh:]
WARNING: [filemgmt 56-199] Attempt to get parsing info during refresh. "On-the-fly" syntax checking information may be incorrect. [/home/boib2/vivadoProjects/registerProj/project_1/project_1.srcs/sim_1/new/src/printer.svh:]
WARNING: [filemgmt 56-199] Attempt to get parsing info during refresh. "On-the-fly" syntax checking information may be incorrect. [/home/boib2/vivadoProjects/registerProj/project_1/project_1.srcs/sim_1/new/src/counter_test.svh:]
WARNING: [filemgmt 56-199] Attempt to get parsing info during refresh. "On-the-fly" syntax checking information may be incorrect. [/home/boib2/vivadoProjects/registerProj/project_1/project_1.srcs/sim_1/new/src/counter_env.svh:]
WARNING: [filemgmt 56-199] Attempt to get parsing info during refresh. "On-the-fly" syntax checking information may be incorrect. [/home/boib2/vivadoProjects/registerProj/project_1/project_1.srcs/sim_1/new/counter_pkg.sv:]
WARNING: [filemgmt 56-199] Attempt to get parsing info during refresh. "On-the-fly" syntax checking information may be incorrect. [/home/boib2/vivadoProjects/registerProj/project_1/project_1.srcs/sim_1/new/counter_if.sv:]
WARNING: [filemgmt 56-199] Attempt to get parsing info during refresh. "On-the-fly" syntax checking information may be incorrect. [/home/boib2/vivadoProjects/registerProj/project_1/project_1.srcs/sim_1/new/src/quiet_test.svh:]
WARNING: [filemgmt 56-199] Attempt to get parsing info during refresh. "On-the-fly" syntax checking information may be incorrect. [/home/boib2/vivadoProjects/registerProj/project_1/project_1.srcs/sources_1/new/programCounter.v:]
WARNING: [filemgmt 56-199] Attempt to get parsing info during refresh. "On-the-fly" syntax checking information may be incorrect. [/home/boib2/vivadoProjects/registerProj/project_1/project_1.srcs/sim_1/new/src/scoreboard.svh:]
WARNING: [filemgmt 56-199] Attempt to get parsing info during refresh. "On-the-fly" syntax checking information may be incorrect. [/home/boib2/vivadoProjects/registerProj/project_1/project_1.srcs/sim_1/new/tb_top.sv:]
WARNING: [filemgmt 56-199] Attempt to get parsing info during refresh. "On-the-fly" syntax checking information may be incorrect. [/home/boib2/vivadoProjects/registerProj/project_1/project_1.srcs/sim_1/new/tb_top.sv:]
WARNING: [filemgmt 56-199] Attempt to get parsing info during refresh. "On-the-fly" syntax checking information may be incorrect. [/home/boib2/vivadoProjects/registerProj/project_1/project_1.srcs/sim_1/new/tb_top.sv:]
WARNING: [filemgmt 56-199] Attempt to get parsing info during refresh. "On-the-fly" syntax checking information may be incorrect. [/home/boib2/vivadoProjects/registerProj/project_1/project_1.srcs/sim_1/new/src/driver.svh:]
WARNING: [filemgmt 56-199] Attempt to get parsing info during refresh. "On-the-fly" syntax checking information may be incorrect. [/home/boib2/vivadoProjects/registerProj/project_1/project_1.srcs/sim_1/new/src/printer.svh:]
WARNING: [filemgmt 56-199] Attempt to get parsing info during refresh. "On-the-fly" syntax checking information may be incorrect. [/home/boib2/vivadoProjects/registerProj/project_1/project_1.srcs/sim_1/new/src/counter_test.svh:]
WARNING: [filemgmt 56-199] Attempt to get parsing info during refresh. "On-the-fly" syntax checking information may be incorrect. [/home/boib2/vivadoProjects/registerProj/project_1/project_1.srcs/sim_1/new/src/counter_env.svh:]
WARNING: [filemgmt 56-199] Attempt to get parsing info during refresh. "On-the-fly" syntax checking information may be incorrect. [/home/boib2/vivadoProjects/registerProj/project_1/project_1.srcs/sim_1/new/counter_pkg.sv:]
WARNING: [filemgmt 56-199] Attempt to get parsing info during refresh. "On-the-fly" syntax checking information may be incorrect. [/home/boib2/vivadoProjects/registerProj/project_1/project_1.srcs/sim_1/new/counter_if.sv:]
WARNING: [filemgmt 56-199] Attempt to get parsing info during refresh. "On-the-fly" syntax checking information may be incorrect. [/home/boib2/vivadoProjects/registerProj/project_1/project_1.srcs/sim_1/new/src/quiet_test.svh:]
WARNING: [filemgmt 56-199] Attempt to get parsing info during refresh. "On-the-fly" syntax checking information may be incorrect. [/home/boib2/vivadoProjects/registerProj/project_1/project_1.srcs/sources_1/new/programCounter.v:]
WARNING: [filemgmt 56-199] Attempt to get parsing info during refresh. "On-the-fly" syntax checking information may be incorrect. [/home/boib2/vivadoProjects/registerProj/project_1/project_1.srcs/sim_1/new/src/scoreboard.svh:]
WARNING: [filemgmt 56-199] Attempt to get parsing info during refresh. "On-the-fly" syntax checking information may be incorrect. [/home/boib2/vivadoProjects/registerProj/project_1/project_1.srcs/sim_1/new/src/scoreboard.svh:]
WARNING: [filemgmt 56-199] Attempt to get parsing info during refresh. "On-the-fly" syntax checking information may be incorrect. [/home/boib2/vivadoProjects/registerProj/project_1/project_1.srcs/sim_1/new/src/scoreboard.svh:]
WARNING: [filemgmt 56-199] Attempt to get parsing info during refresh. "On-the-fly" syntax checking information may be incorrect. [/home/boib2/vivadoProjects/registerProj/project_1/project_1.srcs/sim_1/new/tb_top.sv:]
WARNING: [filemgmt 56-199] Attempt to get parsing info during refresh. "On-the-fly" syntax checking information may be incorrect. [/home/boib2/vivadoProjects/registerProj/project_1/project_1.srcs/sim_1/new/src/driver.svh:]
WARNING: [filemgmt 56-199] Attempt to get parsing info during refresh. "On-the-fly" syntax checking information may be incorrect. [/home/boib2/vivadoProjects/registerProj/project_1/project_1.srcs/sim_1/new/src/printer.svh:]
WARNING: [filemgmt 56-199] Attempt to get parsing info during refresh. "On-the-fly" syntax checking information may be incorrect. [/home/boib2/vivadoProjects/registerProj/project_1/project_1.srcs/sim_1/new/src/counter_test.svh:]
WARNING: [filemgmt 56-199] Attempt to get parsing info during refresh. "On-the-fly" syntax checking information may be incorrect. [/home/boib2/vivadoProjects/registerProj/project_1/project_1.srcs/sim_1/new/src/counter_env.svh:]
WARNING: [filemgmt 56-199] Attempt to get parsing info during refresh. "On-the-fly" syntax checking information may be incorrect. [/home/boib2/vivadoProjects/registerProj/project_1/project_1.srcs/sim_1/new/counter_pkg.sv:]
WARNING: [filemgmt 56-199] Attempt to get parsing info during refresh. "On-the-fly" syntax checking information may be incorrect. [/home/boib2/vivadoProjects/registerProj/project_1/project_1.srcs/sim_1/new/counter_if.sv:]
WARNING: [filemgmt 56-199] Attempt to get parsing info during refresh. "On-the-fly" syntax checking information may be incorrect. [/home/boib2/vivadoProjects/registerProj/project_1/project_1.srcs/sim_1/new/src/quiet_test.svh:]
WARNING: [filemgmt 56-199] Attempt to get parsing info during refresh. "On-the-fly" syntax checking information may be incorrect. [/home/boib2/vivadoProjects/registerProj/project_1/project_1.srcs/sources_1/new/programCounter.v:]
WARNING: [filemgmt 56-199] Attempt to get parsing info during refresh. "On-the-fly" syntax checking information may be incorrect. [/home/boib2/vivadoProjects/registerProj/project_1/project_1.srcs/sim_1/new/src/scoreboard.svh:]
WARNING: [filemgmt 56-199] Attempt to get parsing info during refresh. "On-the-fly" syntax checking information may be incorrect. [/home/boib2/vivadoProjects/registerProj/project_1/project_1.srcs/sources_1/new/programCounter.v:]
WARNING: [filemgmt 56-199] Attempt to get parsing info during refresh. "On-the-fly" syntax checking information may be incorrect. [/home/boib2/vivadoProjects/registerProj/project_1/project_1.srcs/sources_1/new/programCounter.v:]
WARNING: [filemgmt 56-199] Attempt to get parsing info during refresh. "On-the-fly" syntax checking information may be incorrect. [/home/boib2/vivadoProjects/registerProj/project_1/project_1.srcs/sim_1/new/tb_top.sv:]
WARNING: [filemgmt 56-199] Attempt to get parsing info during refresh. "On-the-fly" syntax checking information may be incorrect. [/home/boib2/vivadoProjects/registerProj/project_1/project_1.srcs/sim_1/new/src/driver.svh:]
WARNING: [filemgmt 56-199] Attempt to get parsing info during refresh. "On-the-fly" syntax checking information may be incorrect. [/home/boib2/vivadoProjects/registerProj/project_1/project_1.srcs/sim_1/new/src/printer.svh:]
WARNING: [filemgmt 56-199] Attempt to get parsing info during refresh. "On-the-fly" syntax checking information may be incorrect. [/home/boib2/vivadoProjects/registerProj/project_1/project_1.srcs/sim_1/new/src/counter_test.svh:]
WARNING: [filemgmt 56-199] Attempt to get parsing info during refresh. "On-the-fly" syntax checking information may be incorrect. [/home/boib2/vivadoProjects/registerProj/project_1/project_1.srcs/sim_1/new/src/counter_env.svh:]
WARNING: [filemgmt 56-199] Attempt to get parsing info during refresh. "On-the-fly" syntax checking information may be incorrect. [/home/boib2/vivadoProjects/registerProj/project_1/project_1.srcs/sim_1/new/counter_pkg.sv:]
WARNING: [filemgmt 56-199] Attempt to get parsing info during refresh. "On-the-fly" syntax checking information may be incorrect. [/home/boib2/vivadoProjects/registerProj/project_1/project_1.srcs/sim_1/new/counter_if.sv:]
WARNING: [filemgmt 56-199] Attempt to get parsing info during refresh. "On-the-fly" syntax checking information may be incorrect. [/home/boib2/vivadoProjects/registerProj/project_1/project_1.srcs/sim_1/new/src/quiet_test.svh:]
WARNING: [filemgmt 56-199] Attempt to get parsing info during refresh. "On-the-fly" syntax checking information may be incorrect. [/home/boib2/vivadoProjects/registerProj/project_1/project_1.srcs/sources_1/new/programCounter.v:]
WARNING: [filemgmt 56-199] Attempt to get parsing info during refresh. "On-the-fly" syntax checking information may be incorrect. [/home/boib2/vivadoProjects/registerProj/project_1/project_1.srcs/sim_1/new/src/scoreboard.svh:]
WARNING: [filemgmt 56-199] Attempt to get parsing info during refresh. "On-the-fly" syntax checking information may be incorrect. [/home/boib2/vivadoProjects/registerProj/project_1/project_1.srcs/sim_1/new/src/driver.svh:]
WARNING: [filemgmt 56-199] Attempt to get parsing info during refresh. "On-the-fly" syntax checking information may be incorrect. [/home/boib2/vivadoProjects/registerProj/project_1/project_1.srcs/sim_1/new/src/driver.svh:]
WARNING: [filemgmt 56-199] Attempt to get parsing info during refresh. "On-the-fly" syntax checking information may be incorrect. [/home/boib2/vivadoProjects/registerProj/project_1/project_1.srcs/sim_1/new/tb_top.sv:]
WARNING: [filemgmt 56-199] Attempt to get parsing info during refresh. "On-the-fly" syntax checking information may be incorrect. [/home/boib2/vivadoProjects/registerProj/project_1/project_1.srcs/sim_1/new/src/driver.svh:]
WARNING: [filemgmt 56-199] Attempt to get parsing info during refresh. "On-the-fly" syntax checking information may be incorrect. [/home/boib2/vivadoProjects/registerProj/project_1/project_1.srcs/sim_1/new/src/printer.svh:]
WARNING: [filemgmt 56-199] Attempt to get parsing info during refresh. "On-the-fly" syntax checking information may be incorrect. [/home/boib2/vivadoProjects/registerProj/project_1/project_1.srcs/sim_1/new/src/counter_test.svh:]
WARNING: [filemgmt 56-199] Attempt to get parsing info during refresh. "On-the-fly" syntax checking information may be incorrect. [/home/boib2/vivadoProjects/registerProj/project_1/project_1.srcs/sim_1/new/src/counter_env.svh:]
WARNING: [filemgmt 56-199] Attempt to get parsing info during refresh. "On-the-fly" syntax checking information may be incorrect. [/home/boib2/vivadoProjects/registerProj/project_1/project_1.srcs/sim_1/new/counter_pkg.sv:]
WARNING: [filemgmt 56-199] Attempt to get parsing info during refresh. "On-the-fly" syntax checking information may be incorrect. [/home/boib2/vivadoProjects/registerProj/project_1/project_1.srcs/sim_1/new/counter_if.sv:]
WARNING: [filemgmt 56-199] Attempt to get parsing info during refresh. "On-the-fly" syntax checking information may be incorrect. [/home/boib2/vivadoProjects/registerProj/project_1/project_1.srcs/sim_1/new/src/quiet_test.svh:]
WARNING: [filemgmt 56-199] Attempt to get parsing info during refresh. "On-the-fly" syntax checking information may be incorrect. [/home/boib2/vivadoProjects/registerProj/project_1/project_1.srcs/sources_1/new/programCounter.v:]
WARNING: [filemgmt 56-199] Attempt to get parsing info during refresh. "On-the-fly" syntax checking information may be incorrect. [/home/boib2/vivadoProjects/registerProj/project_1/project_1.srcs/sim_1/new/src/scoreboard.svh:]
WARNING: [filemgmt 56-199] Attempt to get parsing info during refresh. "On-the-fly" syntax checking information may be incorrect. [/home/boib2/vivadoProjects/registerProj/project_1/project_1.srcs/sim_1/new/src/quiet_test.svh:]
WARNING: [filemgmt 56-199] Attempt to get parsing info during refresh. "On-the-fly" syntax checking information may be incorrect. [/home/boib2/vivadoProjects/registerProj/project_1/project_1.srcs/sim_1/new/src/quiet_test.svh:]
WARNING: [filemgmt 56-199] Attempt to get parsing info during refresh. "On-the-fly" syntax checking information may be incorrect. [/home/boib2/vivadoProjects/registerProj/project_1/project_1.srcs/sim_1/new/tb_top.sv:]
WARNING: [filemgmt 56-199] Attempt to get parsing info during refresh. "On-the-fly" syntax checking information may be incorrect. [/home/boib2/vivadoProjects/registerProj/project_1/project_1.srcs/sim_1/new/src/driver.svh:]
WARNING: [filemgmt 56-199] Attempt to get parsing info during refresh. "On-the-fly" syntax checking information may be incorrect. [/home/boib2/vivadoProjects/registerProj/project_1/project_1.srcs/sim_1/new/src/printer.svh:]
WARNING: [filemgmt 56-199] Attempt to get parsing info during refresh. "On-the-fly" syntax checking information may be incorrect. [/home/boib2/vivadoProjects/registerProj/project_1/project_1.srcs/sim_1/new/src/counter_test.svh:]
WARNING: [filemgmt 56-199] Attempt to get parsing info during refresh. "On-the-fly" syntax checking information may be incorrect. [/home/boib2/vivadoProjects/registerProj/project_1/project_1.srcs/sim_1/new/src/counter_env.svh:]
WARNING: [filemgmt 56-199] Attempt to get parsing info during refresh. "On-the-fly" syntax checking information may be incorrect. [/home/boib2/vivadoProjects/registerProj/project_1/project_1.srcs/sim_1/new/counter_pkg.sv:]
WARNING: [filemgmt 56-199] Attempt to get parsing info during refresh. "On-the-fly" syntax checking information may be incorrect. [/home/boib2/vivadoProjects/registerProj/project_1/project_1.srcs/sim_1/new/counter_if.sv:]
WARNING: [filemgmt 56-199] Attempt to get parsing info during refresh. "On-the-fly" syntax checking information may be incorrect. [/home/boib2/vivadoProjects/registerProj/project_1/project_1.srcs/sim_1/new/src/quiet_test.svh:]
WARNING: [filemgmt 56-199] Attempt to get parsing info during refresh. "On-the-fly" syntax checking information may be incorrect. [/home/boib2/vivadoProjects/registerProj/project_1/project_1.srcs/sources_1/new/programCounter.v:]
WARNING: [filemgmt 56-199] Attempt to get parsing info during refresh. "On-the-fly" syntax checking information may be incorrect. [/home/boib2/vivadoProjects/registerProj/project_1/project_1.srcs/sim_1/new/src/scoreboard.svh:]
WARNING: [filemgmt 56-199] Attempt to get parsing info during refresh. "On-the-fly" syntax checking information may be incorrect. [/home/boib2/vivadoProjects/registerProj/project_1/project_1.srcs/sim_1/new/src/printer.svh:]
WARNING: [filemgmt 56-199] Attempt to get parsing info during refresh. "On-the-fly" syntax checking information may be incorrect. [/home/boib2/vivadoProjects/registerProj/project_1/project_1.srcs/sim_1/new/src/printer.svh:]
update_compile_order -fileset sources_1
WARNING: [filemgmt 56-199] Attempt to get parsing info during refresh. "On-the-fly" syntax checking information may be incorrect. [/home/boib2/vivadoProjects/registerProj/project_1/project_1.srcs/sim_1/new/tb_top.sv:]
WARNING: [filemgmt 56-199] Attempt to get parsing info during refresh. "On-the-fly" syntax checking information may be incorrect. [/home/boib2/vivadoProjects/registerProj/project_1/project_1.srcs/sim_1/new/src/driver.svh:]
WARNING: [filemgmt 56-199] Attempt to get parsing info during refresh. "On-the-fly" syntax checking information may be incorrect. [/home/boib2/vivadoProjects/registerProj/project_1/project_1.srcs/sim_1/new/src/printer.svh:]
WARNING: [filemgmt 56-199] Attempt to get parsing info during refresh. "On-the-fly" syntax checking information may be incorrect. [/home/boib2/vivadoProjects/registerProj/project_1/project_1.srcs/sim_1/new/src/counter_test.svh:]
WARNING: [filemgmt 56-199] Attempt to get parsing info during refresh. "On-the-fly" syntax checking information may be incorrect. [/home/boib2/vivadoProjects/registerProj/project_1/project_1.srcs/sim_1/new/src/counter_env.svh:]
WARNING: [filemgmt 56-199] Attempt to get parsing info during refresh. "On-the-fly" syntax checking information may be incorrect. [/home/boib2/vivadoProjects/registerProj/project_1/project_1.srcs/sim_1/new/counter_pkg.sv:]
WARNING: [filemgmt 56-199] Attempt to get parsing info during refresh. "On-the-fly" syntax checking information may be incorrect. [/home/boib2/vivadoProjects/registerProj/project_1/project_1.srcs/sim_1/new/counter_if.sv:]
WARNING: [filemgmt 56-199] Attempt to get parsing info during refresh. "On-the-fly" syntax checking information may be incorrect. [/home/boib2/vivadoProjects/registerProj/project_1/project_1.srcs/sim_1/new/src/quiet_test.svh:]
WARNING: [filemgmt 56-199] Attempt to get parsing info during refresh. "On-the-fly" syntax checking information may be incorrect. [/home/boib2/vivadoProjects/registerProj/project_1/project_1.srcs/sources_1/new/programCounter.v:]
WARNING: [filemgmt 56-199] Attempt to get parsing info during refresh. "On-the-fly" syntax checking information may be incorrect. [/home/boib2/vivadoProjects/registerProj/project_1/project_1.srcs/sim_1/new/src/scoreboard.svh:]
WARNING: [filemgmt 56-199] Attempt to get parsing info during refresh. "On-the-fly" syntax checking information may be incorrect. [/home/boib2/vivadoProjects/registerProj/project_1/project_1.srcs/sim_1/new/counter_if.sv:]
WARNING: [filemgmt 56-199] Attempt to get parsing info during refresh. "On-the-fly" syntax checking information may be incorrect. [/home/boib2/vivadoProjects/registerProj/project_1/project_1.srcs/sim_1/new/counter_if.sv:]
WARNING: [filemgmt 56-199] Attempt to get parsing info during refresh. "On-the-fly" syntax checking information may be incorrect. [/home/boib2/vivadoProjects/registerProj/project_1/project_1.srcs/sim_1/new/tb_top.sv:]
WARNING: [filemgmt 56-199] Attempt to get parsing info during refresh. "On-the-fly" syntax checking information may be incorrect. [/home/boib2/vivadoProjects/registerProj/project_1/project_1.srcs/sim_1/new/src/driver.svh:]
WARNING: [filemgmt 56-199] Attempt to get parsing info during refresh. "On-the-fly" syntax checking information may be incorrect. [/home/boib2/vivadoProjects/registerProj/project_1/project_1.srcs/sim_1/new/src/printer.svh:]
WARNING: [filemgmt 56-199] Attempt to get parsing info during refresh. "On-the-fly" syntax checking information may be incorrect. [/home/boib2/vivadoProjects/registerProj/project_1/project_1.srcs/sim_1/new/src/counter_test.svh:]
WARNING: [filemgmt 56-199] Attempt to get parsing info during refresh. "On-the-fly" syntax checking information may be incorrect. [/home/boib2/vivadoProjects/registerProj/project_1/project_1.srcs/sim_1/new/src/counter_env.svh:]
WARNING: [filemgmt 56-199] Attempt to get parsing info during refresh. "On-the-fly" syntax checking information may be incorrect. [/home/boib2/vivadoProjects/registerProj/project_1/project_1.srcs/sim_1/new/counter_pkg.sv:]
WARNING: [filemgmt 56-199] Attempt to get parsing info during refresh. "On-the-fly" syntax checking information may be incorrect. [/home/boib2/vivadoProjects/registerProj/project_1/project_1.srcs/sim_1/new/counter_if.sv:]
WARNING: [filemgmt 56-199] Attempt to get parsing info during refresh. "On-the-fly" syntax checking information may be incorrect. [/home/boib2/vivadoProjects/registerProj/project_1/project_1.srcs/sim_1/new/src/quiet_test.svh:]
WARNING: [filemgmt 56-199] Attempt to get parsing info during refresh. "On-the-fly" syntax checking information may be incorrect. [/home/boib2/vivadoProjects/registerProj/project_1/project_1.srcs/sources_1/new/programCounter.v:]
WARNING: [filemgmt 56-199] Attempt to get parsing info during refresh. "On-the-fly" syntax checking information may be incorrect. [/home/boib2/vivadoProjects/registerProj/project_1/project_1.srcs/sim_1/new/src/scoreboard.svh:]
WARNING: [filemgmt 56-199] Attempt to get parsing info during refresh. "On-the-fly" syntax checking information may be incorrect. [/home/boib2/vivadoProjects/registerProj/project_1/project_1.srcs/sim_1/new/src/driver.svh:]
WARNING: [filemgmt 56-199] Attempt to get parsing info during refresh. "On-the-fly" syntax checking information may be incorrect. [/home/boib2/vivadoProjects/registerProj/project_1/project_1.srcs/sim_1/new/src/driver.svh:]
WARNING: [filemgmt 56-199] Attempt to get parsing info during refresh. "On-the-fly" syntax checking information may be incorrect. [/home/boib2/vivadoProjects/registerProj/project_1/project_1.srcs/sim_1/new/tb_top.sv:]
WARNING: [filemgmt 56-199] Attempt to get parsing info during refresh. "On-the-fly" syntax checking information may be incorrect. [/home/boib2/vivadoProjects/registerProj/project_1/project_1.srcs/sim_1/new/src/driver.svh:]
WARNING: [filemgmt 56-199] Attempt to get parsing info during refresh. "On-the-fly" syntax checking information may be incorrect. [/home/boib2/vivadoProjects/registerProj/project_1/project_1.srcs/sim_1/new/src/printer.svh:]
WARNING: [filemgmt 56-199] Attempt to get parsing info during refresh. "On-the-fly" syntax checking information may be incorrect. [/home/boib2/vivadoProjects/registerProj/project_1/project_1.srcs/sim_1/new/src/counter_test.svh:]
WARNING: [filemgmt 56-199] Attempt to get parsing info during refresh. "On-the-fly" syntax checking information may be incorrect. [/home/boib2/vivadoProjects/registerProj/project_1/project_1.srcs/sim_1/new/src/counter_env.svh:]
WARNING: [filemgmt 56-199] Attempt to get parsing info during refresh. "On-the-fly" syntax checking information may be incorrect. [/home/boib2/vivadoProjects/registerProj/project_1/project_1.srcs/sim_1/new/counter_pkg.sv:]
WARNING: [filemgmt 56-199] Attempt to get parsing info during refresh. "On-the-fly" syntax checking information may be incorrect. [/home/boib2/vivadoProjects/registerProj/project_1/project_1.srcs/sim_1/new/counter_if.sv:]
WARNING: [filemgmt 56-199] Attempt to get parsing info during refresh. "On-the-fly" syntax checking information may be incorrect. [/home/boib2/vivadoProjects/registerProj/project_1/project_1.srcs/sim_1/new/src/quiet_test.svh:]
WARNING: [filemgmt 56-199] Attempt to get parsing info during refresh. "On-the-fly" syntax checking information may be incorrect. [/home/boib2/vivadoProjects/registerProj/project_1/project_1.srcs/sources_1/new/programCounter.v:]
WARNING: [filemgmt 56-199] Attempt to get parsing info during refresh. "On-the-fly" syntax checking information may be incorrect. [/home/boib2/vivadoProjects/registerProj/project_1/project_1.srcs/sim_1/new/src/scoreboard.svh:]
WARNING: [filemgmt 56-199] Attempt to get parsing info during refresh. "On-the-fly" syntax checking information may be incorrect. [/home/boib2/vivadoProjects/registerProj/project_1/project_1.srcs/sources_1/new/programCounter.v:]
WARNING: [filemgmt 56-199] Attempt to get parsing info during refresh. "On-the-fly" syntax checking information may be incorrect. [/home/boib2/vivadoProjects/registerProj/project_1/project_1.srcs/sources_1/new/programCounter.v:]
WARNING: [filemgmt 56-199] Attempt to get parsing info during refresh. "On-the-fly" syntax checking information may be incorrect. [/home/boib2/vivadoProjects/registerProj/project_1/project_1.srcs/sim_1/new/tb_top.sv:]
WARNING: [filemgmt 56-199] Attempt to get parsing info during refresh. "On-the-fly" syntax checking information may be incorrect. [/home/boib2/vivadoProjects/registerProj/project_1/project_1.srcs/sim_1/new/src/driver.svh:]
WARNING: [filemgmt 56-199] Attempt to get parsing info during refresh. "On-the-fly" syntax checking information may be incorrect. [/home/boib2/vivadoProjects/registerProj/project_1/project_1.srcs/sim_1/new/src/printer.svh:]
WARNING: [filemgmt 56-199] Attempt to get parsing info during refresh. "On-the-fly" syntax checking information may be incorrect. [/home/boib2/vivadoProjects/registerProj/project_1/project_1.srcs/sim_1/new/src/counter_test.svh:]
WARNING: [filemgmt 56-199] Attempt to get parsing info during refresh. "On-the-fly" syntax checking information may be incorrect. [/home/boib2/vivadoProjects/registerProj/project_1/project_1.srcs/sim_1/new/src/counter_env.svh:]
WARNING: [filemgmt 56-199] Attempt to get parsing info during refresh. "On-the-fly" syntax checking information may be incorrect. [/home/boib2/vivadoProjects/registerProj/project_1/project_1.srcs/sim_1/new/counter_pkg.sv:]
WARNING: [filemgmt 56-199] Attempt to get parsing info during refresh. "On-the-fly" syntax checking information may be incorrect. [/home/boib2/vivadoProjects/registerProj/project_1/project_1.srcs/sim_1/new/counter_if.sv:]
WARNING: [filemgmt 56-199] Attempt to get parsing info during refresh. "On-the-fly" syntax checking information may be incorrect. [/home/boib2/vivadoProjects/registerProj/project_1/project_1.srcs/sim_1/new/src/quiet_test.svh:]
WARNING: [filemgmt 56-199] Attempt to get parsing info during refresh. "On-the-fly" syntax checking information may be incorrect. [/home/boib2/vivadoProjects/registerProj/project_1/project_1.srcs/sources_1/new/programCounter.v:]
WARNING: [filemgmt 56-199] Attempt to get parsing info during refresh. "On-the-fly" syntax checking information may be incorrect. [/home/boib2/vivadoProjects/registerProj/project_1/project_1.srcs/sim_1/new/src/scoreboard.svh:]
WARNING: [filemgmt 56-199] Attempt to get parsing info during refresh. "On-the-fly" syntax checking information may be incorrect. [/home/boib2/vivadoProjects/registerProj/project_1/project_1.srcs/sim_1/new/src/printer.svh:]
WARNING: [filemgmt 56-199] Attempt to get parsing info during refresh. "On-the-fly" syntax checking information may be incorrect. [/home/boib2/vivadoProjects/registerProj/project_1/project_1.srcs/sim_1/new/src/printer.svh:]
WARNING: [filemgmt 56-199] Attempt to get parsing info during refresh. "On-the-fly" syntax checking information may be incorrect. [/home/boib2/vivadoProjects/registerProj/project_1/project_1.srcs/sim_1/new/tb_top.sv:]
WARNING: [filemgmt 56-199] Attempt to get parsing info during refresh. "On-the-fly" syntax checking information may be incorrect. [/home/boib2/vivadoProjects/registerProj/project_1/project_1.srcs/sim_1/new/src/driver.svh:]
WARNING: [filemgmt 56-199] Attempt to get parsing info during refresh. "On-the-fly" syntax checking information may be incorrect. [/home/boib2/vivadoProjects/registerProj/project_1/project_1.srcs/sim_1/new/src/printer.svh:]
WARNING: [filemgmt 56-199] Attempt to get parsing info during refresh. "On-the-fly" syntax checking information may be incorrect. [/home/boib2/vivadoProjects/registerProj/project_1/project_1.srcs/sim_1/new/src/counter_test.svh:]
INFO: [Common 17-14] Message 'filemgmt 56-199' appears 100 times and further instances of the messages will be disabled. Use the Tcl command set_msg_config to change the current settings.
WARNING: [filemgmt 56-199] Attempt to get parsing info during refresh. "On-the-fly" syntax checking information may be incorrect. [/home/boib2/vivadoProjects/registerProj/project_1/project_1.srcs/sim_1/new/tb_top.sv:]
WARNING: [filemgmt 56-199] Attempt to get parsing info during refresh. "On-the-fly" syntax checking information may be incorrect. [/home/boib2/vivadoProjects/registerProj/project_1/project_1.srcs/sim_1/new/src/driver.svh:]
WARNING: [filemgmt 56-199] Attempt to get parsing info during refresh. "On-the-fly" syntax checking information may be incorrect. [/home/boib2/vivadoProjects/registerProj/project_1/project_1.srcs/sim_1/new/src/printer.svh:]
WARNING: [filemgmt 56-199] Attempt to get parsing info during refresh. "On-the-fly" syntax checking information may be incorrect. [/home/boib2/vivadoProjects/registerProj/project_1/project_1.srcs/sim_1/new/src/counter_test.svh:]
WARNING: [filemgmt 56-199] Attempt to get parsing info during refresh. "On-the-fly" syntax checking information may be incorrect. [/home/boib2/vivadoProjects/registerProj/project_1/project_1.srcs/sim_1/new/src/counter_env.svh:]
WARNING: [filemgmt 56-199] Attempt to get parsing info during refresh. "On-the-fly" syntax checking information may be incorrect. [/home/boib2/vivadoProjects/registerProj/project_1/project_1.srcs/sim_1/new/counter_pkg.sv:]
WARNING: [filemgmt 56-199] Attempt to get parsing info during refresh. "On-the-fly" syntax checking information may be incorrect. [/home/boib2/vivadoProjects/registerProj/project_1/project_1.srcs/sim_1/new/counter_if.sv:]
WARNING: [filemgmt 56-199] Attempt to get parsing info during refresh. "On-the-fly" syntax checking information may be incorrect. [/home/boib2/vivadoProjects/registerProj/project_1/project_1.srcs/sim_1/new/src/quiet_test.svh:]
WARNING: [filemgmt 56-199] Attempt to get parsing info during refresh. "On-the-fly" syntax checking information may be incorrect. [/home/boib2/vivadoProjects/registerProj/project_1/project_1.srcs/sources_1/new/programCounter.v:]
WARNING: [filemgmt 56-199] Attempt to get parsing info during refresh. "On-the-fly" syntax checking information may be incorrect. [/home/boib2/vivadoProjects/registerProj/project_1/project_1.srcs/sim_1/new/src/scoreboard.svh:]
WARNING: [filemgmt 56-199] Attempt to get parsing info during refresh. "On-the-fly" syntax checking information may be incorrect. [/home/boib2/vivadoProjects/registerProj/project_1/project_1.srcs/sim_1/new/src/quiet_test.svh:]
WARNING: [filemgmt 56-199] Attempt to get parsing info during refresh. "On-the-fly" syntax checking information may be incorrect. [/home/boib2/vivadoProjects/registerProj/project_1/project_1.srcs/sim_1/new/src/quiet_test.svh:]
WARNING: [filemgmt 56-199] Attempt to get parsing info during refresh. "On-the-fly" syntax checking information may be incorrect. [/home/boib2/vivadoProjects/registerProj/project_1/project_1.srcs/sim_1/new/tb_top.sv:]
WARNING: [filemgmt 56-199] Attempt to get parsing info during refresh. "On-the-fly" syntax checking information may be incorrect. [/home/boib2/vivadoProjects/registerProj/project_1/project_1.srcs/sim_1/new/src/driver.svh:]
WARNING: [filemgmt 56-199] Attempt to get parsing info during refresh. "On-the-fly" syntax checking information may be incorrect. [/home/boib2/vivadoProjects/registerProj/project_1/project_1.srcs/sim_1/new/src/printer.svh:]
WARNING: [filemgmt 56-199] Attempt to get parsing info during refresh. "On-the-fly" syntax checking information may be incorrect. [/home/boib2/vivadoProjects/registerProj/project_1/project_1.srcs/sim_1/new/src/counter_test.svh:]
WARNING: [filemgmt 56-199] Attempt to get parsing info during refresh. "On-the-fly" syntax checking information may be incorrect. [/home/boib2/vivadoProjects/registerProj/project_1/project_1.srcs/sim_1/new/src/counter_env.svh:]
WARNING: [filemgmt 56-199] Attempt to get parsing info during refresh. "On-the-fly" syntax checking information may be incorrect. [/home/boib2/vivadoProjects/registerProj/project_1/project_1.srcs/sim_1/new/counter_pkg.sv:]
WARNING: [filemgmt 56-199] Attempt to get parsing info during refresh. "On-the-fly" syntax checking information may be incorrect. [/home/boib2/vivadoProjects/registerProj/project_1/project_1.srcs/sim_1/new/src/agent_with_interface.svh:]
WARNING: [filemgmt 56-199] Attempt to get parsing info during refresh. "On-the-fly" syntax checking information may be incorrect. [/home/boib2/vivadoProjects/registerProj/project_1/project_1.srcs/sim_1/new/counter_if.sv:]
WARNING: [filemgmt 56-199] Attempt to get parsing info during refresh. "On-the-fly" syntax checking information may be incorrect. [/home/boib2/vivadoProjects/registerProj/project_1/project_1.srcs/sim_1/new/src/quiet_test.svh:]
WARNING: [filemgmt 56-199] Attempt to get parsing info during refresh. "On-the-fly" syntax checking information may be incorrect. [/home/boib2/vivadoProjects/registerProj/project_1/project_1.srcs/sources_1/new/programCounter.v:]
WARNING: [filemgmt 56-199] Attempt to get parsing info during refresh. "On-the-fly" syntax checking information may be incorrect. [/home/boib2/vivadoProjects/registerProj/project_1/project_1.srcs/sim_1/new/src/scoreboard.svh:]
WARNING: [filemgmt 56-199] Attempt to get parsing info during refresh. "On-the-fly" syntax checking information may be incorrect. [/home/boib2/vivadoProjects/registerProj/project_1/project_1.srcs/sources_1/new/programCounter.v:]
WARNING: [filemgmt 56-199] Attempt to get parsing info during refresh. "On-the-fly" syntax checking information may be incorrect. [/home/boib2/vivadoProjects/registerProj/project_1/project_1.srcs/sources_1/new/programCounter.v:]
WARNING: [filemgmt 56-199] Attempt to get parsing info during refresh. "On-the-fly" syntax checking information may be incorrect. [/home/boib2/vivadoProjects/registerProj/project_1/project_1.srcs/sim_1/new/tb_top.sv:]
WARNING: [filemgmt 56-199] Attempt to get parsing info during refresh. "On-the-fly" syntax checking information may be incorrect. [/home/boib2/vivadoProjects/registerProj/project_1/project_1.srcs/sim_1/new/src/driver.svh:]
WARNING: [filemgmt 56-199] Attempt to get parsing info during refresh. "On-the-fly" syntax checking information may be incorrect. [/home/boib2/vivadoProjects/registerProj/project_1/project_1.srcs/sim_1/new/src/printer.svh:]
WARNING: [filemgmt 56-199] Attempt to get parsing info during refresh. "On-the-fly" syntax checking information may be incorrect. [/home/boib2/vivadoProjects/registerProj/project_1/project_1.srcs/sim_1/new/src/counter_test.svh:]
WARNING: [filemgmt 56-199] Attempt to get parsing info during refresh. "On-the-fly" syntax checking information may be incorrect. [/home/boib2/vivadoProjects/registerProj/project_1/project_1.srcs/sim_1/new/src/counter_env.svh:]
WARNING: [filemgmt 56-199] Attempt to get parsing info during refresh. "On-the-fly" syntax checking information may be incorrect. [/home/boib2/vivadoProjects/registerProj/project_1/project_1.srcs/sim_1/new/counter_pkg.sv:]
WARNING: [filemgmt 56-199] Attempt to get parsing info during refresh. "On-the-fly" syntax checking information may be incorrect. [/home/boib2/vivadoProjects/registerProj/project_1/project_1.srcs/sim_1/new/src/agent_with_interface.svh:]
WARNING: [filemgmt 56-199] Attempt to get parsing info during refresh. "On-the-fly" syntax checking information may be incorrect. [/home/boib2/vivadoProjects/registerProj/project_1/project_1.srcs/sim_1/new/counter_if.sv:]
WARNING: [filemgmt 56-199] Attempt to get parsing info during refresh. "On-the-fly" syntax checking information may be incorrect. [/home/boib2/vivadoProjects/registerProj/project_1/project_1.srcs/sim_1/new/src/quiet_test.svh:]
WARNING: [filemgmt 56-199] Attempt to get parsing info during refresh. "On-the-fly" syntax checking information may be incorrect. [/home/boib2/vivadoProjects/registerProj/project_1/project_1.srcs/sources_1/new/programCounter.v:]
WARNING: [filemgmt 56-199] Attempt to get parsing info during refresh. "On-the-fly" syntax checking information may be incorrect. [/home/boib2/vivadoProjects/registerProj/project_1/project_1.srcs/sim_1/new/src/scoreboard.svh:]
WARNING: [filemgmt 56-199] Attempt to get parsing info during refresh. "On-the-fly" syntax checking information may be incorrect. [/home/boib2/vivadoProjects/registerProj/project_1/project_1.srcs/sim_1/new/tb_top.sv:]
WARNING: [filemgmt 56-199] Attempt to get parsing info during refresh. "On-the-fly" syntax checking information may be incorrect. [/home/boib2/vivadoProjects/registerProj/project_1/project_1.srcs/sim_1/new/tb_top.sv:]
WARNING: [filemgmt 56-199] Attempt to get parsing info during refresh. "On-the-fly" syntax checking information may be incorrect. [/home/boib2/vivadoProjects/registerProj/project_1/project_1.srcs/sim_1/new/tb_top.sv:]
WARNING: [filemgmt 56-199] Attempt to get parsing info during refresh. "On-the-fly" syntax checking information may be incorrect. [/home/boib2/vivadoProjects/registerProj/project_1/project_1.srcs/sim_1/new/src/driver.svh:]
WARNING: [filemgmt 56-199] Attempt to get parsing info during refresh. "On-the-fly" syntax checking information may be incorrect. [/home/boib2/vivadoProjects/registerProj/project_1/project_1.srcs/sim_1/new/src/printer.svh:]
WARNING: [filemgmt 56-199] Attempt to get parsing info during refresh. "On-the-fly" syntax checking information may be incorrect. [/home/boib2/vivadoProjects/registerProj/project_1/project_1.srcs/sim_1/new/src/counter_test.svh:]
WARNING: [filemgmt 56-199] Attempt to get parsing info during refresh. "On-the-fly" syntax checking information may be incorrect. [/home/boib2/vivadoProjects/registerProj/project_1/project_1.srcs/sim_1/new/src/counter_env.svh:]
WARNING: [filemgmt 56-199] Attempt to get parsing info during refresh. "On-the-fly" syntax checking information may be incorrect. [/home/boib2/vivadoProjects/registerProj/project_1/project_1.srcs/sim_1/new/counter_pkg.sv:]
WARNING: [filemgmt 56-199] Attempt to get parsing info during refresh. "On-the-fly" syntax checking information may be incorrect. [/home/boib2/vivadoProjects/registerProj/project_1/project_1.srcs/sim_1/new/src/agent_with_interface.svh:]
WARNING: [filemgmt 56-199] Attempt to get parsing info during refresh. "On-the-fly" syntax checking information may be incorrect. [/home/boib2/vivadoProjects/registerProj/project_1/project_1.srcs/sim_1/new/counter_if.sv:]
WARNING: [filemgmt 56-199] Attempt to get parsing info during refresh. "On-the-fly" syntax checking information may be incorrect. [/home/boib2/vivadoProjects/registerProj/project_1/project_1.srcs/sim_1/new/src/quiet_test.svh:]
WARNING: [filemgmt 56-199] Attempt to get parsing info during refresh. "On-the-fly" syntax checking information may be incorrect. [/home/boib2/vivadoProjects/registerProj/project_1/project_1.srcs/sources_1/new/programCounter.v:]
WARNING: [filemgmt 56-199] Attempt to get parsing info during refresh. "On-the-fly" syntax checking information may be incorrect. [/home/boib2/vivadoProjects/registerProj/project_1/project_1.srcs/sim_1/new/src/scoreboard.svh:]
WARNING: [filemgmt 56-199] Attempt to get parsing info during refresh. "On-the-fly" syntax checking information may be incorrect. [/home/boib2/vivadoProjects/registerProj/project_1/project_1.srcs/sim_1/new/src/driver.svh:]
WARNING: [filemgmt 56-199] Attempt to get parsing info during refresh. "On-the-fly" syntax checking information may be incorrect. [/home/boib2/vivadoProjects/registerProj/project_1/project_1.srcs/sim_1/new/src/driver.svh:]
WARNING: [filemgmt 56-199] Attempt to get parsing info during refresh. "On-the-fly" syntax checking information may be incorrect. [/home/boib2/vivadoProjects/registerProj/project_1/project_1.srcs/sim_1/new/tb_top.sv:]
WARNING: [filemgmt 56-199] Attempt to get parsing info during refresh. "On-the-fly" syntax checking information may be incorrect. [/home/boib2/vivadoProjects/registerProj/project_1/project_1.srcs/sim_1/new/src/driver.svh:]
WARNING: [filemgmt 56-199] Attempt to get parsing info during refresh. "On-the-fly" syntax checking information may be incorrect. [/home/boib2/vivadoProjects/registerProj/project_1/project_1.srcs/sim_1/new/src/printer.svh:]
WARNING: [filemgmt 56-199] Attempt to get parsing info during refresh. "On-the-fly" syntax checking information may be incorrect. [/home/boib2/vivadoProjects/registerProj/project_1/project_1.srcs/sim_1/new/src/counter_test.svh:]
WARNING: [filemgmt 56-199] Attempt to get parsing info during refresh. "On-the-fly" syntax checking information may be incorrect. [/home/boib2/vivadoProjects/registerProj/project_1/project_1.srcs/sim_1/new/src/counter_env.svh:]
WARNING: [filemgmt 56-199] Attempt to get parsing info during refresh. "On-the-fly" syntax checking information may be incorrect. [/home/boib2/vivadoProjects/registerProj/project_1/project_1.srcs/sim_1/new/counter_pkg.sv:]
WARNING: [filemgmt 56-199] Attempt to get parsing info during refresh. "On-the-fly" syntax checking information may be incorrect. [/home/boib2/vivadoProjects/registerProj/project_1/project_1.srcs/sim_1/new/src/agent_with_interface.svh:]
WARNING: [filemgmt 56-199] Attempt to get parsing info during refresh. "On-the-fly" syntax checking information may be incorrect. [/home/boib2/vivadoProjects/registerProj/project_1/project_1.srcs/sim_1/new/counter_if.sv:]
WARNING: [filemgmt 56-199] Attempt to get parsing info during refresh. "On-the-fly" syntax checking information may be incorrect. [/home/boib2/vivadoProjects/registerProj/project_1/project_1.srcs/sim_1/new/src/quiet_test.svh:]
WARNING: [filemgmt 56-199] Attempt to get parsing info during refresh. "On-the-fly" syntax checking information may be incorrect. [/home/boib2/vivadoProjects/registerProj/project_1/project_1.srcs/sources_1/new/programCounter.v:]
WARNING: [filemgmt 56-199] Attempt to get parsing info during refresh. "On-the-fly" syntax checking information may be incorrect. [/home/boib2/vivadoProjects/registerProj/project_1/project_1.srcs/sim_1/new/src/scoreboard.svh:]
WARNING: [filemgmt 56-199] Attempt to get parsing info during refresh. "On-the-fly" syntax checking information may be incorrect. [/home/boib2/vivadoProjects/registerProj/project_1/project_1.srcs/sim_1/new/src/printer.svh:]
WARNING: [filemgmt 56-199] Attempt to get parsing info during refresh. "On-the-fly" syntax checking information may be incorrect. [/home/boib2/vivadoProjects/registerProj/project_1/project_1.srcs/sim_1/new/src/printer.svh:]
WARNING: [filemgmt 56-199] Attempt to get parsing info during refresh. "On-the-fly" syntax checking information may be incorrect. [/home/boib2/vivadoProjects/registerProj/project_1/project_1.srcs/sim_1/new/tb_top.sv:]
WARNING: [filemgmt 56-199] Attempt to get parsing info during refresh. "On-the-fly" syntax checking information may be incorrect. [/home/boib2/vivadoProjects/registerProj/project_1/project_1.srcs/sim_1/new/src/driver.svh:]
WARNING: [filemgmt 56-199] Attempt to get parsing info during refresh. "On-the-fly" syntax checking information may be incorrect. [/home/boib2/vivadoProjects/registerProj/project_1/project_1.srcs/sim_1/new/src/printer.svh:]
WARNING: [filemgmt 56-199] Attempt to get parsing info during refresh. "On-the-fly" syntax checking information may be incorrect. [/home/boib2/vivadoProjects/registerProj/project_1/project_1.srcs/sim_1/new/src/counter_test.svh:]
WARNING: [filemgmt 56-199] Attempt to get parsing info during refresh. "On-the-fly" syntax checking information may be incorrect. [/home/boib2/vivadoProjects/registerProj/project_1/project_1.srcs/sim_1/new/src/counter_env.svh:]
WARNING: [filemgmt 56-199] Attempt to get parsing info during refresh. "On-the-fly" syntax checking information may be incorrect. [/home/boib2/vivadoProjects/registerProj/project_1/project_1.srcs/sim_1/new/counter_pkg.sv:]
WARNING: [filemgmt 56-199] Attempt to get parsing info during refresh. "On-the-fly" syntax checking information may be incorrect. [/home/boib2/vivadoProjects/registerProj/project_1/project_1.srcs/sim_1/new/src/agent_with_interface.svh:]
WARNING: [filemgmt 56-199] Attempt to get parsing info during refresh. "On-the-fly" syntax checking information may be incorrect. [/home/boib2/vivadoProjects/registerProj/project_1/project_1.srcs/sim_1/new/counter_if.sv:]
WARNING: [filemgmt 56-199] Attempt to get parsing info during refresh. "On-the-fly" syntax checking information may be incorrect. [/home/boib2/vivadoProjects/registerProj/project_1/project_1.srcs/sim_1/new/src/quiet_test.svh:]
WARNING: [filemgmt 56-199] Attempt to get parsing info during refresh. "On-the-fly" syntax checking information may be incorrect. [/home/boib2/vivadoProjects/registerProj/project_1/project_1.srcs/sources_1/new/programCounter.v:]
WARNING: [filemgmt 56-199] Attempt to get parsing info during refresh. "On-the-fly" syntax checking information may be incorrect. [/home/boib2/vivadoProjects/registerProj/project_1/project_1.srcs/sim_1/new/src/scoreboard.svh:]
WARNING: [filemgmt 56-199] Attempt to get parsing info during refresh. "On-the-fly" syntax checking information may be incorrect. [/home/boib2/vivadoProjects/registerProj/project_1/project_1.srcs/sim_1/new/counter_if.sv:]
WARNING: [filemgmt 56-199] Attempt to get parsing info during refresh. "On-the-fly" syntax checking information may be incorrect. [/home/boib2/vivadoProjects/registerProj/project_1/project_1.srcs/sim_1/new/counter_if.sv:]
WARNING: [filemgmt 56-199] Attempt to get parsing info during refresh. "On-the-fly" syntax checking information may be incorrect. [/home/boib2/vivadoProjects/registerProj/project_1/project_1.srcs/sim_1/new/tb_top.sv:]
WARNING: [filemgmt 56-199] Attempt to get parsing info during refresh. "On-the-fly" syntax checking information may be incorrect. [/home/boib2/vivadoProjects/registerProj/project_1/project_1.srcs/sim_1/new/src/driver.svh:]
WARNING: [filemgmt 56-199] Attempt to get parsing info during refresh. "On-the-fly" syntax checking information may be incorrect. [/home/boib2/vivadoProjects/registerProj/project_1/project_1.srcs/sim_1/new/src/printer.svh:]
WARNING: [filemgmt 56-199] Attempt to get parsing info during refresh. "On-the-fly" syntax checking information may be incorrect. [/home/boib2/vivadoProjects/registerProj/project_1/project_1.srcs/sim_1/new/src/counter_test.svh:]
WARNING: [filemgmt 56-199] Attempt to get parsing info during refresh. "On-the-fly" syntax checking information may be incorrect. [/home/boib2/vivadoProjects/registerProj/project_1/project_1.srcs/sim_1/new/src/counter_env.svh:]
WARNING: [filemgmt 56-199] Attempt to get parsing info during refresh. "On-the-fly" syntax checking information may be incorrect. [/home/boib2/vivadoProjects/registerProj/project_1/project_1.srcs/sim_1/new/counter_pkg.sv:]
WARNING: [filemgmt 56-199] Attempt to get parsing info during refresh. "On-the-fly" syntax checking information may be incorrect. [/home/boib2/vivadoProjects/registerProj/project_1/project_1.srcs/sim_1/new/src/agent_with_interface.svh:]
WARNING: [filemgmt 56-199] Attempt to get parsing info during refresh. "On-the-fly" syntax checking information may be incorrect. [/home/boib2/vivadoProjects/registerProj/project_1/project_1.srcs/sim_1/new/counter_if.sv:]
WARNING: [filemgmt 56-199] Attempt to get parsing info during refresh. "On-the-fly" syntax checking information may be incorrect. [/home/boib2/vivadoProjects/registerProj/project_1/project_1.srcs/sim_1/new/src/quiet_test.svh:]
WARNING: [filemgmt 56-199] Attempt to get parsing info during refresh. "On-the-fly" syntax checking information may be incorrect. [/home/boib2/vivadoProjects/registerProj/project_1/project_1.srcs/sources_1/new/programCounter.v:]
WARNING: [filemgmt 56-199] Attempt to get parsing info during refresh. "On-the-fly" syntax checking information may be incorrect. [/home/boib2/vivadoProjects/registerProj/project_1/project_1.srcs/sim_1/new/src/scoreboard.svh:]
WARNING: [filemgmt 56-199] Attempt to get parsing info during refresh. "On-the-fly" syntax checking information may be incorrect. [/home/boib2/vivadoProjects/registerProj/project_1/project_1.srcs/sim_1/new/src/quiet_test.svh:]
WARNING: [filemgmt 56-199] Attempt to get parsing info during refresh. "On-the-fly" syntax checking information may be incorrect. [/home/boib2/vivadoProjects/registerProj/project_1/project_1.srcs/sim_1/new/src/quiet_test.svh:]
WARNING: [filemgmt 56-199] Attempt to get parsing info during refresh. "On-the-fly" syntax checking information may be incorrect. [/home/boib2/vivadoProjects/registerProj/project_1/project_1.srcs/sim_1/new/tb_top.sv:]
WARNING: [filemgmt 56-199] Attempt to get parsing info during refresh. "On-the-fly" syntax checking information may be incorrect. [/home/boib2/vivadoProjects/registerProj/project_1/project_1.srcs/sim_1/new/src/driver.svh:]
WARNING: [filemgmt 56-199] Attempt to get parsing info during refresh. "On-the-fly" syntax checking information may be incorrect. [/home/boib2/vivadoProjects/registerProj/project_1/project_1.srcs/sim_1/new/src/printer.svh:]
WARNING: [filemgmt 56-199] Attempt to get parsing info during refresh. "On-the-fly" syntax checking information may be incorrect. [/home/boib2/vivadoProjects/registerProj/project_1/project_1.srcs/sim_1/new/src/counter_test.svh:]
WARNING: [filemgmt 56-199] Attempt to get parsing info during refresh. "On-the-fly" syntax checking information may be incorrect. [/home/boib2/vivadoProjects/registerProj/project_1/project_1.srcs/sim_1/new/src/counter_env.svh:]
WARNING: [filemgmt 56-199] Attempt to get parsing info during refresh. "On-the-fly" syntax checking information may be incorrect. [/home/boib2/vivadoProjects/registerProj/project_1/project_1.srcs/sim_1/new/counter_pkg.sv:]
WARNING: [filemgmt 56-199] Attempt to get parsing info during refresh. "On-the-fly" syntax checking information may be incorrect. [/home/boib2/vivadoProjects/registerProj/project_1/project_1.srcs/sim_1/new/src/agent_with_interface.svh:]
WARNING: [filemgmt 56-199] Attempt to get parsing info during refresh. "On-the-fly" syntax checking information may be incorrect. [/home/boib2/vivadoProjects/registerProj/project_1/project_1.srcs/sim_1/new/counter_if.sv:]
WARNING: [filemgmt 56-199] Attempt to get parsing info during refresh. "On-the-fly" syntax checking information may be incorrect. [/home/boib2/vivadoProjects/registerProj/project_1/project_1.srcs/sim_1/new/src/quiet_test.svh:]
WARNING: [filemgmt 56-199] Attempt to get parsing info during refresh. "On-the-fly" syntax checking information may be incorrect. [/home/boib2/vivadoProjects/registerProj/project_1/project_1.srcs/sources_1/new/programCounter.v:]
WARNING: [filemgmt 56-199] Attempt to get parsing info during refresh. "On-the-fly" syntax checking information may be incorrect. [/home/boib2/vivadoProjects/registerProj/project_1/project_1.srcs/sim_1/new/src/scoreboard.svh:]
WARNING: [filemgmt 56-199] Attempt to get parsing info during refresh. "On-the-fly" syntax checking information may be incorrect. [/home/boib2/vivadoProjects/registerProj/project_1/project_1.srcs/sim_1/new/counter_pkg.sv:]
WARNING: [filemgmt 56-199] Attempt to get parsing info during refresh. "On-the-fly" syntax checking information may be incorrect. [/home/boib2/vivadoProjects/registerProj/project_1/project_1.srcs/sim_1/new/counter_pkg.sv:]
WARNING: [filemgmt 56-199] Attempt to get parsing info during refresh. "On-the-fly" syntax checking information may be incorrect. [/home/boib2/vivadoProjects/registerProj/project_1/project_1.srcs/sim_1/new/tb_top.sv:]
WARNING: [filemgmt 56-199] Attempt to get parsing info during refresh. "On-the-fly" syntax checking information may be incorrect. [/home/boib2/vivadoProjects/registerProj/project_1/project_1.srcs/sim_1/new/src/driver.svh:]
WARNING: [filemgmt 56-199] Attempt to get parsing info during refresh. "On-the-fly" syntax checking information may be incorrect. [/home/boib2/vivadoProjects/registerProj/project_1/project_1.srcs/sim_1/new/src/printer.svh:]
WARNING: [filemgmt 56-199] Attempt to get parsing info during refresh. "On-the-fly" syntax checking information may be incorrect. [/home/boib2/vivadoProjects/registerProj/project_1/project_1.srcs/sim_1/new/src/counter_test.svh:]
WARNING: [filemgmt 56-199] Attempt to get parsing info during refresh. "On-the-fly" syntax checking information may be incorrect. [/home/boib2/vivadoProjects/registerProj/project_1/project_1.srcs/sim_1/new/src/counter_env.svh:]
WARNING: [filemgmt 56-199] Attempt to get parsing info during refresh. "On-the-fly" syntax checking information may be incorrect. [/home/boib2/vivadoProjects/registerProj/project_1/project_1.srcs/sim_1/new/counter_pkg.sv:]
WARNING: [filemgmt 56-199] Attempt to get parsing info during refresh. "On-the-fly" syntax checking information may be incorrect. [/home/boib2/vivadoProjects/registerProj/project_1/project_1.srcs/sim_1/new/src/agent_with_interface.svh:]
WARNING: [filemgmt 56-199] Attempt to get parsing info during refresh. "On-the-fly" syntax checking information may be incorrect. [/home/boib2/vivadoProjects/registerProj/project_1/project_1.srcs/sim_1/new/counter_if.sv:]
WARNING: [filemgmt 56-199] Attempt to get parsing info during refresh. "On-the-fly" syntax checking information may be incorrect. [/home/boib2/vivadoProjects/registerProj/project_1/project_1.srcs/sim_1/new/src/quiet_test.svh:]
WARNING: [filemgmt 56-199] Attempt to get parsing info during refresh. "On-the-fly" syntax checking information may be incorrect. [/home/boib2/vivadoProjects/registerProj/project_1/project_1.srcs/sources_1/new/programCounter.v:]
WARNING: [filemgmt 56-199] Attempt to get parsing info during refresh. "On-the-fly" syntax checking information may be incorrect. [/home/boib2/vivadoProjects/registerProj/project_1/project_1.srcs/sim_1/new/src/scoreboard.svh:]
WARNING: [filemgmt 56-199] Attempt to get parsing info during refresh. "On-the-fly" syntax checking information may be incorrect. [/home/boib2/vivadoProjects/registerProj/project_1/project_1.srcs/sim_1/new/src/scoreboard.svh:]
WARNING: [filemgmt 56-199] Attempt to get parsing info during refresh. "On-the-fly" syntax checking information may be incorrect. [/home/boib2/vivadoProjects/registerProj/project_1/project_1.srcs/sim_1/new/src/scoreboard.svh:]
WARNING: [filemgmt 56-199] Attempt to get parsing info during refresh. "On-the-fly" syntax checking information may be incorrect. [/home/boib2/vivadoProjects/registerProj/project_1/project_1.srcs/sim_1/new/tb_top.sv:]
WARNING: [filemgmt 56-199] Attempt to get parsing info during refresh. "On-the-fly" syntax checking information may be incorrect. [/home/boib2/vivadoProjects/registerProj/project_1/project_1.srcs/sim_1/new/src/driver.svh:]
WARNING: [filemgmt 56-199] Attempt to get parsing info during refresh. "On-the-fly" syntax checking information may be incorrect. [/home/boib2/vivadoProjects/registerProj/project_1/project_1.srcs/sim_1/new/src/printer.svh:]
WARNING: [filemgmt 56-199] Attempt to get parsing info during refresh. "On-the-fly" syntax checking information may be incorrect. [/home/boib2/vivadoProjects/registerProj/project_1/project_1.srcs/sim_1/new/src/counter_test.svh:]
WARNING: [filemgmt 56-199] Attempt to get parsing info during refresh. "On-the-fly" syntax checking information may be incorrect. [/home/boib2/vivadoProjects/registerProj/project_1/project_1.srcs/sim_1/new/src/counter_env.svh:]
WARNING: [filemgmt 56-199] Attempt to get parsing info during refresh. "On-the-fly" syntax checking information may be incorrect. [/home/boib2/vivadoProjects/registerProj/project_1/project_1.srcs/sim_1/new/counter_pkg.sv:]
WARNING: [filemgmt 56-199] Attempt to get parsing info during refresh. "On-the-fly" syntax checking information may be incorrect. [/home/boib2/vivadoProjects/registerProj/project_1/project_1.srcs/sim_1/new/src/agent_with_interface.svh:]
WARNING: [filemgmt 56-199] Attempt to get parsing info during refresh. "On-the-fly" syntax checking information may be incorrect. [/home/boib2/vivadoProjects/registerProj/project_1/project_1.srcs/sim_1/new/counter_if.sv:]
WARNING: [filemgmt 56-199] Attempt to get parsing info during refresh. "On-the-fly" syntax checking information may be incorrect. [/home/boib2/vivadoProjects/registerProj/project_1/project_1.srcs/sim_1/new/src/quiet_test.svh:]
WARNING: [filemgmt 56-199] Attempt to get parsing info during refresh. "On-the-fly" syntax checking information may be incorrect. [/home/boib2/vivadoProjects/registerProj/project_1/project_1.srcs/sources_1/new/programCounter.v:]
WARNING: [filemgmt 56-199] Attempt to get parsing info during refresh. "On-the-fly" syntax checking information may be incorrect. [/home/boib2/vivadoProjects/registerProj/project_1/project_1.srcs/sim_1/new/src/scoreboard.svh:]
WARNING: [filemgmt 56-199] Attempt to get parsing info during refresh. "On-the-fly" syntax checking information may be incorrect. [/home/boib2/vivadoProjects/registerProj/project_1/project_1.srcs/sim_1/new/src/counter_test.svh:]
WARNING: [filemgmt 56-199] Attempt to get parsing info during refresh. "On-the-fly" syntax checking information may be incorrect. [/home/boib2/vivadoProjects/registerProj/project_1/project_1.srcs/sim_1/new/src/counter_test.svh:]
WARNING: [filemgmt 56-199] Attempt to get parsing info during refresh. "On-the-fly" syntax checking information may be incorrect. [/home/boib2/vivadoProjects/registerProj/project_1/project_1.srcs/sim_1/new/tb_top.sv:]
WARNING: [filemgmt 56-199] Attempt to get parsing info during refresh. "On-the-fly" syntax checking information may be incorrect. [/home/boib2/vivadoProjects/registerProj/project_1/project_1.srcs/sim_1/new/src/driver.svh:]
WARNING: [filemgmt 56-199] Attempt to get parsing info during refresh. "On-the-fly" syntax checking information may be incorrect. [/home/boib2/vivadoProjects/registerProj/project_1/project_1.srcs/sim_1/new/src/printer.svh:]
WARNING: [filemgmt 56-199] Attempt to get parsing info during refresh. "On-the-fly" syntax checking information may be incorrect. [/home/boib2/vivadoProjects/registerProj/project_1/project_1.srcs/sim_1/new/src/counter_test.svh:]
WARNING: [filemgmt 56-199] Attempt to get parsing info during refresh. "On-the-fly" syntax checking information may be incorrect. [/home/boib2/vivadoProjects/registerProj/project_1/project_1.srcs/sim_1/new/src/counter_env.svh:]
WARNING: [filemgmt 56-199] Attempt to get parsing info during refresh. "On-the-fly" syntax checking information may be incorrect. [/home/boib2/vivadoProjects/registerProj/project_1/project_1.srcs/sim_1/new/counter_pkg.sv:]
WARNING: [filemgmt 56-199] Attempt to get parsing info during refresh. "On-the-fly" syntax checking information may be incorrect. [/home/boib2/vivadoProjects/registerProj/project_1/project_1.srcs/sim_1/new/src/agent_with_interface.svh:]
WARNING: [filemgmt 56-199] Attempt to get parsing info during refresh. "On-the-fly" syntax checking information may be incorrect. [/home/boib2/vivadoProjects/registerProj/project_1/project_1.srcs/sim_1/new/counter_if.sv:]
WARNING: [filemgmt 56-199] Attempt to get parsing info during refresh. "On-the-fly" syntax checking information may be incorrect. [/home/boib2/vivadoProjects/registerProj/project_1/project_1.srcs/sim_1/new/src/quiet_test.svh:]
WARNING: [filemgmt 56-199] Attempt to get parsing info during refresh. "On-the-fly" syntax checking information may be incorrect. [/home/boib2/vivadoProjects/registerProj/project_1/project_1.srcs/sources_1/new/programCounter.v:]
WARNING: [filemgmt 56-199] Attempt to get parsing info during refresh. "On-the-fly" syntax checking information may be incorrect. [/home/boib2/vivadoProjects/registerProj/project_1/project_1.srcs/sim_1/new/src/scoreboard.svh:]
WARNING: [filemgmt 56-199] Attempt to get parsing info during refresh. "On-the-fly" syntax checking information may be incorrect. [/home/boib2/vivadoProjects/registerProj/project_1/project_1.srcs/sim_1/new/src/counter_env.svh:]
WARNING: [filemgmt 56-199] Attempt to get parsing info during refresh. "On-the-fly" syntax checking information may be incorrect. [/home/boib2/vivadoProjects/registerProj/project_1/project_1.srcs/sim_1/new/src/counter_env.svh:]
WARNING: [filemgmt 56-199] Attempt to get parsing info during refresh. "On-the-fly" syntax checking information may be incorrect. [/home/boib2/vivadoProjects/registerProj/project_1/project_1.srcs/sim_1/new/tb_top.sv:]
WARNING: [filemgmt 56-199] Attempt to get parsing info during refresh. "On-the-fly" syntax checking information may be incorrect. [/home/boib2/vivadoProjects/registerProj/project_1/project_1.srcs/sim_1/new/src/driver.svh:]
WARNING: [filemgmt 56-199] Attempt to get parsing info during refresh. "On-the-fly" syntax checking information may be incorrect. [/home/boib2/vivadoProjects/registerProj/project_1/project_1.srcs/sim_1/new/src/printer.svh:]
WARNING: [filemgmt 56-199] Attempt to get parsing info during refresh. "On-the-fly" syntax checking information may be incorrect. [/home/boib2/vivadoProjects/registerProj/project_1/project_1.srcs/sim_1/new/src/counter_test.svh:]
WARNING: [filemgmt 56-199] Attempt to get parsing info during refresh. "On-the-fly" syntax checking information may be incorrect. [/home/boib2/vivadoProjects/registerProj/project_1/project_1.srcs/sim_1/new/src/counter_env.svh:]
WARNING: [filemgmt 56-199] Attempt to get parsing info during refresh. "On-the-fly" syntax checking information may be incorrect. [/home/boib2/vivadoProjects/registerProj/project_1/project_1.srcs/sim_1/new/counter_pkg.sv:]
WARNING: [filemgmt 56-199] Attempt to get parsing info during refresh. "On-the-fly" syntax checking information may be incorrect. [/home/boib2/vivadoProjects/registerProj/project_1/project_1.srcs/sim_1/new/src/agent_with_interface.svh:]
WARNING: [filemgmt 56-199] Attempt to get parsing info during refresh. "On-the-fly" syntax checking information may be incorrect. [/home/boib2/vivadoProjects/registerProj/project_1/project_1.srcs/sim_1/new/counter_if.sv:]
WARNING: [filemgmt 56-199] Attempt to get parsing info during refresh. "On-the-fly" syntax checking information may be incorrect. [/home/boib2/vivadoProjects/registerProj/project_1/project_1.srcs/sim_1/new/src/quiet_test.svh:]
WARNING: [filemgmt 56-199] Attempt to get parsing info during refresh. "On-the-fly" syntax checking information may be incorrect. [/home/boib2/vivadoProjects/registerProj/project_1/project_1.srcs/sources_1/new/programCounter.v:]
WARNING: [filemgmt 56-199] Attempt to get parsing info during refresh. "On-the-fly" syntax checking information may be incorrect. [/home/boib2/vivadoProjects/registerProj/project_1/project_1.srcs/sim_1/new/src/scoreboard.svh:]
WARNING: [filemgmt 56-199] Attempt to get parsing info during refresh. "On-the-fly" syntax checking information may be incorrect. [/home/boib2/vivadoProjects/registerProj/project_1/project_1.srcs/sim_1/new/counter_if.sv:]
WARNING: [filemgmt 56-199] Attempt to get parsing info during refresh. "On-the-fly" syntax checking information may be incorrect. [/home/boib2/vivadoProjects/registerProj/project_1/project_1.srcs/sim_1/new/counter_if.sv:]
WARNING: [filemgmt 56-199] Attempt to get parsing info during refresh. "On-the-fly" syntax checking information may be incorrect. [/home/boib2/vivadoProjects/registerProj/project_1/project_1.srcs/sim_1/new/tb_top.sv:]
WARNING: [filemgmt 56-199] Attempt to get parsing info during refresh. "On-the-fly" syntax checking information may be incorrect. [/home/boib2/vivadoProjects/registerProj/project_1/project_1.srcs/sim_1/new/src/driver.svh:]
WARNING: [filemgmt 56-199] Attempt to get parsing info during refresh. "On-the-fly" syntax checking information may be incorrect. [/home/boib2/vivadoProjects/registerProj/project_1/project_1.srcs/sim_1/new/src/printer.svh:]
WARNING: [filemgmt 56-199] Attempt to get parsing info during refresh. "On-the-fly" syntax checking information may be incorrect. [/home/boib2/vivadoProjects/registerProj/project_1/project_1.srcs/sim_1/new/src/counter_test.svh:]
WARNING: [filemgmt 56-199] Attempt to get parsing info during refresh. "On-the-fly" syntax checking information may be incorrect. [/home/boib2/vivadoProjects/registerProj/project_1/project_1.srcs/sim_1/new/src/counter_env.svh:]
WARNING: [filemgmt 56-199] Attempt to get parsing info during refresh. "On-the-fly" syntax checking information may be incorrect. [/home/boib2/vivadoProjects/registerProj/project_1/project_1.srcs/sim_1/new/counter_pkg.sv:]
WARNING: [filemgmt 56-199] Attempt to get parsing info during refresh. "On-the-fly" syntax checking information may be incorrect. [/home/boib2/vivadoProjects/registerProj/project_1/project_1.srcs/sim_1/new/src/agent_with_interface.svh:]
WARNING: [filemgmt 56-199] Attempt to get parsing info during refresh. "On-the-fly" syntax checking information may be incorrect. [/home/boib2/vivadoProjects/registerProj/project_1/project_1.srcs/sim_1/new/counter_if.sv:]
WARNING: [filemgmt 56-199] Attempt to get parsing info during refresh. "On-the-fly" syntax checking information may be incorrect. [/home/boib2/vivadoProjects/registerProj/project_1/project_1.srcs/sim_1/new/src/quiet_test.svh:]
WARNING: [filemgmt 56-199] Attempt to get parsing info during refresh. "On-the-fly" syntax checking information may be incorrect. [/home/boib2/vivadoProjects/registerProj/project_1/project_1.srcs/sources_1/new/programCounter.v:]
WARNING: [filemgmt 56-199] Attempt to get parsing info during refresh. "On-the-fly" syntax checking information may be incorrect. [/home/boib2/vivadoProjects/registerProj/project_1/project_1.srcs/sim_1/new/src/scoreboard.svh:]
WARNING: [filemgmt 56-199] Attempt to get parsing info during refresh. "On-the-fly" syntax checking information may be incorrect. [/home/boib2/vivadoProjects/registerProj/project_1/project_1.srcs/sim_1/new/tb_top.sv:]
WARNING: [filemgmt 56-199] Attempt to get parsing info during refresh. "On-the-fly" syntax checking information may be incorrect. [/home/boib2/vivadoProjects/registerProj/project_1/project_1.srcs/sim_1/new/tb_top.sv:]
WARNING: [filemgmt 56-199] Attempt to get parsing info during refresh. "On-the-fly" syntax checking information may be incorrect. [/home/boib2/vivadoProjects/registerProj/project_1/project_1.srcs/sim_1/new/tb_top.sv:]
WARNING: [filemgmt 56-199] Attempt to get parsing info during refresh. "On-the-fly" syntax checking information may be incorrect. [/home/boib2/vivadoProjects/registerProj/project_1/project_1.srcs/sim_1/new/src/driver.svh:]
WARNING: [filemgmt 56-199] Attempt to get parsing info during refresh. "On-the-fly" syntax checking information may be incorrect. [/home/boib2/vivadoProjects/registerProj/project_1/project_1.srcs/sim_1/new/src/printer.svh:]
WARNING: [filemgmt 56-199] Attempt to get parsing info during refresh. "On-the-fly" syntax checking information may be incorrect. [/home/boib2/vivadoProjects/registerProj/project_1/project_1.srcs/sim_1/new/src/counter_test.svh:]
WARNING: [filemgmt 56-199] Attempt to get parsing info during refresh. "On-the-fly" syntax checking information may be incorrect. [/home/boib2/vivadoProjects/registerProj/project_1/project_1.srcs/sim_1/new/src/counter_env.svh:]
WARNING: [filemgmt 56-199] Attempt to get parsing info during refresh. "On-the-fly" syntax checking information may be incorrect. [/home/boib2/vivadoProjects/registerProj/project_1/project_1.srcs/sim_1/new/counter_pkg.sv:]
WARNING: [filemgmt 56-199] Attempt to get parsing info during refresh. "On-the-fly" syntax checking information may be incorrect. [/home/boib2/vivadoProjects/registerProj/project_1/project_1.srcs/sim_1/new/src/agent_with_interface.svh:]
WARNING: [filemgmt 56-199] Attempt to get parsing info during refresh. "On-the-fly" syntax checking information may be incorrect. [/home/boib2/vivadoProjects/registerProj/project_1/project_1.srcs/sim_1/new/counter_if.sv:]
WARNING: [filemgmt 56-199] Attempt to get parsing info during refresh. "On-the-fly" syntax checking information may be incorrect. [/home/boib2/vivadoProjects/registerProj/project_1/project_1.srcs/sim_1/new/src/quiet_test.svh:]
WARNING: [filemgmt 56-199] Attempt to get parsing info during refresh. "On-the-fly" syntax checking information may be incorrect. [/home/boib2/vivadoProjects/registerProj/project_1/project_1.srcs/sources_1/new/programCounter.v:]
WARNING: [filemgmt 56-199] Attempt to get parsing info during refresh. "On-the-fly" syntax checking information may be incorrect. [/home/boib2/vivadoProjects/registerProj/project_1/project_1.srcs/sim_1/new/src/scoreboard.svh:]
WARNING: [filemgmt 56-199] Attempt to get parsing info during refresh. "On-the-fly" syntax checking information may be incorrect. [/home/boib2/vivadoProjects/registerProj/project_1/project_1.srcs/sources_1/new/programCounter.v:]
WARNING: [filemgmt 56-199] Attempt to get parsing info during refresh. "On-the-fly" syntax checking information may be incorrect. [/home/boib2/vivadoProjects/registerProj/project_1/project_1.srcs/sources_1/new/programCounter.v:]
WARNING: [filemgmt 56-199] Attempt to get parsing info during refresh. "On-the-fly" syntax checking information may be incorrect. [/home/boib2/vivadoProjects/registerProj/project_1/project_1.srcs/sim_1/new/tb_top.sv:]
WARNING: [filemgmt 56-199] Attempt to get parsing info during refresh. "On-the-fly" syntax checking information may be incorrect. [/home/boib2/vivadoProjects/registerProj/project_1/project_1.srcs/sim_1/new/src/driver.svh:]
WARNING: [filemgmt 56-199] Attempt to get parsing info during refresh. "On-the-fly" syntax checking information may be incorrect. [/home/boib2/vivadoProjects/registerProj/project_1/project_1.srcs/sim_1/new/src/printer.svh:]
WARNING: [filemgmt 56-199] Attempt to get parsing info during refresh. "On-the-fly" syntax checking information may be incorrect. [/home/boib2/vivadoProjects/registerProj/project_1/project_1.srcs/sim_1/new/src/counter_test.svh:]
WARNING: [filemgmt 56-199] Attempt to get parsing info during refresh. "On-the-fly" syntax checking information may be incorrect. [/home/boib2/vivadoProjects/registerProj/project_1/project_1.srcs/sim_1/new/src/counter_env.svh:]
WARNING: [filemgmt 56-199] Attempt to get parsing info during refresh. "On-the-fly" syntax checking information may be incorrect. [/home/boib2/vivadoProjects/registerProj/project_1/project_1.srcs/sim_1/new/counter_pkg.sv:]
WARNING: [filemgmt 56-199] Attempt to get parsing info during refresh. "On-the-fly" syntax checking information may be incorrect. [/home/boib2/vivadoProjects/registerProj/project_1/project_1.srcs/sim_1/new/src/agent_with_interface.svh:]
WARNING: [filemgmt 56-199] Attempt to get parsing info during refresh. "On-the-fly" syntax checking information may be incorrect. [/home/boib2/vivadoProjects/registerProj/project_1/project_1.srcs/sim_1/new/counter_if.sv:]
WARNING: [filemgmt 56-199] Attempt to get parsing info during refresh. "On-the-fly" syntax checking information may be incorrect. [/home/boib2/vivadoProjects/registerProj/project_1/project_1.srcs/sim_1/new/src/quiet_test.svh:]
WARNING: [filemgmt 56-199] Attempt to get parsing info during refresh. "On-the-fly" syntax checking information may be incorrect. [/home/boib2/vivadoProjects/registerProj/project_1/project_1.srcs/sources_1/new/programCounter.v:]
WARNING: [filemgmt 56-199] Attempt to get parsing info during refresh. "On-the-fly" syntax checking information may be incorrect. [/home/boib2/vivadoProjects/registerProj/project_1/project_1.srcs/sim_1/new/src/scoreboard.svh:]
WARNING: [filemgmt 56-199] Attempt to get parsing info during refresh. "On-the-fly" syntax checking information may be incorrect. [/home/boib2/vivadoProjects/registerProj/project_1/project_1.srcs/sim_1/new/src/scoreboard.svh:]
WARNING: [filemgmt 56-199] Attempt to get parsing info during refresh. "On-the-fly" syntax checking information may be incorrect. [/home/boib2/vivadoProjects/registerProj/project_1/project_1.srcs/sim_1/new/src/scoreboard.svh:]
WARNING: [filemgmt 56-199] Attempt to get parsing info during refresh. "On-the-fly" syntax checking information may be incorrect. [/home/boib2/vivadoProjects/registerProj/project_1/project_1.srcs/sim_1/new/tb_top.sv:]
WARNING: [filemgmt 56-199] Attempt to get parsing info during refresh. "On-the-fly" syntax checking information may be incorrect. [/home/boib2/vivadoProjects/registerProj/project_1/project_1.srcs/sim_1/new/src/driver.svh:]
WARNING: [filemgmt 56-199] Attempt to get parsing info during refresh. "On-the-fly" syntax checking information may be incorrect. [/home/boib2/vivadoProjects/registerProj/project_1/project_1.srcs/sim_1/new/src/printer.svh:]
WARNING: [filemgmt 56-199] Attempt to get parsing info during refresh. "On-the-fly" syntax checking information may be incorrect. [/home/boib2/vivadoProjects/registerProj/project_1/project_1.srcs/sim_1/new/src/counter_test.svh:]
WARNING: [filemgmt 56-199] Attempt to get parsing info during refresh. "On-the-fly" syntax checking information may be incorrect. [/home/boib2/vivadoProjects/registerProj/project_1/project_1.srcs/sim_1/new/src/counter_env.svh:]
WARNING: [filemgmt 56-199] Attempt to get parsing info during refresh. "On-the-fly" syntax checking information may be incorrect. [/home/boib2/vivadoProjects/registerProj/project_1/project_1.srcs/sim_1/new/counter_pkg.sv:]
WARNING: [filemgmt 56-199] Attempt to get parsing info during refresh. "On-the-fly" syntax checking information may be incorrect. [/home/boib2/vivadoProjects/registerProj/project_1/project_1.srcs/sim_1/new/src/agent_with_interface.svh:]
WARNING: [filemgmt 56-199] Attempt to get parsing info during refresh. "On-the-fly" syntax checking information may be incorrect. [/home/boib2/vivadoProjects/registerProj/project_1/project_1.srcs/sim_1/new/counter_if.sv:]
WARNING: [filemgmt 56-199] Attempt to get parsing info during refresh. "On-the-fly" syntax checking information may be incorrect. [/home/boib2/vivadoProjects/registerProj/project_1/project_1.srcs/sim_1/new/src/quiet_test.svh:]
WARNING: [filemgmt 56-199] Attempt to get parsing info during refresh. "On-the-fly" syntax checking information may be incorrect. [/home/boib2/vivadoProjects/registerProj/project_1/project_1.srcs/sources_1/new/programCounter.v:]
WARNING: [filemgmt 56-199] Attempt to get parsing info during refresh. "On-the-fly" syntax checking information may be incorrect. [/home/boib2/vivadoProjects/registerProj/project_1/project_1.srcs/sim_1/new/src/scoreboard.svh:]
WARNING: [filemgmt 56-199] Attempt to get parsing info during refresh. "On-the-fly" syntax checking information may be incorrect. [/home/boib2/vivadoProjects/registerProj/project_1/project_1.srcs/sim_1/new/src/quiet_test.svh:]
WARNING: [filemgmt 56-199] Attempt to get parsing info during refresh. "On-the-fly" syntax checking information may be incorrect. [/home/boib2/vivadoProjects/registerProj/project_1/project_1.srcs/sim_1/new/src/quiet_test.svh:]
WARNING: [filemgmt 56-199] Attempt to get parsing info during refresh. "On-the-fly" syntax checking information may be incorrect. [/home/boib2/vivadoProjects/registerProj/project_1/project_1.srcs/sim_1/new/tb_top.sv:]
WARNING: [filemgmt 56-199] Attempt to get parsing info during refresh. "On-the-fly" syntax checking information may be incorrect. [/home/boib2/vivadoProjects/registerProj/project_1/project_1.srcs/sim_1/new/src/driver.svh:]
WARNING: [filemgmt 56-199] Attempt to get parsing info during refresh. "On-the-fly" syntax checking information may be incorrect. [/home/boib2/vivadoProjects/registerProj/project_1/project_1.srcs/sim_1/new/src/printer.svh:]
WARNING: [filemgmt 56-199] Attempt to get parsing info during refresh. "On-the-fly" syntax checking information may be incorrect. [/home/boib2/vivadoProjects/registerProj/project_1/project_1.srcs/sim_1/new/src/counter_test.svh:]
WARNING: [filemgmt 56-199] Attempt to get parsing info during refresh. "On-the-fly" syntax checking information may be incorrect. [/home/boib2/vivadoProjects/registerProj/project_1/project_1.srcs/sim_1/new/src/counter_env.svh:]
WARNING: [filemgmt 56-199] Attempt to get parsing info during refresh. "On-the-fly" syntax checking information may be incorrect. [/home/boib2/vivadoProjects/registerProj/project_1/project_1.srcs/sim_1/new/counter_pkg.sv:]
WARNING: [filemgmt 56-199] Attempt to get parsing info during refresh. "On-the-fly" syntax checking information may be incorrect. [/home/boib2/vivadoProjects/registerProj/project_1/project_1.srcs/sim_1/new/src/agent_with_interface.svh:]
WARNING: [filemgmt 56-199] Attempt to get parsing info during refresh. "On-the-fly" syntax checking information may be incorrect. [/home/boib2/vivadoProjects/registerProj/project_1/project_1.srcs/sim_1/new/counter_if.sv:]
WARNING: [filemgmt 56-199] Attempt to get parsing info during refresh. "On-the-fly" syntax checking information may be incorrect. [/home/boib2/vivadoProjects/registerProj/project_1/project_1.srcs/sim_1/new/src/quiet_test.svh:]
WARNING: [filemgmt 56-199] Attempt to get parsing info during refresh. "On-the-fly" syntax checking information may be incorrect. [/home/boib2/vivadoProjects/registerProj/project_1/project_1.srcs/sources_1/new/programCounter.v:]
WARNING: [filemgmt 56-199] Attempt to get parsing info during refresh. "On-the-fly" syntax checking information may be incorrect. [/home/boib2/vivadoProjects/registerProj/project_1/project_1.srcs/sim_1/new/src/scoreboard.svh:]
WARNING: [filemgmt 56-199] Attempt to get parsing info during refresh. "On-the-fly" syntax checking information may be incorrect. [/home/boib2/vivadoProjects/registerProj/project_1/project_1.srcs/sim_1/new/src/counter_test.svh:]
WARNING: [filemgmt 56-199] Attempt to get parsing info during refresh. "On-the-fly" syntax checking information may be incorrect. [/home/boib2/vivadoProjects/registerProj/project_1/project_1.srcs/sim_1/new/src/counter_test.svh:]
WARNING: [filemgmt 56-199] Attempt to get parsing info during refresh. "On-the-fly" syntax checking information may be incorrect. [/home/boib2/vivadoProjects/registerProj/project_1/project_1.srcs/sim_1/new/tb_top.sv:]
WARNING: [filemgmt 56-199] Attempt to get parsing info during refresh. "On-the-fly" syntax checking information may be incorrect. [/home/boib2/vivadoProjects/registerProj/project_1/project_1.srcs/sim_1/new/src/driver.svh:]
WARNING: [filemgmt 56-199] Attempt to get parsing info during refresh. "On-the-fly" syntax checking information may be incorrect. [/home/boib2/vivadoProjects/registerProj/project_1/project_1.srcs/sim_1/new/src/printer.svh:]
WARNING: [filemgmt 56-199] Attempt to get parsing info during refresh. "On-the-fly" syntax checking information may be incorrect. [/home/boib2/vivadoProjects/registerProj/project_1/project_1.srcs/sim_1/new/src/counter_test.svh:]
WARNING: [filemgmt 56-199] Attempt to get parsing info during refresh. "On-the-fly" syntax checking information may be incorrect. [/home/boib2/vivadoProjects/registerProj/project_1/project_1.srcs/sim_1/new/src/counter_env.svh:]
WARNING: [filemgmt 56-199] Attempt to get parsing info during refresh. "On-the-fly" syntax checking information may be incorrect. [/home/boib2/vivadoProjects/registerProj/project_1/project_1.srcs/sim_1/new/counter_pkg.sv:]
WARNING: [filemgmt 56-199] Attempt to get parsing info during refresh. "On-the-fly" syntax checking information may be incorrect. [/home/boib2/vivadoProjects/registerProj/project_1/project_1.srcs/sim_1/new/src/agent_with_interface.svh:]
WARNING: [filemgmt 56-199] Attempt to get parsing info during refresh. "On-the-fly" syntax checking information may be incorrect. [/home/boib2/vivadoProjects/registerProj/project_1/project_1.srcs/sim_1/new/counter_if.sv:]
WARNING: [filemgmt 56-199] Attempt to get parsing info during refresh. "On-the-fly" syntax checking information may be incorrect. [/home/boib2/vivadoProjects/registerProj/project_1/project_1.srcs/sim_1/new/src/quiet_test.svh:]
WARNING: [filemgmt 56-199] Attempt to get parsing info during refresh. "On-the-fly" syntax checking information may be incorrect. [/home/boib2/vivadoProjects/registerProj/project_1/project_1.srcs/sources_1/new/programCounter.v:]
WARNING: [filemgmt 56-199] Attempt to get parsing info during refresh. "On-the-fly" syntax checking information may be incorrect. [/home/boib2/vivadoProjects/registerProj/project_1/project_1.srcs/sim_1/new/src/scoreboard.svh:]
WARNING: [filemgmt 56-199] Attempt to get parsing info during refresh. "On-the-fly" syntax checking information may be incorrect. [/home/boib2/vivadoProjects/registerProj/project_1/project_1.srcs/sim_1/new/src/driver.svh:]
WARNING: [filemgmt 56-199] Attempt to get parsing info during refresh. "On-the-fly" syntax checking information may be incorrect. [/home/boib2/vivadoProjects/registerProj/project_1/project_1.srcs/sim_1/new/src/driver.svh:]
WARNING: [filemgmt 56-199] Attempt to get parsing info during refresh. "On-the-fly" syntax checking information may be incorrect. [/home/boib2/vivadoProjects/registerProj/project_1/project_1.srcs/sim_1/new/tb_top.sv:]
WARNING: [filemgmt 56-199] Attempt to get parsing info during refresh. "On-the-fly" syntax checking information may be incorrect. [/home/boib2/vivadoProjects/registerProj/project_1/project_1.srcs/sim_1/new/src/driver.svh:]
WARNING: [filemgmt 56-199] Attempt to get parsing info during refresh. "On-the-fly" syntax checking information may be incorrect. [/home/boib2/vivadoProjects/registerProj/project_1/project_1.srcs/sim_1/new/src/printer.svh:]
WARNING: [filemgmt 56-199] Attempt to get parsing info during refresh. "On-the-fly" syntax checking information may be incorrect. [/home/boib2/vivadoProjects/registerProj/project_1/project_1.srcs/sim_1/new/src/counter_test.svh:]
WARNING: [filemgmt 56-199] Attempt to get parsing info during refresh. "On-the-fly" syntax checking information may be incorrect. [/home/boib2/vivadoProjects/registerProj/project_1/project_1.srcs/sim_1/new/src/counter_env.svh:]
WARNING: [filemgmt 56-199] Attempt to get parsing info during refresh. "On-the-fly" syntax checking information may be incorrect. [/home/boib2/vivadoProjects/registerProj/project_1/project_1.srcs/sim_1/new/counter_pkg.sv:]
WARNING: [filemgmt 56-199] Attempt to get parsing info during refresh. "On-the-fly" syntax checking information may be incorrect. [/home/boib2/vivadoProjects/registerProj/project_1/project_1.srcs/sim_1/new/src/agent_with_interface.svh:]
WARNING: [filemgmt 56-199] Attempt to get parsing info during refresh. "On-the-fly" syntax checking information may be incorrect. [/home/boib2/vivadoProjects/registerProj/project_1/project_1.srcs/sim_1/new/counter_if.sv:]
WARNING: [filemgmt 56-199] Attempt to get parsing info during refresh. "On-the-fly" syntax checking information may be incorrect. [/home/boib2/vivadoProjects/registerProj/project_1/project_1.srcs/sim_1/new/src/quiet_test.svh:]
WARNING: [filemgmt 56-199] Attempt to get parsing info during refresh. "On-the-fly" syntax checking information may be incorrect. [/home/boib2/vivadoProjects/registerProj/project_1/project_1.srcs/sources_1/new/programCounter.v:]
WARNING: [filemgmt 56-199] Attempt to get parsing info during refresh. "On-the-fly" syntax checking information may be incorrect. [/home/boib2/vivadoProjects/registerProj/project_1/project_1.srcs/sim_1/new/src/scoreboard.svh:]
WARNING: [filemgmt 56-199] Attempt to get parsing info during refresh. "On-the-fly" syntax checking information may be incorrect. [/home/boib2/vivadoProjects/registerProj/project_1/project_1.srcs/sim_1/new/src/counter_env.svh:]
WARNING: [filemgmt 56-199] Attempt to get parsing info during refresh. "On-the-fly" syntax checking information may be incorrect. [/home/boib2/vivadoProjects/registerProj/project_1/project_1.srcs/sim_1/new/src/counter_env.svh:]
WARNING: [filemgmt 56-199] Attempt to get parsing info during refresh. "On-the-fly" syntax checking information may be incorrect. [/home/boib2/vivadoProjects/registerProj/project_1/project_1.srcs/sim_1/new/tb_top.sv:]
WARNING: [filemgmt 56-199] Attempt to get parsing info during refresh. "On-the-fly" syntax checking information may be incorrect. [/home/boib2/vivadoProjects/registerProj/project_1/project_1.srcs/sim_1/new/src/driver.svh:]
WARNING: [filemgmt 56-199] Attempt to get parsing info during refresh. "On-the-fly" syntax checking information may be incorrect. [/home/boib2/vivadoProjects/registerProj/project_1/project_1.srcs/sim_1/new/src/printer.svh:]
WARNING: [filemgmt 56-199] Attempt to get parsing info during refresh. "On-the-fly" syntax checking information may be incorrect. [/home/boib2/vivadoProjects/registerProj/project_1/project_1.srcs/sim_1/new/src/counter_test.svh:]
WARNING: [filemgmt 56-199] Attempt to get parsing info during refresh. "On-the-fly" syntax checking information may be incorrect. [/home/boib2/vivadoProjects/registerProj/project_1/project_1.srcs/sim_1/new/src/counter_env.svh:]
WARNING: [filemgmt 56-199] Attempt to get parsing info during refresh. "On-the-fly" syntax checking information may be incorrect. [/home/boib2/vivadoProjects/registerProj/project_1/project_1.srcs/sim_1/new/counter_pkg.sv:]
WARNING: [filemgmt 56-199] Attempt to get parsing info during refresh. "On-the-fly" syntax checking information may be incorrect. [/home/boib2/vivadoProjects/registerProj/project_1/project_1.srcs/sim_1/new/src/agent_with_interface.svh:]
WARNING: [filemgmt 56-199] Attempt to get parsing info during refresh. "On-the-fly" syntax checking information may be incorrect. [/home/boib2/vivadoProjects/registerProj/project_1/project_1.srcs/sim_1/new/counter_if.sv:]
WARNING: [filemgmt 56-199] Attempt to get parsing info during refresh. "On-the-fly" syntax checking information may be incorrect. [/home/boib2/vivadoProjects/registerProj/project_1/project_1.srcs/sim_1/new/src/quiet_test.svh:]
WARNING: [filemgmt 56-199] Attempt to get parsing info during refresh. "On-the-fly" syntax checking information may be incorrect. [/home/boib2/vivadoProjects/registerProj/project_1/project_1.srcs/sources_1/new/programCounter.v:]
WARNING: [filemgmt 56-199] Attempt to get parsing info during refresh. "On-the-fly" syntax checking information may be incorrect. [/home/boib2/vivadoProjects/registerProj/project_1/project_1.srcs/sim_1/new/src/scoreboard.svh:]
WARNING: [filemgmt 56-199] Attempt to get parsing info during refresh. "On-the-fly" syntax checking information may be incorrect. [/home/boib2/vivadoProjects/registerProj/project_1/project_1.srcs/sim_1/new/src/printer.svh:]
WARNING: [filemgmt 56-199] Attempt to get parsing info during refresh. "On-the-fly" syntax checking information may be incorrect. [/home/boib2/vivadoProjects/registerProj/project_1/project_1.srcs/sim_1/new/src/printer.svh:]
WARNING: [filemgmt 56-199] Attempt to get parsing info during refresh. "On-the-fly" syntax checking information may be incorrect. [/home/boib2/vivadoProjects/registerProj/project_1/project_1.srcs/sim_1/new/tb_top.sv:]
WARNING: [filemgmt 56-199] Attempt to get parsing info during refresh. "On-the-fly" syntax checking information may be incorrect. [/home/boib2/vivadoProjects/registerProj/project_1/project_1.srcs/sim_1/new/src/driver.svh:]
WARNING: [filemgmt 56-199] Attempt to get parsing info during refresh. "On-the-fly" syntax checking information may be incorrect. [/home/boib2/vivadoProjects/registerProj/project_1/project_1.srcs/sim_1/new/src/printer.svh:]
WARNING: [filemgmt 56-199] Attempt to get parsing info during refresh. "On-the-fly" syntax checking information may be incorrect. [/home/boib2/vivadoProjects/registerProj/project_1/project_1.srcs/sim_1/new/src/counter_test.svh:]
WARNING: [filemgmt 56-199] Attempt to get parsing info during refresh. "On-the-fly" syntax checking information may be incorrect. [/home/boib2/vivadoProjects/registerProj/project_1/project_1.srcs/sim_1/new/src/counter_env.svh:]
WARNING: [filemgmt 56-199] Attempt to get parsing info during refresh. "On-the-fly" syntax checking information may be incorrect. [/home/boib2/vivadoProjects/registerProj/project_1/project_1.srcs/sim_1/new/counter_pkg.sv:]
WARNING: [filemgmt 56-199] Attempt to get parsing info during refresh. "On-the-fly" syntax checking information may be incorrect. [/home/boib2/vivadoProjects/registerProj/project_1/project_1.srcs/sim_1/new/src/agent_with_interface.svh:]
WARNING: [filemgmt 56-199] Attempt to get parsing info during refresh. "On-the-fly" syntax checking information may be incorrect. [/home/boib2/vivadoProjects/registerProj/project_1/project_1.srcs/sim_1/new/counter_if.sv:]
WARNING: [filemgmt 56-199] Attempt to get parsing info during refresh. "On-the-fly" syntax checking information may be incorrect. [/home/boib2/vivadoProjects/registerProj/project_1/project_1.srcs/sim_1/new/src/quiet_test.svh:]
WARNING: [filemgmt 56-199] Attempt to get parsing info during refresh. "On-the-fly" syntax checking information may be incorrect. [/home/boib2/vivadoProjects/registerProj/project_1/project_1.srcs/sources_1/new/programCounter.v:]
WARNING: [filemgmt 56-199] Attempt to get parsing info during refresh. "On-the-fly" syntax checking information may be incorrect. [/home/boib2/vivadoProjects/registerProj/project_1/project_1.srcs/sim_1/new/src/scoreboard.svh:]
WARNING: [filemgmt 56-199] Attempt to get parsing info during refresh. "On-the-fly" syntax checking information may be incorrect. [/home/boib2/vivadoProjects/registerProj/project_1/project_1.srcs/sim_1/new/counter_pkg.sv:]
WARNING: [filemgmt 56-199] Attempt to get parsing info during refresh. "On-the-fly" syntax checking information may be incorrect. [/home/boib2/vivadoProjects/registerProj/project_1/project_1.srcs/sim_1/new/counter_pkg.sv:]
update_compile_order -fileset sim_1
WARNING: [filemgmt 56-199] Attempt to get parsing info during refresh. "On-the-fly" syntax checking information may be incorrect. [/home/boib2/vivadoProjects/registerProj/project_1/project_1.srcs/sim_1/new/tb_top.sv:]
WARNING: [filemgmt 56-199] Attempt to get parsing info during refresh. "On-the-fly" syntax checking information may be incorrect. [/home/boib2/vivadoProjects/registerProj/project_1/project_1.srcs/sim_1/new/src/driver.svh:]
WARNING: [filemgmt 56-199] Attempt to get parsing info during refresh. "On-the-fly" syntax checking information may be incorrect. [/home/boib2/vivadoProjects/registerProj/project_1/project_1.srcs/sim_1/new/src/printer.svh:]
WARNING: [filemgmt 56-199] Attempt to get parsing info during refresh. "On-the-fly" syntax checking information may be incorrect. [/home/boib2/vivadoProjects/registerProj/project_1/project_1.srcs/sim_1/new/src/counter_test.svh:]
WARNING: [filemgmt 56-199] Attempt to get parsing info during refresh. "On-the-fly" syntax checking information may be incorrect. [/home/boib2/vivadoProjects/registerProj/project_1/project_1.srcs/sim_1/new/src/counter_env.svh:]
WARNING: [filemgmt 56-199] Attempt to get parsing info during refresh. "On-the-fly" syntax checking information may be incorrect. [/home/boib2/vivadoProjects/registerProj/project_1/project_1.srcs/sim_1/new/counter_pkg.sv:]
WARNING: [filemgmt 56-199] Attempt to get parsing info during refresh. "On-the-fly" syntax checking information may be incorrect. [/home/boib2/vivadoProjects/registerProj/project_1/project_1.srcs/sim_1/new/src/agent_with_interface.svh:]
WARNING: [filemgmt 56-199] Attempt to get parsing info during refresh. "On-the-fly" syntax checking information may be incorrect. [/home/boib2/vivadoProjects/registerProj/project_1/project_1.srcs/sim_1/new/counter_if.sv:]
WARNING: [filemgmt 56-199] Attempt to get parsing info during refresh. "On-the-fly" syntax checking information may be incorrect. [/home/boib2/vivadoProjects/registerProj/project_1/project_1.srcs/sim_1/new/src/quiet_test.svh:]
WARNING: [filemgmt 56-199] Attempt to get parsing info during refresh. "On-the-fly" syntax checking information may be incorrect. [/home/boib2/vivadoProjects/registerProj/project_1/project_1.srcs/sources_1/new/programCounter.v:]
WARNING: [filemgmt 56-199] Attempt to get parsing info during refresh. "On-the-fly" syntax checking information may be incorrect. [/home/boib2/vivadoProjects/registerProj/project_1/project_1.srcs/sim_1/new/src/scoreboard.svh:]
WARNING: [filemgmt 56-199] Attempt to get parsing info during refresh. "On-the-fly" syntax checking information may be incorrect. [/home/boib2/vivadoProjects/registerProj/project_1/project_1.srcs/sources_1/new/programCounter.v:]
WARNING: [filemgmt 56-199] Attempt to get parsing info during refresh. "On-the-fly" syntax checking information may be incorrect. [/home/boib2/vivadoProjects/registerProj/project_1/project_1.srcs/sources_1/new/programCounter.v:]
WARNING: [filemgmt 56-199] Attempt to get parsing info during refresh. "On-the-fly" syntax checking information may be incorrect. [/home/boib2/vivadoProjects/registerProj/project_1/project_1.srcs/sim_1/new/tb_top.sv:]
WARNING: [filemgmt 56-199] Attempt to get parsing info during refresh. "On-the-fly" syntax checking information may be incorrect. [/home/boib2/vivadoProjects/registerProj/project_1/project_1.srcs/sim_1/new/src/driver.svh:]
WARNING: [filemgmt 56-199] Attempt to get parsing info during refresh. "On-the-fly" syntax checking information may be incorrect. [/home/boib2/vivadoProjects/registerProj/project_1/project_1.srcs/sim_1/new/src/transaction.svh:]
WARNING: [filemgmt 56-199] Attempt to get parsing info during refresh. "On-the-fly" syntax checking information may be incorrect. [/home/boib2/vivadoProjects/registerProj/project_1/project_1.srcs/sim_1/new/src/printer.svh:]
WARNING: [filemgmt 56-199] Attempt to get parsing info during refresh. "On-the-fly" syntax checking information may be incorrect. [/home/boib2/vivadoProjects/registerProj/project_1/project_1.srcs/sim_1/new/src/counter_test.svh:]
WARNING: [filemgmt 56-199] Attempt to get parsing info during refresh. "On-the-fly" syntax checking information may be incorrect. [/home/boib2/vivadoProjects/registerProj/project_1/project_1.srcs/sim_1/new/src/counter_env.svh:]
WARNING: [filemgmt 56-199] Attempt to get parsing info during refresh. "On-the-fly" syntax checking information may be incorrect. [/home/boib2/vivadoProjects/registerProj/project_1/project_1.srcs/sim_1/new/counter_pkg.sv:]
WARNING: [filemgmt 56-199] Attempt to get parsing info during refresh. "On-the-fly" syntax checking information may be incorrect. [/home/boib2/vivadoProjects/registerProj/project_1/project_1.srcs/sim_1/new/src/agent_with_interface.svh:]
WARNING: [filemgmt 56-199] Attempt to get parsing info during refresh. "On-the-fly" syntax checking information may be incorrect. [/home/boib2/vivadoProjects/registerProj/project_1/project_1.srcs/sim_1/new/counter_if.sv:]
INFO: [Common 17-14] Message 'filemgmt 56-199' appears 100 times and further instances of the messages will be disabled. Use the Tcl command set_msg_config to change the current settings.
remove_files  -fileset sim_1 /home/boib2/vivadoProjects/registerProj/project_1/project_1.srcs/sim_1/new/src/monitor.svh
WARNING: [filemgmt 56-199] Attempt to get parsing info during refresh. "On-the-fly" syntax checking information may be incorrect. [/home/boib2/vivadoProjects/registerProj/project_1/project_1.srcs/sim_1/new/src/counter_env.svh:]
WARNING: [filemgmt 56-199] Attempt to get parsing info during refresh. "On-the-fly" syntax checking information may be incorrect. [/home/boib2/vivadoProjects/registerProj/project_1/project_1.srcs/sim_1/new/counter_pkg.sv:]
WARNING: [filemgmt 56-199] Attempt to get parsing info during refresh. "On-the-fly" syntax checking information may be incorrect. [/home/boib2/vivadoProjects/registerProj/project_1/project_1.srcs/sim_1/new/counter_if.sv:]
WARNING: [filemgmt 56-199] Attempt to get parsing info during refresh. "On-the-fly" syntax checking information may be incorrect. [/home/boib2/vivadoProjects/registerProj/project_1/project_1.srcs/sources_1/new/programCounter.v:]
WARNING: [filemgmt 56-199] Attempt to get parsing info during refresh. "On-the-fly" syntax checking information may be incorrect. [/home/boib2/vivadoProjects/registerProj/project_1/project_1.srcs/sim_1/new/src/scoreboard.svh:]
WARNING: [filemgmt 56-199] Attempt to get parsing info during refresh. "On-the-fly" syntax checking information may be incorrect. [/home/boib2/vivadoProjects/registerProj/project_1/project_1.srcs/sim_1/new/src/monitor.svh:]
WARNING: [filemgmt 56-199] Attempt to get parsing info during refresh. "On-the-fly" syntax checking information may be incorrect. [/home/boib2/vivadoProjects/registerProj/project_1/project_1.srcs/sim_1/new/tb_top.sv:]
WARNING: [filemgmt 56-199] Attempt to get parsing info during refresh. "On-the-fly" syntax checking information may be incorrect. [/home/boib2/vivadoProjects/registerProj/project_1/project_1.srcs/sim_1/new/src/driver.svh:]
WARNING: [filemgmt 56-199] Attempt to get parsing info during refresh. "On-the-fly" syntax checking information may be incorrect. [/home/boib2/vivadoProjects/registerProj/project_1/project_1.srcs/sim_1/new/src/transaction.svh:]
WARNING: [filemgmt 56-199] Attempt to get parsing info during refresh. "On-the-fly" syntax checking information may be incorrect. [/home/boib2/vivadoProjects/registerProj/project_1/project_1.srcs/sim_1/new/src/printer.svh:]
WARNING: [filemgmt 56-199] Attempt to get parsing info during refresh. "On-the-fly" syntax checking information may be incorrect. [/home/boib2/vivadoProjects/registerProj/project_1/project_1.srcs/sim_1/new/src/counter_test.svh:]
WARNING: [filemgmt 56-199] Attempt to get parsing info during refresh. "On-the-fly" syntax checking information may be incorrect. [/home/boib2/vivadoProjects/registerProj/project_1/project_1.srcs/sim_1/new/src/agent_with_interface.svh:]
WARNING: [filemgmt 56-199] Attempt to get parsing info during refresh. "On-the-fly" syntax checking information may be incorrect. [/home/boib2/vivadoProjects/registerProj/project_1/project_1.srcs/sim_1/new/src/quiet_test.svh:]
WARNING: [filemgmt 56-199] Attempt to get parsing info during refresh. "On-the-fly" syntax checking information may be incorrect. [/home/boib2/vivadoProjects/registerProj/project_1/project_1.srcs/sim_1/new/counter_if.sv:]
WARNING: [filemgmt 56-199] Attempt to get parsing info during refresh. "On-the-fly" syntax checking information may be incorrect. [/home/boib2/vivadoProjects/registerProj/project_1/project_1.srcs/sim_1/new/counter_if.sv:]
WARNING: [filemgmt 56-199] Attempt to get parsing info during refresh. "On-the-fly" syntax checking information may be incorrect. [/home/boib2/vivadoProjects/registerProj/project_1/project_1.srcs/sim_1/new/src/counter_env.svh:]
WARNING: [filemgmt 56-199] Attempt to get parsing info during refresh. "On-the-fly" syntax checking information may be incorrect. [/home/boib2/vivadoProjects/registerProj/project_1/project_1.srcs/sim_1/new/counter_pkg.sv:]
WARNING: [filemgmt 56-199] Attempt to get parsing info during refresh. "On-the-fly" syntax checking information may be incorrect. [/home/boib2/vivadoProjects/registerProj/project_1/project_1.srcs/sim_1/new/counter_if.sv:]
WARNING: [filemgmt 56-199] Attempt to get parsing info during refresh. "On-the-fly" syntax checking information may be incorrect. [/home/boib2/vivadoProjects/registerProj/project_1/project_1.srcs/sources_1/new/programCounter.v:]
WARNING: [filemgmt 56-199] Attempt to get parsing info during refresh. "On-the-fly" syntax checking information may be incorrect. [/home/boib2/vivadoProjects/registerProj/project_1/project_1.srcs/sim_1/new/src/scoreboard.svh:]
WARNING: [filemgmt 56-199] Attempt to get parsing info during refresh. "On-the-fly" syntax checking information may be incorrect. [/home/boib2/vivadoProjects/registerProj/project_1/project_1.srcs/sim_1/new/src/monitor.svh:]
WARNING: [filemgmt 56-199] Attempt to get parsing info during refresh. "On-the-fly" syntax checking information may be incorrect. [/home/boib2/vivadoProjects/registerProj/project_1/project_1.srcs/sim_1/new/tb_top.sv:]
WARNING: [filemgmt 56-199] Attempt to get parsing info during refresh. "On-the-fly" syntax checking information may be incorrect. [/home/boib2/vivadoProjects/registerProj/project_1/project_1.srcs/sim_1/new/src/driver.svh:]
WARNING: [filemgmt 56-199] Attempt to get parsing info during refresh. "On-the-fly" syntax checking information may be incorrect. [/home/boib2/vivadoProjects/registerProj/project_1/project_1.srcs/sim_1/new/src/transaction.svh:]
WARNING: [filemgmt 56-199] Attempt to get parsing info during refresh. "On-the-fly" syntax checking information may be incorrect. [/home/boib2/vivadoProjects/registerProj/project_1/project_1.srcs/sim_1/new/src/printer.svh:]
WARNING: [filemgmt 56-199] Attempt to get parsing info during refresh. "On-the-fly" syntax checking information may be incorrect. [/home/boib2/vivadoProjects/registerProj/project_1/project_1.srcs/sim_1/new/src/counter_test.svh:]
WARNING: [filemgmt 56-199] Attempt to get parsing info during refresh. "On-the-fly" syntax checking information may be incorrect. [/home/boib2/vivadoProjects/registerProj/project_1/project_1.srcs/sim_1/new/src/agent_with_interface.svh:]
WARNING: [filemgmt 56-199] Attempt to get parsing info during refresh. "On-the-fly" syntax checking information may be incorrect. [/home/boib2/vivadoProjects/registerProj/project_1/project_1.srcs/sim_1/new/src/quiet_test.svh:]
WARNING: [filemgmt 56-199] Attempt to get parsing info during refresh. "On-the-fly" syntax checking information may be incorrect. [/home/boib2/vivadoProjects/registerProj/project_1/project_1.srcs/sim_1/new/src/driver.svh:]
WARNING: [filemgmt 56-199] Attempt to get parsing info during refresh. "On-the-fly" syntax checking information may be incorrect. [/home/boib2/vivadoProjects/registerProj/project_1/project_1.srcs/sim_1/new/src/driver.svh:]
WARNING: [filemgmt 56-199] Attempt to get parsing info during refresh. "On-the-fly" syntax checking information may be incorrect. [/home/boib2/vivadoProjects/registerProj/project_1/project_1.srcs/sim_1/new/src/counter_env.svh:]
WARNING: [filemgmt 56-199] Attempt to get parsing info during refresh. "On-the-fly" syntax checking information may be incorrect. [/home/boib2/vivadoProjects/registerProj/project_1/project_1.srcs/sim_1/new/counter_pkg.sv:]
WARNING: [filemgmt 56-199] Attempt to get parsing info during refresh. "On-the-fly" syntax checking information may be incorrect. [/home/boib2/vivadoProjects/registerProj/project_1/project_1.srcs/sim_1/new/counter_if.sv:]
WARNING: [filemgmt 56-199] Attempt to get parsing info during refresh. "On-the-fly" syntax checking information may be incorrect. [/home/boib2/vivadoProjects/registerProj/project_1/project_1.srcs/sources_1/new/programCounter.v:]
WARNING: [filemgmt 56-199] Attempt to get parsing info during refresh. "On-the-fly" syntax checking information may be incorrect. [/home/boib2/vivadoProjects/registerProj/project_1/project_1.srcs/sim_1/new/src/scoreboard.svh:]
WARNING: [filemgmt 56-199] Attempt to get parsing info during refresh. "On-the-fly" syntax checking information may be incorrect. [/home/boib2/vivadoProjects/registerProj/project_1/project_1.srcs/sim_1/new/src/monitor.svh:]
WARNING: [filemgmt 56-199] Attempt to get parsing info during refresh. "On-the-fly" syntax checking information may be incorrect. [/home/boib2/vivadoProjects/registerProj/project_1/project_1.srcs/sim_1/new/tb_top.sv:]
WARNING: [filemgmt 56-199] Attempt to get parsing info during refresh. "On-the-fly" syntax checking information may be incorrect. [/home/boib2/vivadoProjects/registerProj/project_1/project_1.srcs/sim_1/new/src/driver.svh:]
WARNING: [filemgmt 56-199] Attempt to get parsing info during refresh. "On-the-fly" syntax checking information may be incorrect. [/home/boib2/vivadoProjects/registerProj/project_1/project_1.srcs/sim_1/new/src/transaction.svh:]
WARNING: [filemgmt 56-199] Attempt to get parsing info during refresh. "On-the-fly" syntax checking information may be incorrect. [/home/boib2/vivadoProjects/registerProj/project_1/project_1.srcs/sim_1/new/src/printer.svh:]
WARNING: [filemgmt 56-199] Attempt to get parsing info during refresh. "On-the-fly" syntax checking information may be incorrect. [/home/boib2/vivadoProjects/registerProj/project_1/project_1.srcs/sim_1/new/src/counter_test.svh:]
WARNING: [filemgmt 56-199] Attempt to get parsing info during refresh. "On-the-fly" syntax checking information may be incorrect. [/home/boib2/vivadoProjects/registerProj/project_1/project_1.srcs/sim_1/new/src/agent_with_interface.svh:]
WARNING: [filemgmt 56-199] Attempt to get parsing info during refresh. "On-the-fly" syntax checking information may be incorrect. [/home/boib2/vivadoProjects/registerProj/project_1/project_1.srcs/sim_1/new/src/quiet_test.svh:]
WARNING: [filemgmt 56-199] Attempt to get parsing info during refresh. "On-the-fly" syntax checking information may be incorrect. [/home/boib2/vivadoProjects/registerProj/project_1/project_1.srcs/sim_1/new/src/scoreboard.svh:]
WARNING: [filemgmt 56-199] Attempt to get parsing info during refresh. "On-the-fly" syntax checking information may be incorrect. [/home/boib2/vivadoProjects/registerProj/project_1/project_1.srcs/sim_1/new/src/scoreboard.svh:]
WARNING: [filemgmt 56-199] Attempt to get parsing info during refresh. "On-the-fly" syntax checking information may be incorrect. [/home/boib2/vivadoProjects/registerProj/project_1/project_1.srcs/sim_1/new/src/counter_env.svh:]
WARNING: [filemgmt 56-199] Attempt to get parsing info during refresh. "On-the-fly" syntax checking information may be incorrect. [/home/boib2/vivadoProjects/registerProj/project_1/project_1.srcs/sim_1/new/counter_pkg.sv:]
WARNING: [filemgmt 56-199] Attempt to get parsing info during refresh. "On-the-fly" syntax checking information may be incorrect. [/home/boib2/vivadoProjects/registerProj/project_1/project_1.srcs/sim_1/new/counter_if.sv:]
WARNING: [filemgmt 56-199] Attempt to get parsing info during refresh. "On-the-fly" syntax checking information may be incorrect. [/home/boib2/vivadoProjects/registerProj/project_1/project_1.srcs/sources_1/new/programCounter.v:]
WARNING: [filemgmt 56-199] Attempt to get parsing info during refresh. "On-the-fly" syntax checking information may be incorrect. [/home/boib2/vivadoProjects/registerProj/project_1/project_1.srcs/sim_1/new/src/scoreboard.svh:]
WARNING: [filemgmt 56-199] Attempt to get parsing info during refresh. "On-the-fly" syntax checking information may be incorrect. [/home/boib2/vivadoProjects/registerProj/project_1/project_1.srcs/sim_1/new/src/monitor.svh:]
WARNING: [filemgmt 56-199] Attempt to get parsing info during refresh. "On-the-fly" syntax checking information may be incorrect. [/home/boib2/vivadoProjects/registerProj/project_1/project_1.srcs/sim_1/new/tb_top.sv:]
WARNING: [filemgmt 56-199] Attempt to get parsing info during refresh. "On-the-fly" syntax checking information may be incorrect. [/home/boib2/vivadoProjects/registerProj/project_1/project_1.srcs/sim_1/new/src/driver.svh:]
WARNING: [filemgmt 56-199] Attempt to get parsing info during refresh. "On-the-fly" syntax checking information may be incorrect. [/home/boib2/vivadoProjects/registerProj/project_1/project_1.srcs/sim_1/new/src/transaction.svh:]
WARNING: [filemgmt 56-199] Attempt to get parsing info during refresh. "On-the-fly" syntax checking information may be incorrect. [/home/boib2/vivadoProjects/registerProj/project_1/project_1.srcs/sim_1/new/src/printer.svh:]
WARNING: [filemgmt 56-199] Attempt to get parsing info during refresh. "On-the-fly" syntax checking information may be incorrect. [/home/boib2/vivadoProjects/registerProj/project_1/project_1.srcs/sim_1/new/src/counter_test.svh:]
WARNING: [filemgmt 56-199] Attempt to get parsing info during refresh. "On-the-fly" syntax checking information may be incorrect. [/home/boib2/vivadoProjects/registerProj/project_1/project_1.srcs/sim_1/new/src/agent_with_interface.svh:]
WARNING: [filemgmt 56-199] Attempt to get parsing info during refresh. "On-the-fly" syntax checking information may be incorrect. [/home/boib2/vivadoProjects/registerProj/project_1/project_1.srcs/sim_1/new/src/quiet_test.svh:]
WARNING: [filemgmt 56-199] Attempt to get parsing info during refresh. "On-the-fly" syntax checking information may be incorrect. [/home/boib2/vivadoProjects/registerProj/project_1/project_1.srcs/sim_1/new/src/counter_test.svh:]
WARNING: [filemgmt 56-199] Attempt to get parsing info during refresh. "On-the-fly" syntax checking information may be incorrect. [/home/boib2/vivadoProjects/registerProj/project_1/project_1.srcs/sim_1/new/src/counter_test.svh:]
WARNING: [filemgmt 56-199] Attempt to get parsing info during refresh. "On-the-fly" syntax checking information may be incorrect. [/home/boib2/vivadoProjects/registerProj/project_1/project_1.srcs/sim_1/new/src/counter_env.svh:]
WARNING: [filemgmt 56-199] Attempt to get parsing info during refresh. "On-the-fly" syntax checking information may be incorrect. [/home/boib2/vivadoProjects/registerProj/project_1/project_1.srcs/sim_1/new/counter_pkg.sv:]
WARNING: [filemgmt 56-199] Attempt to get parsing info during refresh. "On-the-fly" syntax checking information may be incorrect. [/home/boib2/vivadoProjects/registerProj/project_1/project_1.srcs/sim_1/new/counter_if.sv:]
WARNING: [filemgmt 56-199] Attempt to get parsing info during refresh. "On-the-fly" syntax checking information may be incorrect. [/home/boib2/vivadoProjects/registerProj/project_1/project_1.srcs/sources_1/new/programCounter.v:]
WARNING: [filemgmt 56-199] Attempt to get parsing info during refresh. "On-the-fly" syntax checking information may be incorrect. [/home/boib2/vivadoProjects/registerProj/project_1/project_1.srcs/sim_1/new/src/scoreboard.svh:]
WARNING: [filemgmt 56-199] Attempt to get parsing info during refresh. "On-the-fly" syntax checking information may be incorrect. [/home/boib2/vivadoProjects/registerProj/project_1/project_1.srcs/sim_1/new/src/monitor.svh:]
WARNING: [filemgmt 56-199] Attempt to get parsing info during refresh. "On-the-fly" syntax checking information may be incorrect. [/home/boib2/vivadoProjects/registerProj/project_1/project_1.srcs/sim_1/new/tb_top.sv:]
WARNING: [filemgmt 56-199] Attempt to get parsing info during refresh. "On-the-fly" syntax checking information may be incorrect. [/home/boib2/vivadoProjects/registerProj/project_1/project_1.srcs/sim_1/new/src/driver.svh:]
WARNING: [filemgmt 56-199] Attempt to get parsing info during refresh. "On-the-fly" syntax checking information may be incorrect. [/home/boib2/vivadoProjects/registerProj/project_1/project_1.srcs/sim_1/new/src/transaction.svh:]
WARNING: [filemgmt 56-199] Attempt to get parsing info during refresh. "On-the-fly" syntax checking information may be incorrect. [/home/boib2/vivadoProjects/registerProj/project_1/project_1.srcs/sim_1/new/src/printer.svh:]
WARNING: [filemgmt 56-199] Attempt to get parsing info during refresh. "On-the-fly" syntax checking information may be incorrect. [/home/boib2/vivadoProjects/registerProj/project_1/project_1.srcs/sim_1/new/src/counter_test.svh:]
WARNING: [filemgmt 56-199] Attempt to get parsing info during refresh. "On-the-fly" syntax checking information may be incorrect. [/home/boib2/vivadoProjects/registerProj/project_1/project_1.srcs/sim_1/new/src/agent_with_interface.svh:]
WARNING: [filemgmt 56-199] Attempt to get parsing info during refresh. "On-the-fly" syntax checking information may be incorrect. [/home/boib2/vivadoProjects/registerProj/project_1/project_1.srcs/sim_1/new/src/quiet_test.svh:]
WARNING: [filemgmt 56-199] Attempt to get parsing info during refresh. "On-the-fly" syntax checking information may be incorrect. [/home/boib2/vivadoProjects/registerProj/project_1/project_1.srcs/sim_1/new/counter_pkg.sv:]
WARNING: [filemgmt 56-199] Attempt to get parsing info during refresh. "On-the-fly" syntax checking information may be incorrect. [/home/boib2/vivadoProjects/registerProj/project_1/project_1.srcs/sim_1/new/counter_pkg.sv:]
WARNING: [filemgmt 56-199] Attempt to get parsing info during refresh. "On-the-fly" syntax checking information may be incorrect. [/home/boib2/vivadoProjects/registerProj/project_1/project_1.srcs/sim_1/new/src/counter_env.svh:]
WARNING: [filemgmt 56-199] Attempt to get parsing info during refresh. "On-the-fly" syntax checking information may be incorrect. [/home/boib2/vivadoProjects/registerProj/project_1/project_1.srcs/sim_1/new/counter_pkg.sv:]
WARNING: [filemgmt 56-199] Attempt to get parsing info during refresh. "On-the-fly" syntax checking information may be incorrect. [/home/boib2/vivadoProjects/registerProj/project_1/project_1.srcs/sim_1/new/counter_if.sv:]
WARNING: [filemgmt 56-199] Attempt to get parsing info during refresh. "On-the-fly" syntax checking information may be incorrect. [/home/boib2/vivadoProjects/registerProj/project_1/project_1.srcs/sources_1/new/programCounter.v:]
WARNING: [filemgmt 56-199] Attempt to get parsing info during refresh. "On-the-fly" syntax checking information may be incorrect. [/home/boib2/vivadoProjects/registerProj/project_1/project_1.srcs/sim_1/new/src/scoreboard.svh:]
WARNING: [filemgmt 56-199] Attempt to get parsing info during refresh. "On-the-fly" syntax checking information may be incorrect. [/home/boib2/vivadoProjects/registerProj/project_1/project_1.srcs/sim_1/new/src/monitor.svh:]
WARNING: [filemgmt 56-199] Attempt to get parsing info during refresh. "On-the-fly" syntax checking information may be incorrect. [/home/boib2/vivadoProjects/registerProj/project_1/project_1.srcs/sim_1/new/tb_top.sv:]
WARNING: [filemgmt 56-199] Attempt to get parsing info during refresh. "On-the-fly" syntax checking information may be incorrect. [/home/boib2/vivadoProjects/registerProj/project_1/project_1.srcs/sim_1/new/src/driver.svh:]
WARNING: [filemgmt 56-199] Attempt to get parsing info during refresh. "On-the-fly" syntax checking information may be incorrect. [/home/boib2/vivadoProjects/registerProj/project_1/project_1.srcs/sim_1/new/src/transaction.svh:]
WARNING: [filemgmt 56-199] Attempt to get parsing info during refresh. "On-the-fly" syntax checking information may be incorrect. [/home/boib2/vivadoProjects/registerProj/project_1/project_1.srcs/sim_1/new/src/printer.svh:]
WARNING: [filemgmt 56-199] Attempt to get parsing info during refresh. "On-the-fly" syntax checking information may be incorrect. [/home/boib2/vivadoProjects/registerProj/project_1/project_1.srcs/sim_1/new/src/counter_test.svh:]
WARNING: [filemgmt 56-199] Attempt to get parsing info during refresh. "On-the-fly" syntax checking information may be incorrect. [/home/boib2/vivadoProjects/registerProj/project_1/project_1.srcs/sim_1/new/src/agent_with_interface.svh:]
WARNING: [filemgmt 56-199] Attempt to get parsing info during refresh. "On-the-fly" syntax checking information may be incorrect. [/home/boib2/vivadoProjects/registerProj/project_1/project_1.srcs/sim_1/new/src/quiet_test.svh:]
WARNING: [filemgmt 56-199] Attempt to get parsing info during refresh. "On-the-fly" syntax checking information may be incorrect. [/home/boib2/vivadoProjects/registerProj/project_1/project_1.srcs/sim_1/new/src/counter_env.svh:]
WARNING: [filemgmt 56-199] Attempt to get parsing info during refresh. "On-the-fly" syntax checking information may be incorrect. [/home/boib2/vivadoProjects/registerProj/project_1/project_1.srcs/sim_1/new/src/counter_env.svh:]
WARNING: [filemgmt 56-199] Attempt to get parsing info during refresh. "On-the-fly" syntax checking information may be incorrect. [/home/boib2/vivadoProjects/registerProj/project_1/project_1.srcs/sim_1/new/src/counter_env.svh:]
WARNING: [filemgmt 56-199] Attempt to get parsing info during refresh. "On-the-fly" syntax checking information may be incorrect. [/home/boib2/vivadoProjects/registerProj/project_1/project_1.srcs/sim_1/new/counter_pkg.sv:]
WARNING: [filemgmt 56-199] Attempt to get parsing info during refresh. "On-the-fly" syntax checking information may be incorrect. [/home/boib2/vivadoProjects/registerProj/project_1/project_1.srcs/sim_1/new/counter_if.sv:]
WARNING: [filemgmt 56-199] Attempt to get parsing info during refresh. "On-the-fly" syntax checking information may be incorrect. [/home/boib2/vivadoProjects/registerProj/project_1/project_1.srcs/sources_1/new/programCounter.v:]
WARNING: [filemgmt 56-199] Attempt to get parsing info during refresh. "On-the-fly" syntax checking information may be incorrect. [/home/boib2/vivadoProjects/registerProj/project_1/project_1.srcs/sim_1/new/src/scoreboard.svh:]
WARNING: [filemgmt 56-199] Attempt to get parsing info during refresh. "On-the-fly" syntax checking information may be incorrect. [/home/boib2/vivadoProjects/registerProj/project_1/project_1.srcs/sim_1/new/src/monitor.svh:]
WARNING: [filemgmt 56-199] Attempt to get parsing info during refresh. "On-the-fly" syntax checking information may be incorrect. [/home/boib2/vivadoProjects/registerProj/project_1/project_1.srcs/sim_1/new/tb_top.sv:]
WARNING: [filemgmt 56-199] Attempt to get parsing info during refresh. "On-the-fly" syntax checking information may be incorrect. [/home/boib2/vivadoProjects/registerProj/project_1/project_1.srcs/sim_1/new/src/driver.svh:]
WARNING: [filemgmt 56-199] Attempt to get parsing info during refresh. "On-the-fly" syntax checking information may be incorrect. [/home/boib2/vivadoProjects/registerProj/project_1/project_1.srcs/sim_1/new/src/transaction.svh:]
WARNING: [filemgmt 56-199] Attempt to get parsing info during refresh. "On-the-fly" syntax checking information may be incorrect. [/home/boib2/vivadoProjects/registerProj/project_1/project_1.srcs/sim_1/new/src/printer.svh:]
WARNING: [filemgmt 56-199] Attempt to get parsing info during refresh. "On-the-fly" syntax checking information may be incorrect. [/home/boib2/vivadoProjects/registerProj/project_1/project_1.srcs/sim_1/new/src/counter_test.svh:]
WARNING: [filemgmt 56-199] Attempt to get parsing info during refresh. "On-the-fly" syntax checking information may be incorrect. [/home/boib2/vivadoProjects/registerProj/project_1/project_1.srcs/sim_1/new/src/agent_with_interface.svh:]
WARNING: [filemgmt 56-199] Attempt to get parsing info during refresh. "On-the-fly" syntax checking information may be incorrect. [/home/boib2/vivadoProjects/registerProj/project_1/project_1.srcs/sim_1/new/src/quiet_test.svh:]
WARNING: [filemgmt 56-199] Attempt to get parsing info during refresh. "On-the-fly" syntax checking information may be incorrect. [/home/boib2/vivadoProjects/registerProj/project_1/project_1.srcs/sim_1/new/src/transaction.svh:]
WARNING: [filemgmt 56-199] Attempt to get parsing info during refresh. "On-the-fly" syntax checking information may be incorrect. [/home/boib2/vivadoProjects/registerProj/project_1/project_1.srcs/sim_1/new/src/transaction.svh:]
remove_files  -fileset sim_1 /home/boib2/vivadoProjects/registerProj/project_1/project_1.srcs/sim_1/new/src/transaction.svh
WARNING: [filemgmt 56-199] Attempt to get parsing info during refresh. "On-the-fly" syntax checking information may be incorrect. [/home/boib2/vivadoProjects/registerProj/project_1/project_1.srcs/sim_1/new/src/counter_env.svh:]
WARNING: [filemgmt 56-199] Attempt to get parsing info during refresh. "On-the-fly" syntax checking information may be incorrect. [/home/boib2/vivadoProjects/registerProj/project_1/project_1.srcs/sim_1/new/counter_pkg.sv:]
WARNING: [filemgmt 56-199] Attempt to get parsing info during refresh. "On-the-fly" syntax checking information may be incorrect. [/home/boib2/vivadoProjects/registerProj/project_1/project_1.srcs/sim_1/new/counter_if.sv:]
WARNING: [filemgmt 56-199] Attempt to get parsing info during refresh. "On-the-fly" syntax checking information may be incorrect. [/home/boib2/vivadoProjects/registerProj/project_1/project_1.srcs/sources_1/new/programCounter.v:]
WARNING: [filemgmt 56-199] Attempt to get parsing info during refresh. "On-the-fly" syntax checking information may be incorrect. [/home/boib2/vivadoProjects/registerProj/project_1/project_1.srcs/sim_1/new/src/scoreboard.svh:]
WARNING: [filemgmt 56-199] Attempt to get parsing info during refresh. "On-the-fly" syntax checking information may be incorrect. [/home/boib2/vivadoProjects/registerProj/project_1/project_1.srcs/sim_1/new/src/monitor.svh:]
WARNING: [filemgmt 56-199] Attempt to get parsing info during refresh. "On-the-fly" syntax checking information may be incorrect. [/home/boib2/vivadoProjects/registerProj/project_1/project_1.srcs/sim_1/new/tb_top.sv:]
WARNING: [filemgmt 56-199] Attempt to get parsing info during refresh. "On-the-fly" syntax checking information may be incorrect. [/home/boib2/vivadoProjects/registerProj/project_1/project_1.srcs/sim_1/new/src/driver.svh:]
WARNING: [filemgmt 56-199] Attempt to get parsing info during refresh. "On-the-fly" syntax checking information may be incorrect. [/home/boib2/vivadoProjects/registerProj/project_1/project_1.srcs/sim_1/new/src/transaction.svh:]
WARNING: [filemgmt 56-199] Attempt to get parsing info during refresh. "On-the-fly" syntax checking information may be incorrect. [/home/boib2/vivadoProjects/registerProj/project_1/project_1.srcs/sim_1/new/src/printer.svh:]
WARNING: [filemgmt 56-199] Attempt to get parsing info during refresh. "On-the-fly" syntax checking information may be incorrect. [/home/boib2/vivadoProjects/registerProj/project_1/project_1.srcs/sim_1/new/src/counter_test.svh:]
WARNING: [filemgmt 56-199] Attempt to get parsing info during refresh. "On-the-fly" syntax checking information may be incorrect. [/home/boib2/vivadoProjects/registerProj/project_1/project_1.srcs/sim_1/new/src/agent_with_interface.svh:]
WARNING: [filemgmt 56-199] Attempt to get parsing info during refresh. "On-the-fly" syntax checking information may be incorrect. [/home/boib2/vivadoProjects/registerProj/project_1/project_1.srcs/sim_1/new/src/quiet_test.svh:]
WARNING: [filemgmt 56-199] Attempt to get parsing info during refresh. "On-the-fly" syntax checking information may be incorrect. [/home/boib2/vivadoProjects/registerProj/project_1/project_1.srcs/sources_1/new/programCounter.v:]
WARNING: [filemgmt 56-199] Attempt to get parsing info during refresh. "On-the-fly" syntax checking information may be incorrect. [/home/boib2/vivadoProjects/registerProj/project_1/project_1.srcs/sources_1/new/programCounter.v:]
WARNING: [filemgmt 56-199] Attempt to get parsing info during refresh. "On-the-fly" syntax checking information may be incorrect. [/home/boib2/vivadoProjects/registerProj/project_1/project_1.srcs/sim_1/new/src/counter_env.svh:]
WARNING: [filemgmt 56-199] Attempt to get parsing info during refresh. "On-the-fly" syntax checking information may be incorrect. [/home/boib2/vivadoProjects/registerProj/project_1/project_1.srcs/sim_1/new/counter_pkg.sv:]
WARNING: [filemgmt 56-199] Attempt to get parsing info during refresh. "On-the-fly" syntax checking information may be incorrect. [/home/boib2/vivadoProjects/registerProj/project_1/project_1.srcs/sim_1/new/counter_if.sv:]
WARNING: [filemgmt 56-199] Attempt to get parsing info during refresh. "On-the-fly" syntax checking information may be incorrect. [/home/boib2/vivadoProjects/registerProj/project_1/project_1.srcs/sources_1/new/programCounter.v:]
WARNING: [filemgmt 56-199] Attempt to get parsing info during refresh. "On-the-fly" syntax checking information may be incorrect. [/home/boib2/vivadoProjects/registerProj/project_1/project_1.srcs/sim_1/new/src/scoreboard.svh:]
WARNING: [filemgmt 56-199] Attempt to get parsing info during refresh. "On-the-fly" syntax checking information may be incorrect. [/home/boib2/vivadoProjects/registerProj/project_1/project_1.srcs/sim_1/new/src/monitor.svh:]
WARNING: [filemgmt 56-199] Attempt to get parsing info during refresh. "On-the-fly" syntax checking information may be incorrect. [/home/boib2/vivadoProjects/registerProj/project_1/project_1.srcs/sim_1/new/tb_top.sv:]
WARNING: [filemgmt 56-199] Attempt to get parsing info during refresh. "On-the-fly" syntax checking information may be incorrect. [/home/boib2/vivadoProjects/registerProj/project_1/project_1.srcs/sim_1/new/src/driver.svh:]
WARNING: [filemgmt 56-199] Attempt to get parsing info during refresh. "On-the-fly" syntax checking information may be incorrect. [/home/boib2/vivadoProjects/registerProj/project_1/project_1.srcs/sim_1/new/src/transaction.svh:]
WARNING: [filemgmt 56-199] Attempt to get parsing info during refresh. "On-the-fly" syntax checking information may be incorrect. [/home/boib2/vivadoProjects/registerProj/project_1/project_1.srcs/sim_1/new/src/printer.svh:]
WARNING: [filemgmt 56-199] Attempt to get parsing info during refresh. "On-the-fly" syntax checking information may be incorrect. [/home/boib2/vivadoProjects/registerProj/project_1/project_1.srcs/sim_1/new/src/counter_test.svh:]
WARNING: [filemgmt 56-199] Attempt to get parsing info during refresh. "On-the-fly" syntax checking information may be incorrect. [/home/boib2/vivadoProjects/registerProj/project_1/project_1.srcs/sim_1/new/src/agent_with_interface.svh:]
WARNING: [filemgmt 56-199] Attempt to get parsing info during refresh. "On-the-fly" syntax checking information may be incorrect. [/home/boib2/vivadoProjects/registerProj/project_1/project_1.srcs/sim_1/new/src/quiet_test.svh:]
WARNING: [filemgmt 56-199] Attempt to get parsing info during refresh. "On-the-fly" syntax checking information may be incorrect. [/home/boib2/vivadoProjects/registerProj/project_1/project_1.srcs/sim_1/new/counter_if.sv:]
WARNING: [filemgmt 56-199] Attempt to get parsing info during refresh. "On-the-fly" syntax checking information may be incorrect. [/home/boib2/vivadoProjects/registerProj/project_1/project_1.srcs/sim_1/new/counter_if.sv:]
WARNING: [filemgmt 56-199] Attempt to get parsing info during refresh. "On-the-fly" syntax checking information may be incorrect. [/home/boib2/vivadoProjects/registerProj/project_1/project_1.srcs/sim_1/new/src/counter_env.svh:]
WARNING: [filemgmt 56-199] Attempt to get parsing info during refresh. "On-the-fly" syntax checking information may be incorrect. [/home/boib2/vivadoProjects/registerProj/project_1/project_1.srcs/sim_1/new/counter_pkg.sv:]
WARNING: [filemgmt 56-199] Attempt to get parsing info during refresh. "On-the-fly" syntax checking information may be incorrect. [/home/boib2/vivadoProjects/registerProj/project_1/project_1.srcs/sim_1/new/counter_if.sv:]
WARNING: [filemgmt 56-199] Attempt to get parsing info during refresh. "On-the-fly" syntax checking information may be incorrect. [/home/boib2/vivadoProjects/registerProj/project_1/project_1.srcs/sources_1/new/programCounter.v:]
WARNING: [filemgmt 56-199] Attempt to get parsing info during refresh. "On-the-fly" syntax checking information may be incorrect. [/home/boib2/vivadoProjects/registerProj/project_1/project_1.srcs/sim_1/new/src/scoreboard.svh:]
WARNING: [filemgmt 56-199] Attempt to get parsing info during refresh. "On-the-fly" syntax checking information may be incorrect. [/home/boib2/vivadoProjects/registerProj/project_1/project_1.srcs/sim_1/new/src/monitor.svh:]
WARNING: [filemgmt 56-199] Attempt to get parsing info during refresh. "On-the-fly" syntax checking information may be incorrect. [/home/boib2/vivadoProjects/registerProj/project_1/project_1.srcs/sim_1/new/tb_top.sv:]
WARNING: [filemgmt 56-199] Attempt to get parsing info during refresh. "On-the-fly" syntax checking information may be incorrect. [/home/boib2/vivadoProjects/registerProj/project_1/project_1.srcs/sim_1/new/src/driver.svh:]
WARNING: [filemgmt 56-199] Attempt to get parsing info during refresh. "On-the-fly" syntax checking information may be incorrect. [/home/boib2/vivadoProjects/registerProj/project_1/project_1.srcs/sim_1/new/src/transaction.svh:]
WARNING: [filemgmt 56-199] Attempt to get parsing info during refresh. "On-the-fly" syntax checking information may be incorrect. [/home/boib2/vivadoProjects/registerProj/project_1/project_1.srcs/sim_1/new/src/printer.svh:]
WARNING: [filemgmt 56-199] Attempt to get parsing info during refresh. "On-the-fly" syntax checking information may be incorrect. [/home/boib2/vivadoProjects/registerProj/project_1/project_1.srcs/sim_1/new/src/counter_test.svh:]
WARNING: [filemgmt 56-199] Attempt to get parsing info during refresh. "On-the-fly" syntax checking information may be incorrect. [/home/boib2/vivadoProjects/registerProj/project_1/project_1.srcs/sim_1/new/src/agent_with_interface.svh:]
WARNING: [filemgmt 56-199] Attempt to get parsing info during refresh. "On-the-fly" syntax checking information may be incorrect. [/home/boib2/vivadoProjects/registerProj/project_1/project_1.srcs/sim_1/new/src/quiet_test.svh:]
WARNING: [filemgmt 56-199] Attempt to get parsing info during refresh. "On-the-fly" syntax checking information may be incorrect. [/home/boib2/vivadoProjects/registerProj/project_1/project_1.srcs/sim_1/new/src/driver.svh:]
WARNING: [filemgmt 56-199] Attempt to get parsing info during refresh. "On-the-fly" syntax checking information may be incorrect. [/home/boib2/vivadoProjects/registerProj/project_1/project_1.srcs/sim_1/new/src/driver.svh:]
WARNING: [filemgmt 56-199] Attempt to get parsing info during refresh. "On-the-fly" syntax checking information may be incorrect. [/home/boib2/vivadoProjects/registerProj/project_1/project_1.srcs/sim_1/new/src/counter_env.svh:]
WARNING: [filemgmt 56-199] Attempt to get parsing info during refresh. "On-the-fly" syntax checking information may be incorrect. [/home/boib2/vivadoProjects/registerProj/project_1/project_1.srcs/sim_1/new/counter_pkg.sv:]
WARNING: [filemgmt 56-199] Attempt to get parsing info during refresh. "On-the-fly" syntax checking information may be incorrect. [/home/boib2/vivadoProjects/registerProj/project_1/project_1.srcs/sim_1/new/counter_if.sv:]
WARNING: [filemgmt 56-199] Attempt to get parsing info during refresh. "On-the-fly" syntax checking information may be incorrect. [/home/boib2/vivadoProjects/registerProj/project_1/project_1.srcs/sources_1/new/programCounter.v:]
WARNING: [filemgmt 56-199] Attempt to get parsing info during refresh. "On-the-fly" syntax checking information may be incorrect. [/home/boib2/vivadoProjects/registerProj/project_1/project_1.srcs/sim_1/new/src/scoreboard.svh:]
WARNING: [filemgmt 56-199] Attempt to get parsing info during refresh. "On-the-fly" syntax checking information may be incorrect. [/home/boib2/vivadoProjects/registerProj/project_1/project_1.srcs/sim_1/new/src/monitor.svh:]
WARNING: [filemgmt 56-199] Attempt to get parsing info during refresh. "On-the-fly" syntax checking information may be incorrect. [/home/boib2/vivadoProjects/registerProj/project_1/project_1.srcs/sim_1/new/tb_top.sv:]
WARNING: [filemgmt 56-199] Attempt to get parsing info during refresh. "On-the-fly" syntax checking information may be incorrect. [/home/boib2/vivadoProjects/registerProj/project_1/project_1.srcs/sim_1/new/src/driver.svh:]
WARNING: [filemgmt 56-199] Attempt to get parsing info during refresh. "On-the-fly" syntax checking information may be incorrect. [/home/boib2/vivadoProjects/registerProj/project_1/project_1.srcs/sim_1/new/src/transaction.svh:]
WARNING: [filemgmt 56-199] Attempt to get parsing info during refresh. "On-the-fly" syntax checking information may be incorrect. [/home/boib2/vivadoProjects/registerProj/project_1/project_1.srcs/sim_1/new/src/printer.svh:]
INFO: [Common 17-14] Message 'filemgmt 56-199' appears 100 times and further instances of the messages will be disabled. Use the Tcl command set_msg_config to change the current settings.
set_property -name {xsim.simulate.xsim.more_options} -value {-testplusarg UVM_TESTNAME=counter_test} -objects [get_filesets sim_1]
WARNING: [filemgmt 56-199] Attempt to get parsing info during refresh. "On-the-fly" syntax checking information may be incorrect. [/home/boib2/vivadoProjects/registerProj/project_1/project_1.srcs/sim_1/new/src/counter_env.svh:]
WARNING: [filemgmt 56-199] Attempt to get parsing info during refresh. "On-the-fly" syntax checking information may be incorrect. [/home/boib2/vivadoProjects/registerProj/project_1/project_1.srcs/sim_1/new/counter_pkg.sv:]
WARNING: [filemgmt 56-199] Attempt to get parsing info during refresh. "On-the-fly" syntax checking information may be incorrect. [/home/boib2/vivadoProjects/registerProj/project_1/project_1.srcs/sim_1/new/counter_if.sv:]
WARNING: [filemgmt 56-199] Attempt to get parsing info during refresh. "On-the-fly" syntax checking information may be incorrect. [/home/boib2/vivadoProjects/registerProj/project_1/project_1.srcs/sources_1/new/programCounter.v:]
WARNING: [filemgmt 56-199] Attempt to get parsing info during refresh. "On-the-fly" syntax checking information may be incorrect. [/home/boib2/vivadoProjects/registerProj/project_1/project_1.srcs/sim_1/new/src/scoreboard.svh:]
WARNING: [filemgmt 56-199] Attempt to get parsing info during refresh. "On-the-fly" syntax checking information may be incorrect. [/home/boib2/vivadoProjects/registerProj/project_1/project_1.srcs/sim_1/new/src/monitor.svh:]
WARNING: [filemgmt 56-199] Attempt to get parsing info during refresh. "On-the-fly" syntax checking information may be incorrect. [/home/boib2/vivadoProjects/registerProj/project_1/project_1.srcs/sim_1/new/tb_top.sv:]
WARNING: [filemgmt 56-199] Attempt to get parsing info during refresh. "On-the-fly" syntax checking information may be incorrect. [/home/boib2/vivadoProjects/registerProj/project_1/project_1.srcs/sim_1/new/src/driver.svh:]
WARNING: [filemgmt 56-199] Attempt to get parsing info during refresh. "On-the-fly" syntax checking information may be incorrect. [/home/boib2/vivadoProjects/registerProj/project_1/project_1.srcs/sim_1/new/src/transaction.svh:]
WARNING: [filemgmt 56-199] Attempt to get parsing info during refresh. "On-the-fly" syntax checking information may be incorrect. [/home/boib2/vivadoProjects/registerProj/project_1/project_1.srcs/sim_1/new/src/printer.svh:]
WARNING: [filemgmt 56-199] Attempt to get parsing info during refresh. "On-the-fly" syntax checking information may be incorrect. [/home/boib2/vivadoProjects/registerProj/project_1/project_1.srcs/sim_1/new/src/counter_test.svh:]
WARNING: [filemgmt 56-199] Attempt to get parsing info during refresh. "On-the-fly" syntax checking information may be incorrect. [/home/boib2/vivadoProjects/registerProj/project_1/project_1.srcs/sim_1/new/src/agent_with_interface.svh:]
WARNING: [filemgmt 56-199] Attempt to get parsing info during refresh. "On-the-fly" syntax checking information may be incorrect. [/home/boib2/vivadoProjects/registerProj/project_1/project_1.srcs/sim_1/new/src/quiet_test.svh:]
WARNING: [filemgmt 56-199] Attempt to get parsing info during refresh. "On-the-fly" syntax checking information may be incorrect. [/home/boib2/vivadoProjects/registerProj/project_1/project_1.srcs/sim_1/new/src/counter_test.svh:]
WARNING: [filemgmt 56-199] Attempt to get parsing info during refresh. "On-the-fly" syntax checking information may be incorrect. [/home/boib2/vivadoProjects/registerProj/project_1/project_1.srcs/sim_1/new/src/counter_test.svh:]
WARNING: [filemgmt 56-199] Attempt to get parsing info during refresh. "On-the-fly" syntax checking information may be incorrect. [/home/boib2/vivadoProjects/registerProj/project_1/project_1.srcs/sim_1/new/src/counter_env.svh:]
WARNING: [filemgmt 56-199] Attempt to get parsing info during refresh. "On-the-fly" syntax checking information may be incorrect. [/home/boib2/vivadoProjects/registerProj/project_1/project_1.srcs/sim_1/new/counter_pkg.sv:]
WARNING: [filemgmt 56-199] Attempt to get parsing info during refresh. "On-the-fly" syntax checking information may be incorrect. [/home/boib2/vivadoProjects/registerProj/project_1/project_1.srcs/sim_1/new/counter_if.sv:]
WARNING: [filemgmt 56-199] Attempt to get parsing info during refresh. "On-the-fly" syntax checking information may be incorrect. [/home/boib2/vivadoProjects/registerProj/project_1/project_1.srcs/sources_1/new/programCounter.v:]
WARNING: [filemgmt 56-199] Attempt to get parsing info during refresh. "On-the-fly" syntax checking information may be incorrect. [/home/boib2/vivadoProjects/registerProj/project_1/project_1.srcs/sim_1/new/src/scoreboard.svh:]
WARNING: [filemgmt 56-199] Attempt to get parsing info during refresh. "On-the-fly" syntax checking information may be incorrect. [/home/boib2/vivadoProjects/registerProj/project_1/project_1.srcs/sim_1/new/src/monitor.svh:]
WARNING: [filemgmt 56-199] Attempt to get parsing info during refresh. "On-the-fly" syntax checking information may be incorrect. [/home/boib2/vivadoProjects/registerProj/project_1/project_1.srcs/sim_1/new/tb_top.sv:]
WARNING: [filemgmt 56-199] Attempt to get parsing info during refresh. "On-the-fly" syntax checking information may be incorrect. [/home/boib2/vivadoProjects/registerProj/project_1/project_1.srcs/sim_1/new/src/driver.svh:]
WARNING: [filemgmt 56-199] Attempt to get parsing info during refresh. "On-the-fly" syntax checking information may be incorrect. [/home/boib2/vivadoProjects/registerProj/project_1/project_1.srcs/sim_1/new/src/transaction.svh:]
WARNING: [filemgmt 56-199] Attempt to get parsing info during refresh. "On-the-fly" syntax checking information may be incorrect. [/home/boib2/vivadoProjects/registerProj/project_1/project_1.srcs/sim_1/new/src/printer.svh:]
WARNING: [filemgmt 56-199] Attempt to get parsing info during refresh. "On-the-fly" syntax checking information may be incorrect. [/home/boib2/vivadoProjects/registerProj/project_1/project_1.srcs/sim_1/new/src/counter_test.svh:]
WARNING: [filemgmt 56-199] Attempt to get parsing info during refresh. "On-the-fly" syntax checking information may be incorrect. [/home/boib2/vivadoProjects/registerProj/project_1/project_1.srcs/sim_1/new/src/agent_with_interface.svh:]
WARNING: [filemgmt 56-199] Attempt to get parsing info during refresh. "On-the-fly" syntax checking information may be incorrect. [/home/boib2/vivadoProjects/registerProj/project_1/project_1.srcs/sim_1/new/src/quiet_test.svh:]
WARNING: [filemgmt 56-199] Attempt to get parsing info during refresh. "On-the-fly" syntax checking information may be incorrect. [/home/boib2/vivadoProjects/registerProj/project_1/project_1.srcs/sim_1/new/src/quiet_test.svh:]
WARNING: [filemgmt 56-199] Attempt to get parsing info during refresh. "On-the-fly" syntax checking information may be incorrect. [/home/boib2/vivadoProjects/registerProj/project_1/project_1.srcs/sim_1/new/src/quiet_test.svh:]
WARNING: [filemgmt 56-199] Attempt to get parsing info during refresh. "On-the-fly" syntax checking information may be incorrect. [/home/boib2/vivadoProjects/registerProj/project_1/project_1.srcs/sim_1/new/src/counter_env.svh:]
WARNING: [filemgmt 56-199] Attempt to get parsing info during refresh. "On-the-fly" syntax checking information may be incorrect. [/home/boib2/vivadoProjects/registerProj/project_1/project_1.srcs/sim_1/new/counter_pkg.sv:]
WARNING: [filemgmt 56-199] Attempt to get parsing info during refresh. "On-the-fly" syntax checking information may be incorrect. [/home/boib2/vivadoProjects/registerProj/project_1/project_1.srcs/sim_1/new/counter_if.sv:]
WARNING: [filemgmt 56-199] Attempt to get parsing info during refresh. "On-the-fly" syntax checking information may be incorrect. [/home/boib2/vivadoProjects/registerProj/project_1/project_1.srcs/sources_1/new/programCounter.v:]
WARNING: [filemgmt 56-199] Attempt to get parsing info during refresh. "On-the-fly" syntax checking information may be incorrect. [/home/boib2/vivadoProjects/registerProj/project_1/project_1.srcs/sim_1/new/src/scoreboard.svh:]
WARNING: [filemgmt 56-199] Attempt to get parsing info during refresh. "On-the-fly" syntax checking information may be incorrect. [/home/boib2/vivadoProjects/registerProj/project_1/project_1.srcs/sim_1/new/src/monitor.svh:]
WARNING: [filemgmt 56-199] Attempt to get parsing info during refresh. "On-the-fly" syntax checking information may be incorrect. [/home/boib2/vivadoProjects/registerProj/project_1/project_1.srcs/sim_1/new/tb_top.sv:]
WARNING: [filemgmt 56-199] Attempt to get parsing info during refresh. "On-the-fly" syntax checking information may be incorrect. [/home/boib2/vivadoProjects/registerProj/project_1/project_1.srcs/sim_1/new/src/driver.svh:]
WARNING: [filemgmt 56-199] Attempt to get parsing info during refresh. "On-the-fly" syntax checking information may be incorrect. [/home/boib2/vivadoProjects/registerProj/project_1/project_1.srcs/sim_1/new/src/transaction.svh:]
WARNING: [filemgmt 56-199] Attempt to get parsing info during refresh. "On-the-fly" syntax checking information may be incorrect. [/home/boib2/vivadoProjects/registerProj/project_1/project_1.srcs/sim_1/new/src/printer.svh:]
WARNING: [filemgmt 56-199] Attempt to get parsing info during refresh. "On-the-fly" syntax checking information may be incorrect. [/home/boib2/vivadoProjects/registerProj/project_1/project_1.srcs/sim_1/new/src/counter_test.svh:]
WARNING: [filemgmt 56-199] Attempt to get parsing info during refresh. "On-the-fly" syntax checking information may be incorrect. [/home/boib2/vivadoProjects/registerProj/project_1/project_1.srcs/sim_1/new/src/agent_with_interface.svh:]
WARNING: [filemgmt 56-199] Attempt to get parsing info during refresh. "On-the-fly" syntax checking information may be incorrect. [/home/boib2/vivadoProjects/registerProj/project_1/project_1.srcs/sim_1/new/src/quiet_test.svh:]
WARNING: [filemgmt 56-199] Attempt to get parsing info during refresh. "On-the-fly" syntax checking information may be incorrect. [/home/boib2/vivadoProjects/registerProj/project_1/project_1.srcs/sim_1/new/src/counter_env.svh:]
WARNING: [filemgmt 56-199] Attempt to get parsing info during refresh. "On-the-fly" syntax checking information may be incorrect. [/home/boib2/vivadoProjects/registerProj/project_1/project_1.srcs/sim_1/new/src/counter_env.svh:]
WARNING: [filemgmt 56-199] Attempt to get parsing info during refresh. "On-the-fly" syntax checking information may be incorrect. [/home/boib2/vivadoProjects/registerProj/project_1/project_1.srcs/sim_1/new/src/counter_env.svh:]
WARNING: [filemgmt 56-199] Attempt to get parsing info during refresh. "On-the-fly" syntax checking information may be incorrect. [/home/boib2/vivadoProjects/registerProj/project_1/project_1.srcs/sim_1/new/counter_pkg.sv:]
WARNING: [filemgmt 56-199] Attempt to get parsing info during refresh. "On-the-fly" syntax checking information may be incorrect. [/home/boib2/vivadoProjects/registerProj/project_1/project_1.srcs/sim_1/new/counter_if.sv:]
WARNING: [filemgmt 56-199] Attempt to get parsing info during refresh. "On-the-fly" syntax checking information may be incorrect. [/home/boib2/vivadoProjects/registerProj/project_1/project_1.srcs/sources_1/new/programCounter.v:]
WARNING: [filemgmt 56-199] Attempt to get parsing info during refresh. "On-the-fly" syntax checking information may be incorrect. [/home/boib2/vivadoProjects/registerProj/project_1/project_1.srcs/sim_1/new/src/scoreboard.svh:]
WARNING: [filemgmt 56-199] Attempt to get parsing info during refresh. "On-the-fly" syntax checking information may be incorrect. [/home/boib2/vivadoProjects/registerProj/project_1/project_1.srcs/sim_1/new/src/monitor.svh:]
WARNING: [filemgmt 56-199] Attempt to get parsing info during refresh. "On-the-fly" syntax checking information may be incorrect. [/home/boib2/vivadoProjects/registerProj/project_1/project_1.srcs/sim_1/new/tb_top.sv:]
WARNING: [filemgmt 56-199] Attempt to get parsing info during refresh. "On-the-fly" syntax checking information may be incorrect. [/home/boib2/vivadoProjects/registerProj/project_1/project_1.srcs/sim_1/new/src/driver.svh:]
WARNING: [filemgmt 56-199] Attempt to get parsing info during refresh. "On-the-fly" syntax checking information may be incorrect. [/home/boib2/vivadoProjects/registerProj/project_1/project_1.srcs/sim_1/new/src/transaction.svh:]
WARNING: [filemgmt 56-199] Attempt to get parsing info during refresh. "On-the-fly" syntax checking information may be incorrect. [/home/boib2/vivadoProjects/registerProj/project_1/project_1.srcs/sim_1/new/src/printer.svh:]
WARNING: [filemgmt 56-199] Attempt to get parsing info during refresh. "On-the-fly" syntax checking information may be incorrect. [/home/boib2/vivadoProjects/registerProj/project_1/project_1.srcs/sim_1/new/src/counter_test.svh:]
WARNING: [filemgmt 56-199] Attempt to get parsing info during refresh. "On-the-fly" syntax checking information may be incorrect. [/home/boib2/vivadoProjects/registerProj/project_1/project_1.srcs/sim_1/new/src/agent_with_interface.svh:]
WARNING: [filemgmt 56-199] Attempt to get parsing info during refresh. "On-the-fly" syntax checking information may be incorrect. [/home/boib2/vivadoProjects/registerProj/project_1/project_1.srcs/sim_1/new/src/quiet_test.svh:]
WARNING: [filemgmt 56-199] Attempt to get parsing info during refresh. "On-the-fly" syntax checking information may be incorrect. [/home/boib2/vivadoProjects/registerProj/project_1/project_1.srcs/sim_1/new/counter_pkg.sv:]
WARNING: [filemgmt 56-199] Attempt to get parsing info during refresh. "On-the-fly" syntax checking information may be incorrect. [/home/boib2/vivadoProjects/registerProj/project_1/project_1.srcs/sim_1/new/counter_pkg.sv:]
add_files ./sim_1/new/counter_pkg.sv
/home/boib2/vivadoProjects/registerProj/project_1/project_1.srcs/sim_1/new/counter_pkg.sv
WARNING: [filemgmt 56-199] Attempt to get parsing info during refresh. "On-the-fly" syntax checking information may be incorrect. [/home/boib2/vivadoProjects/registerProj/project_1/project_1.srcs/sim_1/new/src/counter_env.svh:]
WARNING: [filemgmt 56-199] Attempt to get parsing info during refresh. "On-the-fly" syntax checking information may be incorrect. [/home/boib2/vivadoProjects/registerProj/project_1/project_1.srcs/sim_1/new/counter_pkg.sv:]
WARNING: [filemgmt 56-199] Attempt to get parsing info during refresh. "On-the-fly" syntax checking information may be incorrect. [/home/boib2/vivadoProjects/registerProj/project_1/project_1.srcs/sim_1/new/counter_if.sv:]
WARNING: [filemgmt 56-199] Attempt to get parsing info during refresh. "On-the-fly" syntax checking information may be incorrect. [/home/boib2/vivadoProjects/registerProj/project_1/project_1.srcs/sources_1/new/programCounter.v:]
WARNING: [filemgmt 56-199] Attempt to get parsing info during refresh. "On-the-fly" syntax checking information may be incorrect. [/home/boib2/vivadoProjects/registerProj/project_1/project_1.srcs/sim_1/new/src/scoreboard.svh:]
WARNING: [filemgmt 56-199] Attempt to get parsing info during refresh. "On-the-fly" syntax checking information may be incorrect. [/home/boib2/vivadoProjects/registerProj/project_1/project_1.srcs/sim_1/new/src/monitor.svh:]
WARNING: [filemgmt 56-199] Attempt to get parsing info during refresh. "On-the-fly" syntax checking information may be incorrect. [/home/boib2/vivadoProjects/registerProj/project_1/project_1.srcs/sim_1/new/tb_top.sv:]
WARNING: [filemgmt 56-199] Attempt to get parsing info during refresh. "On-the-fly" syntax checking information may be incorrect. [/home/boib2/vivadoProjects/registerProj/project_1/project_1.srcs/sim_1/new/src/driver.svh:]
WARNING: [filemgmt 56-199] Attempt to get parsing info during refresh. "On-the-fly" syntax checking information may be incorrect. [/home/boib2/vivadoProjects/registerProj/project_1/project_1.srcs/sim_1/new/src/transaction.svh:]
WARNING: [filemgmt 56-199] Attempt to get parsing info during refresh. "On-the-fly" syntax checking information may be incorrect. [/home/boib2/vivadoProjects/registerProj/project_1/project_1.srcs/sim_1/new/src/printer.svh:]
WARNING: [filemgmt 56-199] Attempt to get parsing info during refresh. "On-the-fly" syntax checking information may be incorrect. [/home/boib2/vivadoProjects/registerProj/project_1/project_1.srcs/sim_1/new/src/counter_test.svh:]
WARNING: [filemgmt 56-199] Attempt to get parsing info during refresh. "On-the-fly" syntax checking information may be incorrect. [/home/boib2/vivadoProjects/registerProj/project_1/project_1.srcs/sim_1/new/src/agent_with_interface.svh:]
WARNING: [filemgmt 56-199] Attempt to get parsing info during refresh. "On-the-fly" syntax checking information may be incorrect. [/home/boib2/vivadoProjects/registerProj/project_1/project_1.srcs/sim_1/new/src/quiet_test.svh:]
WARNING: [filemgmt 56-199] Attempt to get parsing info during refresh. "On-the-fly" syntax checking information may be incorrect. [/home/boib2/vivadoProjects/registerProj/project_1/project_1.srcs/sources_1/new/programCounter.v:]
WARNING: [filemgmt 56-199] Attempt to get parsing info during refresh. "On-the-fly" syntax checking information may be incorrect. [/home/boib2/vivadoProjects/registerProj/project_1/project_1.srcs/sources_1/new/programCounter.v:]
WARNING: [filemgmt 56-199] Attempt to get parsing info during refresh. "On-the-fly" syntax checking information may be incorrect. [/home/boib2/vivadoProjects/registerProj/project_1/project_1.srcs/sim_1/new/src/counter_env.svh:]
WARNING: [filemgmt 56-199] Attempt to get parsing info during refresh. "On-the-fly" syntax checking information may be incorrect. [/home/boib2/vivadoProjects/registerProj/project_1/project_1.srcs/sim_1/new/counter_pkg.sv:]
WARNING: [filemgmt 56-199] Attempt to get parsing info during refresh. "On-the-fly" syntax checking information may be incorrect. [/home/boib2/vivadoProjects/registerProj/project_1/project_1.srcs/sim_1/new/counter_if.sv:]
WARNING: [filemgmt 56-199] Attempt to get parsing info during refresh. "On-the-fly" syntax checking information may be incorrect. [/home/boib2/vivadoProjects/registerProj/project_1/project_1.srcs/sources_1/new/programCounter.v:]
WARNING: [filemgmt 56-199] Attempt to get parsing info during refresh. "On-the-fly" syntax checking information may be incorrect. [/home/boib2/vivadoProjects/registerProj/project_1/project_1.srcs/sim_1/new/src/scoreboard.svh:]
WARNING: [filemgmt 56-199] Attempt to get parsing info during refresh. "On-the-fly" syntax checking information may be incorrect. [/home/boib2/vivadoProjects/registerProj/project_1/project_1.srcs/sim_1/new/src/monitor.svh:]
WARNING: [filemgmt 56-199] Attempt to get parsing info during refresh. "On-the-fly" syntax checking information may be incorrect. [/home/boib2/vivadoProjects/registerProj/project_1/project_1.srcs/sim_1/new/tb_top.sv:]
WARNING: [filemgmt 56-199] Attempt to get parsing info during refresh. "On-the-fly" syntax checking information may be incorrect. [/home/boib2/vivadoProjects/registerProj/project_1/project_1.srcs/sim_1/new/src/driver.svh:]
WARNING: [filemgmt 56-199] Attempt to get parsing info during refresh. "On-the-fly" syntax checking information may be incorrect. [/home/boib2/vivadoProjects/registerProj/project_1/project_1.srcs/sim_1/new/src/transaction.svh:]
WARNING: [filemgmt 56-199] Attempt to get parsing info during refresh. "On-the-fly" syntax checking information may be incorrect. [/home/boib2/vivadoProjects/registerProj/project_1/project_1.srcs/sim_1/new/src/printer.svh:]
WARNING: [filemgmt 56-199] Attempt to get parsing info during refresh. "On-the-fly" syntax checking information may be incorrect. [/home/boib2/vivadoProjects/registerProj/project_1/project_1.srcs/sim_1/new/src/counter_test.svh:]
WARNING: [filemgmt 56-199] Attempt to get parsing info during refresh. "On-the-fly" syntax checking information may be incorrect. [/home/boib2/vivadoProjects/registerProj/project_1/project_1.srcs/sim_1/new/src/agent_with_interface.svh:]
WARNING: [filemgmt 56-199] Attempt to get parsing info during refresh. "On-the-fly" syntax checking information may be incorrect. [/home/boib2/vivadoProjects/registerProj/project_1/project_1.srcs/sim_1/new/src/quiet_test.svh:]
WARNING: [filemgmt 56-199] Attempt to get parsing info during refresh. "On-the-fly" syntax checking information may be incorrect. [/home/boib2/vivadoProjects/registerProj/project_1/project_1.srcs/sim_1/new/tb_top.sv:]
WARNING: [filemgmt 56-199] Attempt to get parsing info during refresh. "On-the-fly" syntax checking information may be incorrect. [/home/boib2/vivadoProjects/registerProj/project_1/project_1.srcs/sim_1/new/tb_top.sv:]
WARNING: [filemgmt 56-199] Attempt to get parsing info during refresh. "On-the-fly" syntax checking information may be incorrect. [/home/boib2/vivadoProjects/registerProj/project_1/project_1.srcs/sim_1/new/src/counter_env.svh:]
WARNING: [filemgmt 56-199] Attempt to get parsing info during refresh. "On-the-fly" syntax checking information may be incorrect. [/home/boib2/vivadoProjects/registerProj/project_1/project_1.srcs/sim_1/new/counter_pkg.sv:]
WARNING: [filemgmt 56-199] Attempt to get parsing info during refresh. "On-the-fly" syntax checking information may be incorrect. [/home/boib2/vivadoProjects/registerProj/project_1/project_1.srcs/sim_1/new/counter_if.sv:]
WARNING: [filemgmt 56-199] Attempt to get parsing info during refresh. "On-the-fly" syntax checking information may be incorrect. [/home/boib2/vivadoProjects/registerProj/project_1/project_1.srcs/sources_1/new/programCounter.v:]
WARNING: [filemgmt 56-199] Attempt to get parsing info during refresh. "On-the-fly" syntax checking information may be incorrect. [/home/boib2/vivadoProjects/registerProj/project_1/project_1.srcs/sim_1/new/src/scoreboard.svh:]
WARNING: [filemgmt 56-199] Attempt to get parsing info during refresh. "On-the-fly" syntax checking information may be incorrect. [/home/boib2/vivadoProjects/registerProj/project_1/project_1.srcs/sim_1/new/src/monitor.svh:]
WARNING: [filemgmt 56-199] Attempt to get parsing info during refresh. "On-the-fly" syntax checking information may be incorrect. [/home/boib2/vivadoProjects/registerProj/project_1/project_1.srcs/sim_1/new/tb_top.sv:]
WARNING: [filemgmt 56-199] Attempt to get parsing info during refresh. "On-the-fly" syntax checking information may be incorrect. [/home/boib2/vivadoProjects/registerProj/project_1/project_1.srcs/sim_1/new/src/driver.svh:]
WARNING: [filemgmt 56-199] Attempt to get parsing info during refresh. "On-the-fly" syntax checking information may be incorrect. [/home/boib2/vivadoProjects/registerProj/project_1/project_1.srcs/sim_1/new/src/transaction.svh:]
WARNING: [filemgmt 56-199] Attempt to get parsing info during refresh. "On-the-fly" syntax checking information may be incorrect. [/home/boib2/vivadoProjects/registerProj/project_1/project_1.srcs/sim_1/new/src/printer.svh:]
INFO: [Common 17-14] Message 'filemgmt 56-199' appears 100 times and further instances of the messages will be disabled. Use the Tcl command set_msg_config to change the current settings.
WARNING: [filemgmt 56-199] Attempt to get parsing info during refresh. "On-the-fly" syntax checking information may be incorrect. [/home/boib2/vivadoProjects/registerProj/project_1/project_1.srcs/sim_1/new/src/counter_env.svh:]
WARNING: [filemgmt 56-199] Attempt to get parsing info during refresh. "On-the-fly" syntax checking information may be incorrect. [/home/boib2/vivadoProjects/registerProj/project_1/project_1.srcs/sim_1/new/counter_pkg.sv:]
WARNING: [filemgmt 56-199] Attempt to get parsing info during refresh. "On-the-fly" syntax checking information may be incorrect. [/home/boib2/vivadoProjects/registerProj/project_1/project_1.srcs/sim_1/new/counter_if.sv:]
WARNING: [filemgmt 56-199] Attempt to get parsing info during refresh. "On-the-fly" syntax checking information may be incorrect. [/home/boib2/vivadoProjects/registerProj/project_1/project_1.srcs/sources_1/new/programCounter.v:]
WARNING: [filemgmt 56-199] Attempt to get parsing info during refresh. "On-the-fly" syntax checking information may be incorrect. [/home/boib2/vivadoProjects/registerProj/project_1/project_1.srcs/sim_1/new/src/scoreboard.svh:]
WARNING: [filemgmt 56-199] Attempt to get parsing info during refresh. "On-the-fly" syntax checking information may be incorrect. [/home/boib2/vivadoProjects/registerProj/project_1/project_1.srcs/sim_1/new/src/monitor.svh:]
WARNING: [filemgmt 56-199] Attempt to get parsing info during refresh. "On-the-fly" syntax checking information may be incorrect. [/home/boib2/vivadoProjects/registerProj/project_1/project_1.srcs/sim_1/new/tb_top.sv:]
WARNING: [filemgmt 56-199] Attempt to get parsing info during refresh. "On-the-fly" syntax checking information may be incorrect. [/home/boib2/vivadoProjects/registerProj/project_1/project_1.srcs/sim_1/new/src/driver.svh:]
WARNING: [filemgmt 56-199] Attempt to get parsing info during refresh. "On-the-fly" syntax checking information may be incorrect. [/home/boib2/vivadoProjects/registerProj/project_1/project_1.srcs/sim_1/new/src/transaction.svh:]
WARNING: [filemgmt 56-199] Attempt to get parsing info during refresh. "On-the-fly" syntax checking information may be incorrect. [/home/boib2/vivadoProjects/registerProj/project_1/project_1.srcs/sim_1/new/src/printer.svh:]
WARNING: [filemgmt 56-199] Attempt to get parsing info during refresh. "On-the-fly" syntax checking information may be incorrect. [/home/boib2/vivadoProjects/registerProj/project_1/project_1.srcs/sim_1/new/src/counter_test.svh:]
WARNING: [filemgmt 56-199] Attempt to get parsing info during refresh. "On-the-fly" syntax checking information may be incorrect. [/home/boib2/vivadoProjects/registerProj/project_1/project_1.srcs/sim_1/new/src/agent_with_interface.svh:]
WARNING: [filemgmt 56-199] Attempt to get parsing info during refresh. "On-the-fly" syntax checking information may be incorrect. [/home/boib2/vivadoProjects/registerProj/project_1/project_1.srcs/sim_1/new/src/quiet_test.svh:]
WARNING: [filemgmt 56-199] Attempt to get parsing info during refresh. "On-the-fly" syntax checking information may be incorrect. [/home/boib2/vivadoProjects/registerProj/project_1/project_1.srcs/sim_1/new/src/quiet_test.svh:]
WARNING: [filemgmt 56-199] Attempt to get parsing info during refresh. "On-the-fly" syntax checking information may be incorrect. [/home/boib2/vivadoProjects/registerProj/project_1/project_1.srcs/sim_1/new/src/quiet_test.svh:]
WARNING: [filemgmt 56-199] Attempt to get parsing info during refresh. "On-the-fly" syntax checking information may be incorrect. [/home/boib2/vivadoProjects/registerProj/project_1/project_1.srcs/sim_1/new/src/counter_env.svh:]
WARNING: [filemgmt 56-199] Attempt to get parsing info during refresh. "On-the-fly" syntax checking information may be incorrect. [/home/boib2/vivadoProjects/registerProj/project_1/project_1.srcs/sim_1/new/counter_pkg.sv:]
WARNING: [filemgmt 56-199] Attempt to get parsing info during refresh. "On-the-fly" syntax checking information may be incorrect. [/home/boib2/vivadoProjects/registerProj/project_1/project_1.srcs/sim_1/new/counter_if.sv:]
WARNING: [filemgmt 56-199] Attempt to get parsing info during refresh. "On-the-fly" syntax checking information may be incorrect. [/home/boib2/vivadoProjects/registerProj/project_1/project_1.srcs/sources_1/new/programCounter.v:]
WARNING: [filemgmt 56-199] Attempt to get parsing info during refresh. "On-the-fly" syntax checking information may be incorrect. [/home/boib2/vivadoProjects/registerProj/project_1/project_1.srcs/sim_1/new/src/scoreboard.svh:]
WARNING: [filemgmt 56-199] Attempt to get parsing info during refresh. "On-the-fly" syntax checking information may be incorrect. [/home/boib2/vivadoProjects/registerProj/project_1/project_1.srcs/sim_1/new/src/monitor.svh:]
WARNING: [filemgmt 56-199] Attempt to get parsing info during refresh. "On-the-fly" syntax checking information may be incorrect. [/home/boib2/vivadoProjects/registerProj/project_1/project_1.srcs/sim_1/new/tb_top.sv:]
WARNING: [filemgmt 56-199] Attempt to get parsing info during refresh. "On-the-fly" syntax checking information may be incorrect. [/home/boib2/vivadoProjects/registerProj/project_1/project_1.srcs/sim_1/new/src/driver.svh:]
WARNING: [filemgmt 56-199] Attempt to get parsing info during refresh. "On-the-fly" syntax checking information may be incorrect. [/home/boib2/vivadoProjects/registerProj/project_1/project_1.srcs/sim_1/new/src/transaction.svh:]
WARNING: [filemgmt 56-199] Attempt to get parsing info during refresh. "On-the-fly" syntax checking information may be incorrect. [/home/boib2/vivadoProjects/registerProj/project_1/project_1.srcs/sim_1/new/src/printer.svh:]
WARNING: [filemgmt 56-199] Attempt to get parsing info during refresh. "On-the-fly" syntax checking information may be incorrect. [/home/boib2/vivadoProjects/registerProj/project_1/project_1.srcs/sim_1/new/src/counter_test.svh:]
WARNING: [filemgmt 56-199] Attempt to get parsing info during refresh. "On-the-fly" syntax checking information may be incorrect. [/home/boib2/vivadoProjects/registerProj/project_1/project_1.srcs/sim_1/new/src/agent_with_interface.svh:]
WARNING: [filemgmt 56-199] Attempt to get parsing info during refresh. "On-the-fly" syntax checking information may be incorrect. [/home/boib2/vivadoProjects/registerProj/project_1/project_1.srcs/sim_1/new/src/quiet_test.svh:]
WARNING: [filemgmt 56-199] Attempt to get parsing info during refresh. "On-the-fly" syntax checking information may be incorrect. [/home/boib2/vivadoProjects/registerProj/project_1/project_1.srcs/sim_1/new/src/scoreboard.svh:]
WARNING: [filemgmt 56-199] Attempt to get parsing info during refresh. "On-the-fly" syntax checking information may be incorrect. [/home/boib2/vivadoProjects/registerProj/project_1/project_1.srcs/sim_1/new/src/scoreboard.svh:]
WARNING: [filemgmt 56-199] Attempt to get parsing info during refresh. "On-the-fly" syntax checking information may be incorrect. [/home/boib2/vivadoProjects/registerProj/project_1/project_1.srcs/sim_1/new/src/counter_env.svh:]
WARNING: [filemgmt 56-199] Attempt to get parsing info during refresh. "On-the-fly" syntax checking information may be incorrect. [/home/boib2/vivadoProjects/registerProj/project_1/project_1.srcs/sim_1/new/counter_pkg.sv:]
WARNING: [filemgmt 56-199] Attempt to get parsing info during refresh. "On-the-fly" syntax checking information may be incorrect. [/home/boib2/vivadoProjects/registerProj/project_1/project_1.srcs/sim_1/new/counter_if.sv:]
WARNING: [filemgmt 56-199] Attempt to get parsing info during refresh. "On-the-fly" syntax checking information may be incorrect. [/home/boib2/vivadoProjects/registerProj/project_1/project_1.srcs/sources_1/new/programCounter.v:]
WARNING: [filemgmt 56-199] Attempt to get parsing info during refresh. "On-the-fly" syntax checking information may be incorrect. [/home/boib2/vivadoProjects/registerProj/project_1/project_1.srcs/sim_1/new/src/scoreboard.svh:]
WARNING: [filemgmt 56-199] Attempt to get parsing info during refresh. "On-the-fly" syntax checking information may be incorrect. [/home/boib2/vivadoProjects/registerProj/project_1/project_1.srcs/sim_1/new/src/monitor.svh:]
WARNING: [filemgmt 56-199] Attempt to get parsing info during refresh. "On-the-fly" syntax checking information may be incorrect. [/home/boib2/vivadoProjects/registerProj/project_1/project_1.srcs/sim_1/new/tb_top.sv:]
WARNING: [filemgmt 56-199] Attempt to get parsing info during refresh. "On-the-fly" syntax checking information may be incorrect. [/home/boib2/vivadoProjects/registerProj/project_1/project_1.srcs/sim_1/new/src/driver.svh:]
WARNING: [filemgmt 56-199] Attempt to get parsing info during refresh. "On-the-fly" syntax checking information may be incorrect. [/home/boib2/vivadoProjects/registerProj/project_1/project_1.srcs/sim_1/new/src/transaction.svh:]
WARNING: [filemgmt 56-199] Attempt to get parsing info during refresh. "On-the-fly" syntax checking information may be incorrect. [/home/boib2/vivadoProjects/registerProj/project_1/project_1.srcs/sim_1/new/src/printer.svh:]
WARNING: [filemgmt 56-199] Attempt to get parsing info during refresh. "On-the-fly" syntax checking information may be incorrect. [/home/boib2/vivadoProjects/registerProj/project_1/project_1.srcs/sim_1/new/src/counter_test.svh:]
WARNING: [filemgmt 56-199] Attempt to get parsing info during refresh. "On-the-fly" syntax checking information may be incorrect. [/home/boib2/vivadoProjects/registerProj/project_1/project_1.srcs/sim_1/new/src/agent_with_interface.svh:]
WARNING: [filemgmt 56-199] Attempt to get parsing info during refresh. "On-the-fly" syntax checking information may be incorrect. [/home/boib2/vivadoProjects/registerProj/project_1/project_1.srcs/sim_1/new/src/quiet_test.svh:]
WARNING: [filemgmt 56-199] Attempt to get parsing info during refresh. "On-the-fly" syntax checking information may be incorrect. [/home/boib2/vivadoProjects/registerProj/project_1/project_1.srcs/sim_1/new/src/counter_env.svh:]
WARNING: [filemgmt 56-199] Attempt to get parsing info during refresh. "On-the-fly" syntax checking information may be incorrect. [/home/boib2/vivadoProjects/registerProj/project_1/project_1.srcs/sim_1/new/src/counter_env.svh:]
update_compile_order -fileset sources_1
WARNING: [filemgmt 56-199] Attempt to get parsing info during refresh. "On-the-fly" syntax checking information may be incorrect. [/home/boib2/vivadoProjects/registerProj/project_1/project_1.srcs/sim_1/new/src/counter_env.svh:]
WARNING: [filemgmt 56-199] Attempt to get parsing info during refresh. "On-the-fly" syntax checking information may be incorrect. [/home/boib2/vivadoProjects/registerProj/project_1/project_1.srcs/sim_1/new/counter_pkg.sv:]
WARNING: [filemgmt 56-199] Attempt to get parsing info during refresh. "On-the-fly" syntax checking information may be incorrect. [/home/boib2/vivadoProjects/registerProj/project_1/project_1.srcs/sim_1/new/counter_if.sv:]
WARNING: [filemgmt 56-199] Attempt to get parsing info during refresh. "On-the-fly" syntax checking information may be incorrect. [/home/boib2/vivadoProjects/registerProj/project_1/project_1.srcs/sources_1/new/programCounter.v:]
WARNING: [filemgmt 56-199] Attempt to get parsing info during refresh. "On-the-fly" syntax checking information may be incorrect. [/home/boib2/vivadoProjects/registerProj/project_1/project_1.srcs/sim_1/new/src/scoreboard.svh:]
WARNING: [filemgmt 56-199] Attempt to get parsing info during refresh. "On-the-fly" syntax checking information may be incorrect. [/home/boib2/vivadoProjects/registerProj/project_1/project_1.srcs/sim_1/new/src/monitor.svh:]
WARNING: [filemgmt 56-199] Attempt to get parsing info during refresh. "On-the-fly" syntax checking information may be incorrect. [/home/boib2/vivadoProjects/registerProj/project_1/project_1.srcs/sim_1/new/tb_top.sv:]
WARNING: [filemgmt 56-199] Attempt to get parsing info during refresh. "On-the-fly" syntax checking information may be incorrect. [/home/boib2/vivadoProjects/registerProj/project_1/project_1.srcs/sim_1/new/src/driver.svh:]
WARNING: [filemgmt 56-199] Attempt to get parsing info during refresh. "On-the-fly" syntax checking information may be incorrect. [/home/boib2/vivadoProjects/registerProj/project_1/project_1.srcs/sim_1/new/src/transaction.svh:]
WARNING: [filemgmt 56-199] Attempt to get parsing info during refresh. "On-the-fly" syntax checking information may be incorrect. [/home/boib2/vivadoProjects/registerProj/project_1/project_1.srcs/sim_1/new/src/printer.svh:]
WARNING: [filemgmt 56-199] Attempt to get parsing info during refresh. "On-the-fly" syntax checking information may be incorrect. [/home/boib2/vivadoProjects/registerProj/project_1/project_1.srcs/sim_1/new/src/counter_test.svh:]
WARNING: [filemgmt 56-199] Attempt to get parsing info during refresh. "On-the-fly" syntax checking information may be incorrect. [/home/boib2/vivadoProjects/registerProj/project_1/project_1.srcs/sim_1/new/src/agent_with_interface.svh:]
WARNING: [filemgmt 56-199] Attempt to get parsing info during refresh. "On-the-fly" syntax checking information may be incorrect. [/home/boib2/vivadoProjects/registerProj/project_1/project_1.srcs/sim_1/new/src/quiet_test.svh:]
WARNING: [filemgmt 56-199] Attempt to get parsing info during refresh. "On-the-fly" syntax checking information may be incorrect. [/home/boib2/vivadoProjects/registerProj/project_1/project_1.srcs/sim_1/new/src/counter_test.svh:]
WARNING: [filemgmt 56-199] Attempt to get parsing info during refresh. "On-the-fly" syntax checking information may be incorrect. [/home/boib2/vivadoProjects/registerProj/project_1/project_1.srcs/sim_1/new/src/counter_test.svh:]
WARNING: [filemgmt 56-199] Attempt to get parsing info during refresh. "On-the-fly" syntax checking information may be incorrect. [/home/boib2/vivadoProjects/registerProj/project_1/project_1.srcs/sim_1/new/src/counter_env.svh:]
WARNING: [filemgmt 56-199] Attempt to get parsing info during refresh. "On-the-fly" syntax checking information may be incorrect. [/home/boib2/vivadoProjects/registerProj/project_1/project_1.srcs/sim_1/new/counter_pkg.sv:]
WARNING: [filemgmt 56-199] Attempt to get parsing info during refresh. "On-the-fly" syntax checking information may be incorrect. [/home/boib2/vivadoProjects/registerProj/project_1/project_1.srcs/sim_1/new/counter_if.sv:]
WARNING: [filemgmt 56-199] Attempt to get parsing info during refresh. "On-the-fly" syntax checking information may be incorrect. [/home/boib2/vivadoProjects/registerProj/project_1/project_1.srcs/sources_1/new/programCounter.v:]
WARNING: [filemgmt 56-199] Attempt to get parsing info during refresh. "On-the-fly" syntax checking information may be incorrect. [/home/boib2/vivadoProjects/registerProj/project_1/project_1.srcs/sim_1/new/src/scoreboard.svh:]
WARNING: [filemgmt 56-199] Attempt to get parsing info during refresh. "On-the-fly" syntax checking information may be incorrect. [/home/boib2/vivadoProjects/registerProj/project_1/project_1.srcs/sim_1/new/src/monitor.svh:]
WARNING: [filemgmt 56-199] Attempt to get parsing info during refresh. "On-the-fly" syntax checking information may be incorrect. [/home/boib2/vivadoProjects/registerProj/project_1/project_1.srcs/sim_1/new/tb_top.sv:]
WARNING: [filemgmt 56-199] Attempt to get parsing info during refresh. "On-the-fly" syntax checking information may be incorrect. [/home/boib2/vivadoProjects/registerProj/project_1/project_1.srcs/sim_1/new/src/driver.svh:]
WARNING: [filemgmt 56-199] Attempt to get parsing info during refresh. "On-the-fly" syntax checking information may be incorrect. [/home/boib2/vivadoProjects/registerProj/project_1/project_1.srcs/sim_1/new/src/transaction.svh:]
WARNING: [filemgmt 56-199] Attempt to get parsing info during refresh. "On-the-fly" syntax checking information may be incorrect. [/home/boib2/vivadoProjects/registerProj/project_1/project_1.srcs/sim_1/new/src/printer.svh:]
WARNING: [filemgmt 56-199] Attempt to get parsing info during refresh. "On-the-fly" syntax checking information may be incorrect. [/home/boib2/vivadoProjects/registerProj/project_1/project_1.srcs/sim_1/new/src/counter_test.svh:]
WARNING: [filemgmt 56-199] Attempt to get parsing info during refresh. "On-the-fly" syntax checking information may be incorrect. [/home/boib2/vivadoProjects/registerProj/project_1/project_1.srcs/sim_1/new/src/agent_with_interface.svh:]
WARNING: [filemgmt 56-199] Attempt to get parsing info during refresh. "On-the-fly" syntax checking information may be incorrect. [/home/boib2/vivadoProjects/registerProj/project_1/project_1.srcs/sim_1/new/src/quiet_test.svh:]
WARNING: [filemgmt 56-199] Attempt to get parsing info during refresh. "On-the-fly" syntax checking information may be incorrect. [/home/boib2/vivadoProjects/registerProj/project_1/project_1.srcs/sources_1/new/programCounter.v:]
WARNING: [filemgmt 56-199] Attempt to get parsing info during refresh. "On-the-fly" syntax checking information may be incorrect. [/home/boib2/vivadoProjects/registerProj/project_1/project_1.srcs/sources_1/new/programCounter.v:]
WARNING: [filemgmt 56-199] Attempt to get parsing info during refresh. "On-the-fly" syntax checking information may be incorrect. [/home/boib2/vivadoProjects/registerProj/project_1/project_1.srcs/sim_1/new/src/counter_env.svh:]
WARNING: [filemgmt 56-199] Attempt to get parsing info during refresh. "On-the-fly" syntax checking information may be incorrect. [/home/boib2/vivadoProjects/registerProj/project_1/project_1.srcs/sim_1/new/counter_pkg.sv:]
WARNING: [filemgmt 56-199] Attempt to get parsing info during refresh. "On-the-fly" syntax checking information may be incorrect. [/home/boib2/vivadoProjects/registerProj/project_1/project_1.srcs/sim_1/new/counter_if.sv:]
WARNING: [filemgmt 56-199] Attempt to get parsing info during refresh. "On-the-fly" syntax checking information may be incorrect. [/home/boib2/vivadoProjects/registerProj/project_1/project_1.srcs/sources_1/new/programCounter.v:]
WARNING: [filemgmt 56-199] Attempt to get parsing info during refresh. "On-the-fly" syntax checking information may be incorrect. [/home/boib2/vivadoProjects/registerProj/project_1/project_1.srcs/sim_1/new/src/scoreboard.svh:]
WARNING: [filemgmt 56-199] Attempt to get parsing info during refresh. "On-the-fly" syntax checking information may be incorrect. [/home/boib2/vivadoProjects/registerProj/project_1/project_1.srcs/sim_1/new/src/monitor.svh:]
WARNING: [filemgmt 56-199] Attempt to get parsing info during refresh. "On-the-fly" syntax checking information may be incorrect. [/home/boib2/vivadoProjects/registerProj/project_1/project_1.srcs/sim_1/new/tb_top.sv:]
WARNING: [filemgmt 56-199] Attempt to get parsing info during refresh. "On-the-fly" syntax checking information may be incorrect. [/home/boib2/vivadoProjects/registerProj/project_1/project_1.srcs/sim_1/new/src/driver.svh:]
WARNING: [filemgmt 56-199] Attempt to get parsing info during refresh. "On-the-fly" syntax checking information may be incorrect. [/home/boib2/vivadoProjects/registerProj/project_1/project_1.srcs/sim_1/new/src/transaction.svh:]
WARNING: [filemgmt 56-199] Attempt to get parsing info during refresh. "On-the-fly" syntax checking information may be incorrect. [/home/boib2/vivadoProjects/registerProj/project_1/project_1.srcs/sim_1/new/src/printer.svh:]
WARNING: [filemgmt 56-199] Attempt to get parsing info during refresh. "On-the-fly" syntax checking information may be incorrect. [/home/boib2/vivadoProjects/registerProj/project_1/project_1.srcs/sim_1/new/src/counter_test.svh:]
WARNING: [filemgmt 56-199] Attempt to get parsing info during refresh. "On-the-fly" syntax checking information may be incorrect. [/home/boib2/vivadoProjects/registerProj/project_1/project_1.srcs/sim_1/new/src/agent_with_interface.svh:]
WARNING: [filemgmt 56-199] Attempt to get parsing info during refresh. "On-the-fly" syntax checking information may be incorrect. [/home/boib2/vivadoProjects/registerProj/project_1/project_1.srcs/sim_1/new/src/quiet_test.svh:]
WARNING: [filemgmt 56-199] Attempt to get parsing info during refresh. "On-the-fly" syntax checking information may be incorrect. [/home/boib2/vivadoProjects/registerProj/project_1/project_1.srcs/sim_1/new/tb_top.sv:]
WARNING: [filemgmt 56-199] Attempt to get parsing info during refresh. "On-the-fly" syntax checking information may be incorrect. [/home/boib2/vivadoProjects/registerProj/project_1/project_1.srcs/sim_1/new/tb_top.sv:]
WARNING: [filemgmt 56-199] Attempt to get parsing info during refresh. "On-the-fly" syntax checking information may be incorrect. [/home/boib2/vivadoProjects/registerProj/project_1/project_1.srcs/sim_1/new/src/counter_env.svh:]
WARNING: [filemgmt 56-199] Attempt to get parsing info during refresh. "On-the-fly" syntax checking information may be incorrect. [/home/boib2/vivadoProjects/registerProj/project_1/project_1.srcs/sim_1/new/counter_pkg.sv:]
WARNING: [filemgmt 56-199] Attempt to get parsing info during refresh. "On-the-fly" syntax checking information may be incorrect. [/home/boib2/vivadoProjects/registerProj/project_1/project_1.srcs/sim_1/new/counter_if.sv:]
WARNING: [filemgmt 56-199] Attempt to get parsing info during refresh. "On-the-fly" syntax checking information may be incorrect. [/home/boib2/vivadoProjects/registerProj/project_1/project_1.srcs/sources_1/new/programCounter.v:]
WARNING: [filemgmt 56-199] Attempt to get parsing info during refresh. "On-the-fly" syntax checking information may be incorrect. [/home/boib2/vivadoProjects/registerProj/project_1/project_1.srcs/sim_1/new/src/scoreboard.svh:]
WARNING: [filemgmt 56-199] Attempt to get parsing info during refresh. "On-the-fly" syntax checking information may be incorrect. [/home/boib2/vivadoProjects/registerProj/project_1/project_1.srcs/sim_1/new/src/monitor.svh:]
WARNING: [filemgmt 56-199] Attempt to get parsing info during refresh. "On-the-fly" syntax checking information may be incorrect. [/home/boib2/vivadoProjects/registerProj/project_1/project_1.srcs/sim_1/new/tb_top.sv:]
WARNING: [filemgmt 56-199] Attempt to get parsing info during refresh. "On-the-fly" syntax checking information may be incorrect. [/home/boib2/vivadoProjects/registerProj/project_1/project_1.srcs/sim_1/new/src/driver.svh:]
WARNING: [filemgmt 56-199] Attempt to get parsing info during refresh. "On-the-fly" syntax checking information may be incorrect. [/home/boib2/vivadoProjects/registerProj/project_1/project_1.srcs/sim_1/new/src/transaction.svh:]
WARNING: [filemgmt 56-199] Attempt to get parsing info during refresh. "On-the-fly" syntax checking information may be incorrect. [/home/boib2/vivadoProjects/registerProj/project_1/project_1.srcs/sim_1/new/src/printer.svh:]
WARNING: [filemgmt 56-199] Attempt to get parsing info during refresh. "On-the-fly" syntax checking information may be incorrect. [/home/boib2/vivadoProjects/registerProj/project_1/project_1.srcs/sim_1/new/src/counter_test.svh:]
WARNING: [filemgmt 56-199] Attempt to get parsing info during refresh. "On-the-fly" syntax checking information may be incorrect. [/home/boib2/vivadoProjects/registerProj/project_1/project_1.srcs/sim_1/new/src/agent_with_interface.svh:]
WARNING: [filemgmt 56-199] Attempt to get parsing info during refresh. "On-the-fly" syntax checking information may be incorrect. [/home/boib2/vivadoProjects/registerProj/project_1/project_1.srcs/sim_1/new/src/quiet_test.svh:]
WARNING: [filemgmt 56-199] Attempt to get parsing info during refresh. "On-the-fly" syntax checking information may be incorrect. [/home/boib2/vivadoProjects/registerProj/project_1/project_1.srcs/sim_1/new/counter_if.sv:]
WARNING: [filemgmt 56-199] Attempt to get parsing info during refresh. "On-the-fly" syntax checking information may be incorrect. [/home/boib2/vivadoProjects/registerProj/project_1/project_1.srcs/sim_1/new/counter_if.sv:]
WARNING: [filemgmt 56-199] Attempt to get parsing info during refresh. "On-the-fly" syntax checking information may be incorrect. [/home/boib2/vivadoProjects/registerProj/project_1/project_1.srcs/sim_1/new/src/counter_env.svh:]
WARNING: [filemgmt 56-199] Attempt to get parsing info during refresh. "On-the-fly" syntax checking information may be incorrect. [/home/boib2/vivadoProjects/registerProj/project_1/project_1.srcs/sim_1/new/counter_pkg.sv:]
WARNING: [filemgmt 56-199] Attempt to get parsing info during refresh. "On-the-fly" syntax checking information may be incorrect. [/home/boib2/vivadoProjects/registerProj/project_1/project_1.srcs/sim_1/new/counter_if.sv:]
WARNING: [filemgmt 56-199] Attempt to get parsing info during refresh. "On-the-fly" syntax checking information may be incorrect. [/home/boib2/vivadoProjects/registerProj/project_1/project_1.srcs/sources_1/new/programCounter.v:]
WARNING: [filemgmt 56-199] Attempt to get parsing info during refresh. "On-the-fly" syntax checking information may be incorrect. [/home/boib2/vivadoProjects/registerProj/project_1/project_1.srcs/sim_1/new/src/scoreboard.svh:]
WARNING: [filemgmt 56-199] Attempt to get parsing info during refresh. "On-the-fly" syntax checking information may be incorrect. [/home/boib2/vivadoProjects/registerProj/project_1/project_1.srcs/sim_1/new/src/monitor.svh:]
WARNING: [filemgmt 56-199] Attempt to get parsing info during refresh. "On-the-fly" syntax checking information may be incorrect. [/home/boib2/vivadoProjects/registerProj/project_1/project_1.srcs/sim_1/new/tb_top.sv:]
WARNING: [filemgmt 56-199] Attempt to get parsing info during refresh. "On-the-fly" syntax checking information may be incorrect. [/home/boib2/vivadoProjects/registerProj/project_1/project_1.srcs/sim_1/new/src/driver.svh:]
WARNING: [filemgmt 56-199] Attempt to get parsing info during refresh. "On-the-fly" syntax checking information may be incorrect. [/home/boib2/vivadoProjects/registerProj/project_1/project_1.srcs/sim_1/new/src/transaction.svh:]
WARNING: [filemgmt 56-199] Attempt to get parsing info during refresh. "On-the-fly" syntax checking information may be incorrect. [/home/boib2/vivadoProjects/registerProj/project_1/project_1.srcs/sim_1/new/src/printer.svh:]
INFO: [Common 17-14] Message 'filemgmt 56-199' appears 100 times and further instances of the messages will be disabled. Use the Tcl command set_msg_config to change the current settings.
WARNING: [filemgmt 56-199] Attempt to get parsing info during refresh. "On-the-fly" syntax checking information may be incorrect. [/home/boib2/vivadoProjects/registerProj/project_1/project_1.srcs/sim_1/new/src/counter_env.svh:]
WARNING: [filemgmt 56-199] Attempt to get parsing info during refresh. "On-the-fly" syntax checking information may be incorrect. [/home/boib2/vivadoProjects/registerProj/project_1/project_1.srcs/sim_1/new/counter_pkg.sv:]
WARNING: [filemgmt 56-199] Attempt to get parsing info during refresh. "On-the-fly" syntax checking information may be incorrect. [/home/boib2/vivadoProjects/registerProj/project_1/project_1.srcs/sim_1/new/counter_if.sv:]
WARNING: [filemgmt 56-199] Attempt to get parsing info during refresh. "On-the-fly" syntax checking information may be incorrect. [/home/boib2/vivadoProjects/registerProj/project_1/project_1.srcs/sources_1/new/programCounter.v:]
WARNING: [filemgmt 56-199] Attempt to get parsing info during refresh. "On-the-fly" syntax checking information may be incorrect. [/home/boib2/vivadoProjects/registerProj/project_1/project_1.srcs/sim_1/new/src/scoreboard.svh:]
WARNING: [filemgmt 56-199] Attempt to get parsing info during refresh. "On-the-fly" syntax checking information may be incorrect. [/home/boib2/vivadoProjects/registerProj/project_1/project_1.srcs/sim_1/new/src/monitor.svh:]
WARNING: [filemgmt 56-199] Attempt to get parsing info during refresh. "On-the-fly" syntax checking information may be incorrect. [/home/boib2/vivadoProjects/registerProj/project_1/project_1.srcs/sim_1/new/tb_top.sv:]
WARNING: [filemgmt 56-199] Attempt to get parsing info during refresh. "On-the-fly" syntax checking information may be incorrect. [/home/boib2/vivadoProjects/registerProj/project_1/project_1.srcs/sim_1/new/src/driver.svh:]
WARNING: [filemgmt 56-199] Attempt to get parsing info during refresh. "On-the-fly" syntax checking information may be incorrect. [/home/boib2/vivadoProjects/registerProj/project_1/project_1.srcs/sim_1/new/src/transaction.svh:]
WARNING: [filemgmt 56-199] Attempt to get parsing info during refresh. "On-the-fly" syntax checking information may be incorrect. [/home/boib2/vivadoProjects/registerProj/project_1/project_1.srcs/sim_1/new/src/printer.svh:]
WARNING: [filemgmt 56-199] Attempt to get parsing info during refresh. "On-the-fly" syntax checking information may be incorrect. [/home/boib2/vivadoProjects/registerProj/project_1/project_1.srcs/sim_1/new/src/counter_test.svh:]
WARNING: [filemgmt 56-199] Attempt to get parsing info during refresh. "On-the-fly" syntax checking information may be incorrect. [/home/boib2/vivadoProjects/registerProj/project_1/project_1.srcs/sim_1/new/src/agent_with_interface.svh:]
WARNING: [filemgmt 56-199] Attempt to get parsing info during refresh. "On-the-fly" syntax checking information may be incorrect. [/home/boib2/vivadoProjects/registerProj/project_1/project_1.srcs/sim_1/new/src/quiet_test.svh:]
WARNING: [filemgmt 56-199] Attempt to get parsing info during refresh. "On-the-fly" syntax checking information may be incorrect. [/home/boib2/vivadoProjects/registerProj/project_1/project_1.srcs/sim_1/new/src/agent_with_interface.svh:]
WARNING: [filemgmt 56-199] Attempt to get parsing info during refresh. "On-the-fly" syntax checking information may be incorrect. [/home/boib2/vivadoProjects/registerProj/project_1/project_1.srcs/sim_1/new/src/agent_with_interface.svh:]
WARNING: [filemgmt 56-199] Attempt to get parsing info during refresh. "On-the-fly" syntax checking information may be incorrect. [/home/boib2/vivadoProjects/registerProj/project_1/project_1.srcs/sim_1/new/src/counter_env.svh:]
WARNING: [filemgmt 56-199] Attempt to get parsing info during refresh. "On-the-fly" syntax checking information may be incorrect. [/home/boib2/vivadoProjects/registerProj/project_1/project_1.srcs/sim_1/new/counter_pkg.sv:]
WARNING: [filemgmt 56-199] Attempt to get parsing info during refresh. "On-the-fly" syntax checking information may be incorrect. [/home/boib2/vivadoProjects/registerProj/project_1/project_1.srcs/sim_1/new/counter_if.sv:]
WARNING: [filemgmt 56-199] Attempt to get parsing info during refresh. "On-the-fly" syntax checking information may be incorrect. [/home/boib2/vivadoProjects/registerProj/project_1/project_1.srcs/sources_1/new/programCounter.v:]
WARNING: [filemgmt 56-199] Attempt to get parsing info during refresh. "On-the-fly" syntax checking information may be incorrect. [/home/boib2/vivadoProjects/registerProj/project_1/project_1.srcs/sim_1/new/src/scoreboard.svh:]
WARNING: [filemgmt 56-199] Attempt to get parsing info during refresh. "On-the-fly" syntax checking information may be incorrect. [/home/boib2/vivadoProjects/registerProj/project_1/project_1.srcs/sim_1/new/src/monitor.svh:]
WARNING: [filemgmt 56-199] Attempt to get parsing info during refresh. "On-the-fly" syntax checking information may be incorrect. [/home/boib2/vivadoProjects/registerProj/project_1/project_1.srcs/sim_1/new/tb_top.sv:]
WARNING: [filemgmt 56-199] Attempt to get parsing info during refresh. "On-the-fly" syntax checking information may be incorrect. [/home/boib2/vivadoProjects/registerProj/project_1/project_1.srcs/sim_1/new/src/driver.svh:]
WARNING: [filemgmt 56-199] Attempt to get parsing info during refresh. "On-the-fly" syntax checking information may be incorrect. [/home/boib2/vivadoProjects/registerProj/project_1/project_1.srcs/sim_1/new/src/transaction.svh:]
WARNING: [filemgmt 56-199] Attempt to get parsing info during refresh. "On-the-fly" syntax checking information may be incorrect. [/home/boib2/vivadoProjects/registerProj/project_1/project_1.srcs/sim_1/new/src/printer.svh:]
WARNING: [filemgmt 56-199] Attempt to get parsing info during refresh. "On-the-fly" syntax checking information may be incorrect. [/home/boib2/vivadoProjects/registerProj/project_1/project_1.srcs/sim_1/new/src/counter_test.svh:]
WARNING: [filemgmt 56-199] Attempt to get parsing info during refresh. "On-the-fly" syntax checking information may be incorrect. [/home/boib2/vivadoProjects/registerProj/project_1/project_1.srcs/sim_1/new/src/agent_with_interface.svh:]
WARNING: [filemgmt 56-199] Attempt to get parsing info during refresh. "On-the-fly" syntax checking information may be incorrect. [/home/boib2/vivadoProjects/registerProj/project_1/project_1.srcs/sim_1/new/src/quiet_test.svh:]
WARNING: [filemgmt 56-199] Attempt to get parsing info during refresh. "On-the-fly" syntax checking information may be incorrect. [/home/boib2/vivadoProjects/registerProj/project_1/project_1.srcs/sim_1/new/src/quiet_test.svh:]
WARNING: [filemgmt 56-199] Attempt to get parsing info during refresh. "On-the-fly" syntax checking information may be incorrect. [/home/boib2/vivadoProjects/registerProj/project_1/project_1.srcs/sim_1/new/src/quiet_test.svh:]
WARNING: [filemgmt 56-199] Attempt to get parsing info during refresh. "On-the-fly" syntax checking information may be incorrect. [/home/boib2/vivadoProjects/registerProj/project_1/project_1.srcs/sim_1/new/src/counter_env.svh:]
WARNING: [filemgmt 56-199] Attempt to get parsing info during refresh. "On-the-fly" syntax checking information may be incorrect. [/home/boib2/vivadoProjects/registerProj/project_1/project_1.srcs/sim_1/new/counter_pkg.sv:]
WARNING: [filemgmt 56-199] Attempt to get parsing info during refresh. "On-the-fly" syntax checking information may be incorrect. [/home/boib2/vivadoProjects/registerProj/project_1/project_1.srcs/sim_1/new/counter_if.sv:]
WARNING: [filemgmt 56-199] Attempt to get parsing info during refresh. "On-the-fly" syntax checking information may be incorrect. [/home/boib2/vivadoProjects/registerProj/project_1/project_1.srcs/sources_1/new/programCounter.v:]
WARNING: [filemgmt 56-199] Attempt to get parsing info during refresh. "On-the-fly" syntax checking information may be incorrect. [/home/boib2/vivadoProjects/registerProj/project_1/project_1.srcs/sim_1/new/src/scoreboard.svh:]
WARNING: [filemgmt 56-199] Attempt to get parsing info during refresh. "On-the-fly" syntax checking information may be incorrect. [/home/boib2/vivadoProjects/registerProj/project_1/project_1.srcs/sim_1/new/src/monitor.svh:]
WARNING: [filemgmt 56-199] Attempt to get parsing info during refresh. "On-the-fly" syntax checking information may be incorrect. [/home/boib2/vivadoProjects/registerProj/project_1/project_1.srcs/sim_1/new/tb_top.sv:]
WARNING: [filemgmt 56-199] Attempt to get parsing info during refresh. "On-the-fly" syntax checking information may be incorrect. [/home/boib2/vivadoProjects/registerProj/project_1/project_1.srcs/sim_1/new/src/driver.svh:]
WARNING: [filemgmt 56-199] Attempt to get parsing info during refresh. "On-the-fly" syntax checking information may be incorrect. [/home/boib2/vivadoProjects/registerProj/project_1/project_1.srcs/sim_1/new/src/transaction.svh:]
WARNING: [filemgmt 56-199] Attempt to get parsing info during refresh. "On-the-fly" syntax checking information may be incorrect. [/home/boib2/vivadoProjects/registerProj/project_1/project_1.srcs/sim_1/new/src/printer.svh:]
WARNING: [filemgmt 56-199] Attempt to get parsing info during refresh. "On-the-fly" syntax checking information may be incorrect. [/home/boib2/vivadoProjects/registerProj/project_1/project_1.srcs/sim_1/new/src/counter_test.svh:]
WARNING: [filemgmt 56-199] Attempt to get parsing info during refresh. "On-the-fly" syntax checking information may be incorrect. [/home/boib2/vivadoProjects/registerProj/project_1/project_1.srcs/sim_1/new/src/agent_with_interface.svh:]
WARNING: [filemgmt 56-199] Attempt to get parsing info during refresh. "On-the-fly" syntax checking information may be incorrect. [/home/boib2/vivadoProjects/registerProj/project_1/project_1.srcs/sim_1/new/src/quiet_test.svh:]
WARNING: [filemgmt 56-199] Attempt to get parsing info during refresh. "On-the-fly" syntax checking information may be incorrect. [/home/boib2/vivadoProjects/registerProj/project_1/project_1.srcs/sim_1/new/counter_if.sv:]
WARNING: [filemgmt 56-199] Attempt to get parsing info during refresh. "On-the-fly" syntax checking information may be incorrect. [/home/boib2/vivadoProjects/registerProj/project_1/project_1.srcs/sim_1/new/counter_if.sv:]
WARNING: [filemgmt 56-199] Attempt to get parsing info during refresh. "On-the-fly" syntax checking information may be incorrect. [/home/boib2/vivadoProjects/registerProj/project_1/project_1.srcs/sim_1/new/src/counter_env.svh:]
WARNING: [filemgmt 56-199] Attempt to get parsing info during refresh. "On-the-fly" syntax checking information may be incorrect. [/home/boib2/vivadoProjects/registerProj/project_1/project_1.srcs/sim_1/new/counter_pkg.sv:]
WARNING: [filemgmt 56-199] Attempt to get parsing info during refresh. "On-the-fly" syntax checking information may be incorrect. [/home/boib2/vivadoProjects/registerProj/project_1/project_1.srcs/sim_1/new/counter_if.sv:]
WARNING: [filemgmt 56-199] Attempt to get parsing info during refresh. "On-the-fly" syntax checking information may be incorrect. [/home/boib2/vivadoProjects/registerProj/project_1/project_1.srcs/sources_1/new/programCounter.v:]
WARNING: [filemgmt 56-199] Attempt to get parsing info during refresh. "On-the-fly" syntax checking information may be incorrect. [/home/boib2/vivadoProjects/registerProj/project_1/project_1.srcs/sim_1/new/src/scoreboard.svh:]
WARNING: [filemgmt 56-199] Attempt to get parsing info during refresh. "On-the-fly" syntax checking information may be incorrect. [/home/boib2/vivadoProjects/registerProj/project_1/project_1.srcs/sim_1/new/src/monitor.svh:]
WARNING: [filemgmt 56-199] Attempt to get parsing info during refresh. "On-the-fly" syntax checking information may be incorrect. [/home/boib2/vivadoProjects/registerProj/project_1/project_1.srcs/sim_1/new/tb_top.sv:]
WARNING: [filemgmt 56-199] Attempt to get parsing info during refresh. "On-the-fly" syntax checking information may be incorrect. [/home/boib2/vivadoProjects/registerProj/project_1/project_1.srcs/sim_1/new/src/driver.svh:]
WARNING: [filemgmt 56-199] Attempt to get parsing info during refresh. "On-the-fly" syntax checking information may be incorrect. [/home/boib2/vivadoProjects/registerProj/project_1/project_1.srcs/sim_1/new/src/transaction.svh:]
WARNING: [filemgmt 56-199] Attempt to get parsing info during refresh. "On-the-fly" syntax checking information may be incorrect. [/home/boib2/vivadoProjects/registerProj/project_1/project_1.srcs/sim_1/new/src/printer.svh:]
WARNING: [filemgmt 56-199] Attempt to get parsing info during refresh. "On-the-fly" syntax checking information may be incorrect. [/home/boib2/vivadoProjects/registerProj/project_1/project_1.srcs/sim_1/new/src/counter_test.svh:]
WARNING: [filemgmt 56-199] Attempt to get parsing info during refresh. "On-the-fly" syntax checking information may be incorrect. [/home/boib2/vivadoProjects/registerProj/project_1/project_1.srcs/sim_1/new/src/agent_with_interface.svh:]
WARNING: [filemgmt 56-199] Attempt to get parsing info during refresh. "On-the-fly" syntax checking information may be incorrect. [/home/boib2/vivadoProjects/registerProj/project_1/project_1.srcs/sim_1/new/src/quiet_test.svh:]
WARNING: [filemgmt 56-199] Attempt to get parsing info during refresh. "On-the-fly" syntax checking information may be incorrect. [/home/boib2/vivadoProjects/registerProj/project_1/project_1.srcs/sim_1/new/src/driver.svh:]
WARNING: [filemgmt 56-199] Attempt to get parsing info during refresh. "On-the-fly" syntax checking information may be incorrect. [/home/boib2/vivadoProjects/registerProj/project_1/project_1.srcs/sim_1/new/src/driver.svh:]
WARNING: [filemgmt 56-199] Attempt to get parsing info during refresh. "On-the-fly" syntax checking information may be incorrect. [/home/boib2/vivadoProjects/registerProj/project_1/project_1.srcs/sim_1/new/src/counter_env.svh:]
WARNING: [filemgmt 56-199] Attempt to get parsing info during refresh. "On-the-fly" syntax checking information may be incorrect. [/home/boib2/vivadoProjects/registerProj/project_1/project_1.srcs/sim_1/new/counter_pkg.sv:]
WARNING: [filemgmt 56-199] Attempt to get parsing info during refresh. "On-the-fly" syntax checking information may be incorrect. [/home/boib2/vivadoProjects/registerProj/project_1/project_1.srcs/sim_1/new/counter_if.sv:]
WARNING: [filemgmt 56-199] Attempt to get parsing info during refresh. "On-the-fly" syntax checking information may be incorrect. [/home/boib2/vivadoProjects/registerProj/project_1/project_1.srcs/sources_1/new/programCounter.v:]
WARNING: [filemgmt 56-199] Attempt to get parsing info during refresh. "On-the-fly" syntax checking information may be incorrect. [/home/boib2/vivadoProjects/registerProj/project_1/project_1.srcs/sim_1/new/src/scoreboard.svh:]
WARNING: [filemgmt 56-199] Attempt to get parsing info during refresh. "On-the-fly" syntax checking information may be incorrect. [/home/boib2/vivadoProjects/registerProj/project_1/project_1.srcs/sim_1/new/src/monitor.svh:]
WARNING: [filemgmt 56-199] Attempt to get parsing info during refresh. "On-the-fly" syntax checking information may be incorrect. [/home/boib2/vivadoProjects/registerProj/project_1/project_1.srcs/sim_1/new/tb_top.sv:]
WARNING: [filemgmt 56-199] Attempt to get parsing info during refresh. "On-the-fly" syntax checking information may be incorrect. [/home/boib2/vivadoProjects/registerProj/project_1/project_1.srcs/sim_1/new/src/driver.svh:]
WARNING: [filemgmt 56-199] Attempt to get parsing info during refresh. "On-the-fly" syntax checking information may be incorrect. [/home/boib2/vivadoProjects/registerProj/project_1/project_1.srcs/sim_1/new/src/transaction.svh:]
WARNING: [filemgmt 56-199] Attempt to get parsing info during refresh. "On-the-fly" syntax checking information may be incorrect. [/home/boib2/vivadoProjects/registerProj/project_1/project_1.srcs/sim_1/new/src/printer.svh:]
WARNING: [filemgmt 56-199] Attempt to get parsing info during refresh. "On-the-fly" syntax checking information may be incorrect. [/home/boib2/vivadoProjects/registerProj/project_1/project_1.srcs/sim_1/new/src/counter_test.svh:]
WARNING: [filemgmt 56-199] Attempt to get parsing info during refresh. "On-the-fly" syntax checking information may be incorrect. [/home/boib2/vivadoProjects/registerProj/project_1/project_1.srcs/sim_1/new/src/agent_with_interface.svh:]
WARNING: [filemgmt 56-199] Attempt to get parsing info during refresh. "On-the-fly" syntax checking information may be incorrect. [/home/boib2/vivadoProjects/registerProj/project_1/project_1.srcs/sim_1/new/src/quiet_test.svh:]
WARNING: [filemgmt 56-199] Attempt to get parsing info during refresh. "On-the-fly" syntax checking information may be incorrect. [/home/boib2/vivadoProjects/registerProj/project_1/project_1.srcs/sim_1/new/tb_top.sv:]
WARNING: [filemgmt 56-199] Attempt to get parsing info during refresh. "On-the-fly" syntax checking information may be incorrect. [/home/boib2/vivadoProjects/registerProj/project_1/project_1.srcs/sim_1/new/tb_top.sv:]
WARNING: [filemgmt 56-199] Attempt to get parsing info during refresh. "On-the-fly" syntax checking information may be incorrect. [/home/boib2/vivadoProjects/registerProj/project_1/project_1.srcs/sim_1/new/src/counter_env.svh:]
WARNING: [filemgmt 56-199] Attempt to get parsing info during refresh. "On-the-fly" syntax checking information may be incorrect. [/home/boib2/vivadoProjects/registerProj/project_1/project_1.srcs/sim_1/new/counter_pkg.sv:]
WARNING: [filemgmt 56-199] Attempt to get parsing info during refresh. "On-the-fly" syntax checking information may be incorrect. [/home/boib2/vivadoProjects/registerProj/project_1/project_1.srcs/sim_1/new/counter_if.sv:]
WARNING: [filemgmt 56-199] Attempt to get parsing info during refresh. "On-the-fly" syntax checking information may be incorrect. [/home/boib2/vivadoProjects/registerProj/project_1/project_1.srcs/sources_1/new/programCounter.v:]
WARNING: [filemgmt 56-199] Attempt to get parsing info during refresh. "On-the-fly" syntax checking information may be incorrect. [/home/boib2/vivadoProjects/registerProj/project_1/project_1.srcs/sim_1/new/src/scoreboard.svh:]
WARNING: [filemgmt 56-199] Attempt to get parsing info during refresh. "On-the-fly" syntax checking information may be incorrect. [/home/boib2/vivadoProjects/registerProj/project_1/project_1.srcs/sim_1/new/src/monitor.svh:]
WARNING: [filemgmt 56-199] Attempt to get parsing info during refresh. "On-the-fly" syntax checking information may be incorrect. [/home/boib2/vivadoProjects/registerProj/project_1/project_1.srcs/sim_1/new/tb_top.sv:]
WARNING: [filemgmt 56-199] Attempt to get parsing info during refresh. "On-the-fly" syntax checking information may be incorrect. [/home/boib2/vivadoProjects/registerProj/project_1/project_1.srcs/sim_1/new/src/driver.svh:]
WARNING: [filemgmt 56-199] Attempt to get parsing info during refresh. "On-the-fly" syntax checking information may be incorrect. [/home/boib2/vivadoProjects/registerProj/project_1/project_1.srcs/sim_1/new/src/transaction.svh:]
WARNING: [filemgmt 56-199] Attempt to get parsing info during refresh. "On-the-fly" syntax checking information may be incorrect. [/home/boib2/vivadoProjects/registerProj/project_1/project_1.srcs/sim_1/new/src/printer.svh:]
WARNING: [filemgmt 56-199] Attempt to get parsing info during refresh. "On-the-fly" syntax checking information may be incorrect. [/home/boib2/vivadoProjects/registerProj/project_1/project_1.srcs/sim_1/new/src/counter_test.svh:]
WARNING: [filemgmt 56-199] Attempt to get parsing info during refresh. "On-the-fly" syntax checking information may be incorrect. [/home/boib2/vivadoProjects/registerProj/project_1/project_1.srcs/sim_1/new/src/agent_with_interface.svh:]
WARNING: [filemgmt 56-199] Attempt to get parsing info during refresh. "On-the-fly" syntax checking information may be incorrect. [/home/boib2/vivadoProjects/registerProj/project_1/project_1.srcs/sim_1/new/src/quiet_test.svh:]
WARNING: [filemgmt 56-199] Attempt to get parsing info during refresh. "On-the-fly" syntax checking information may be incorrect. [/home/boib2/vivadoProjects/registerProj/project_1/project_1.srcs/sim_1/new/src/scoreboard.svh:]
WARNING: [filemgmt 56-199] Attempt to get parsing info during refresh. "On-the-fly" syntax checking information may be incorrect. [/home/boib2/vivadoProjects/registerProj/project_1/project_1.srcs/sim_1/new/src/scoreboard.svh:]
WARNING: [filemgmt 56-199] Attempt to get parsing info during refresh. "On-the-fly" syntax checking information may be incorrect. [/home/boib2/vivadoProjects/registerProj/project_1/project_1.srcs/sim_1/new/src/counter_env.svh:]
WARNING: [filemgmt 56-199] Attempt to get parsing info during refresh. "On-the-fly" syntax checking information may be incorrect. [/home/boib2/vivadoProjects/registerProj/project_1/project_1.srcs/sim_1/new/counter_pkg.sv:]
WARNING: [filemgmt 56-199] Attempt to get parsing info during refresh. "On-the-fly" syntax checking information may be incorrect. [/home/boib2/vivadoProjects/registerProj/project_1/project_1.srcs/sim_1/new/counter_if.sv:]
WARNING: [filemgmt 56-199] Attempt to get parsing info during refresh. "On-the-fly" syntax checking information may be incorrect. [/home/boib2/vivadoProjects/registerProj/project_1/project_1.srcs/sources_1/new/programCounter.v:]
WARNING: [filemgmt 56-199] Attempt to get parsing info during refresh. "On-the-fly" syntax checking information may be incorrect. [/home/boib2/vivadoProjects/registerProj/project_1/project_1.srcs/sim_1/new/src/scoreboard.svh:]
WARNING: [filemgmt 56-199] Attempt to get parsing info during refresh. "On-the-fly" syntax checking information may be incorrect. [/home/boib2/vivadoProjects/registerProj/project_1/project_1.srcs/sim_1/new/src/monitor.svh:]
WARNING: [filemgmt 56-199] Attempt to get parsing info during refresh. "On-the-fly" syntax checking information may be incorrect. [/home/boib2/vivadoProjects/registerProj/project_1/project_1.srcs/sim_1/new/tb_top.sv:]
WARNING: [filemgmt 56-199] Attempt to get parsing info during refresh. "On-the-fly" syntax checking information may be incorrect. [/home/boib2/vivadoProjects/registerProj/project_1/project_1.srcs/sim_1/new/src/driver.svh:]
WARNING: [filemgmt 56-199] Attempt to get parsing info during refresh. "On-the-fly" syntax checking information may be incorrect. [/home/boib2/vivadoProjects/registerProj/project_1/project_1.srcs/sim_1/new/src/transaction.svh:]
WARNING: [filemgmt 56-199] Attempt to get parsing info during refresh. "On-the-fly" syntax checking information may be incorrect. [/home/boib2/vivadoProjects/registerProj/project_1/project_1.srcs/sim_1/new/src/printer.svh:]
WARNING: [filemgmt 56-199] Attempt to get parsing info during refresh. "On-the-fly" syntax checking information may be incorrect. [/home/boib2/vivadoProjects/registerProj/project_1/project_1.srcs/sim_1/new/src/counter_test.svh:]
WARNING: [filemgmt 56-199] Attempt to get parsing info during refresh. "On-the-fly" syntax checking information may be incorrect. [/home/boib2/vivadoProjects/registerProj/project_1/project_1.srcs/sim_1/new/src/agent_with_interface.svh:]
WARNING: [filemgmt 56-199] Attempt to get parsing info during refresh. "On-the-fly" syntax checking information may be incorrect. [/home/boib2/vivadoProjects/registerProj/project_1/project_1.srcs/sim_1/new/src/quiet_test.svh:]
WARNING: [filemgmt 56-199] Attempt to get parsing info during refresh. "On-the-fly" syntax checking information may be incorrect. [/home/boib2/vivadoProjects/registerProj/project_1/project_1.srcs/sim_1/new/src/counter_test.svh:]
WARNING: [filemgmt 56-199] Attempt to get parsing info during refresh. "On-the-fly" syntax checking information may be incorrect. [/home/boib2/vivadoProjects/registerProj/project_1/project_1.srcs/sim_1/new/src/counter_test.svh:]
WARNING: [filemgmt 56-199] Attempt to get parsing info during refresh. "On-the-fly" syntax checking information may be incorrect. [/home/boib2/vivadoProjects/registerProj/project_1/project_1.srcs/sim_1/new/src/counter_env.svh:]
WARNING: [filemgmt 56-199] Attempt to get parsing info during refresh. "On-the-fly" syntax checking information may be incorrect. [/home/boib2/vivadoProjects/registerProj/project_1/project_1.srcs/sim_1/new/counter_pkg.sv:]
WARNING: [filemgmt 56-199] Attempt to get parsing info during refresh. "On-the-fly" syntax checking information may be incorrect. [/home/boib2/vivadoProjects/registerProj/project_1/project_1.srcs/sim_1/new/counter_if.sv:]
WARNING: [filemgmt 56-199] Attempt to get parsing info during refresh. "On-the-fly" syntax checking information may be incorrect. [/home/boib2/vivadoProjects/registerProj/project_1/project_1.srcs/sources_1/new/programCounter.v:]
WARNING: [filemgmt 56-199] Attempt to get parsing info during refresh. "On-the-fly" syntax checking information may be incorrect. [/home/boib2/vivadoProjects/registerProj/project_1/project_1.srcs/sim_1/new/src/scoreboard.svh:]
WARNING: [filemgmt 56-199] Attempt to get parsing info during refresh. "On-the-fly" syntax checking information may be incorrect. [/home/boib2/vivadoProjects/registerProj/project_1/project_1.srcs/sim_1/new/src/monitor.svh:]
WARNING: [filemgmt 56-199] Attempt to get parsing info during refresh. "On-the-fly" syntax checking information may be incorrect. [/home/boib2/vivadoProjects/registerProj/project_1/project_1.srcs/sim_1/new/tb_top.sv:]
WARNING: [filemgmt 56-199] Attempt to get parsing info during refresh. "On-the-fly" syntax checking information may be incorrect. [/home/boib2/vivadoProjects/registerProj/project_1/project_1.srcs/sim_1/new/src/driver.svh:]
WARNING: [filemgmt 56-199] Attempt to get parsing info during refresh. "On-the-fly" syntax checking information may be incorrect. [/home/boib2/vivadoProjects/registerProj/project_1/project_1.srcs/sim_1/new/src/transaction.svh:]
WARNING: [filemgmt 56-199] Attempt to get parsing info during refresh. "On-the-fly" syntax checking information may be incorrect. [/home/boib2/vivadoProjects/registerProj/project_1/project_1.srcs/sim_1/new/src/printer.svh:]
WARNING: [filemgmt 56-199] Attempt to get parsing info during refresh. "On-the-fly" syntax checking information may be incorrect. [/home/boib2/vivadoProjects/registerProj/project_1/project_1.srcs/sim_1/new/src/counter_test.svh:]
WARNING: [filemgmt 56-199] Attempt to get parsing info during refresh. "On-the-fly" syntax checking information may be incorrect. [/home/boib2/vivadoProjects/registerProj/project_1/project_1.srcs/sim_1/new/src/agent_with_interface.svh:]
WARNING: [filemgmt 56-199] Attempt to get parsing info during refresh. "On-the-fly" syntax checking information may be incorrect. [/home/boib2/vivadoProjects/registerProj/project_1/project_1.srcs/sim_1/new/src/quiet_test.svh:]
WARNING: [filemgmt 56-199] Attempt to get parsing info during refresh. "On-the-fly" syntax checking information may be incorrect. [/home/boib2/vivadoProjects/registerProj/project_1/project_1.srcs/sim_1/new/src/counter_env.svh:]
WARNING: [filemgmt 56-199] Attempt to get parsing info during refresh. "On-the-fly" syntax checking information may be incorrect. [/home/boib2/vivadoProjects/registerProj/project_1/project_1.srcs/sim_1/new/src/counter_env.svh:]
WARNING: [filemgmt 56-199] Attempt to get parsing info during refresh. "On-the-fly" syntax checking information may be incorrect. [/home/boib2/vivadoProjects/registerProj/project_1/project_1.srcs/sim_1/new/src/counter_env.svh:]
WARNING: [filemgmt 56-199] Attempt to get parsing info during refresh. "On-the-fly" syntax checking information may be incorrect. [/home/boib2/vivadoProjects/registerProj/project_1/project_1.srcs/sim_1/new/counter_pkg.sv:]
WARNING: [filemgmt 56-199] Attempt to get parsing info during refresh. "On-the-fly" syntax checking information may be incorrect. [/home/boib2/vivadoProjects/registerProj/project_1/project_1.srcs/sim_1/new/counter_if.sv:]
WARNING: [filemgmt 56-199] Attempt to get parsing info during refresh. "On-the-fly" syntax checking information may be incorrect. [/home/boib2/vivadoProjects/registerProj/project_1/project_1.srcs/sources_1/new/programCounter.v:]
WARNING: [filemgmt 56-199] Attempt to get parsing info during refresh. "On-the-fly" syntax checking information may be incorrect. [/home/boib2/vivadoProjects/registerProj/project_1/project_1.srcs/sim_1/new/src/scoreboard.svh:]
WARNING: [filemgmt 56-199] Attempt to get parsing info during refresh. "On-the-fly" syntax checking information may be incorrect. [/home/boib2/vivadoProjects/registerProj/project_1/project_1.srcs/sim_1/new/src/monitor.svh:]
WARNING: [filemgmt 56-199] Attempt to get parsing info during refresh. "On-the-fly" syntax checking information may be incorrect. [/home/boib2/vivadoProjects/registerProj/project_1/project_1.srcs/sim_1/new/tb_top.sv:]
WARNING: [filemgmt 56-199] Attempt to get parsing info during refresh. "On-the-fly" syntax checking information may be incorrect. [/home/boib2/vivadoProjects/registerProj/project_1/project_1.srcs/sim_1/new/src/driver.svh:]
WARNING: [filemgmt 56-199] Attempt to get parsing info during refresh. "On-the-fly" syntax checking information may be incorrect. [/home/boib2/vivadoProjects/registerProj/project_1/project_1.srcs/sim_1/new/src/transaction.svh:]
WARNING: [filemgmt 56-199] Attempt to get parsing info during refresh. "On-the-fly" syntax checking information may be incorrect. [/home/boib2/vivadoProjects/registerProj/project_1/project_1.srcs/sim_1/new/src/printer.svh:]
INFO: [Common 17-14] Message 'filemgmt 56-199' appears 100 times and further instances of the messages will be disabled. Use the Tcl command set_msg_config to change the current settings.
WARNING: [filemgmt 56-199] Attempt to get parsing info during refresh. "On-the-fly" syntax checking information may be incorrect. [/home/boib2/vivadoProjects/registerProj/project_1/project_1.srcs/sim_1/new/src/counter_env.svh:]
WARNING: [filemgmt 56-199] Attempt to get parsing info during refresh. "On-the-fly" syntax checking information may be incorrect. [/home/boib2/vivadoProjects/registerProj/project_1/project_1.srcs/sim_1/new/counter_pkg.sv:]
WARNING: [filemgmt 56-199] Attempt to get parsing info during refresh. "On-the-fly" syntax checking information may be incorrect. [/home/boib2/vivadoProjects/registerProj/project_1/project_1.srcs/sim_1/new/counter_if.sv:]
WARNING: [filemgmt 56-199] Attempt to get parsing info during refresh. "On-the-fly" syntax checking information may be incorrect. [/home/boib2/vivadoProjects/registerProj/project_1/project_1.srcs/sources_1/new/programCounter.v:]
WARNING: [filemgmt 56-199] Attempt to get parsing info during refresh. "On-the-fly" syntax checking information may be incorrect. [/home/boib2/vivadoProjects/registerProj/project_1/project_1.srcs/sim_1/new/src/scoreboard.svh:]
WARNING: [filemgmt 56-199] Attempt to get parsing info during refresh. "On-the-fly" syntax checking information may be incorrect. [/home/boib2/vivadoProjects/registerProj/project_1/project_1.srcs/sim_1/new/src/monitor.svh:]
WARNING: [filemgmt 56-199] Attempt to get parsing info during refresh. "On-the-fly" syntax checking information may be incorrect. [/home/boib2/vivadoProjects/registerProj/project_1/project_1.srcs/sim_1/new/tb_top.sv:]
WARNING: [filemgmt 56-199] Attempt to get parsing info during refresh. "On-the-fly" syntax checking information may be incorrect. [/home/boib2/vivadoProjects/registerProj/project_1/project_1.srcs/sim_1/new/src/driver.svh:]
WARNING: [filemgmt 56-199] Attempt to get parsing info during refresh. "On-the-fly" syntax checking information may be incorrect. [/home/boib2/vivadoProjects/registerProj/project_1/project_1.srcs/sim_1/new/src/transaction.svh:]
WARNING: [filemgmt 56-199] Attempt to get parsing info during refresh. "On-the-fly" syntax checking information may be incorrect. [/home/boib2/vivadoProjects/registerProj/project_1/project_1.srcs/sim_1/new/src/printer.svh:]
WARNING: [filemgmt 56-199] Attempt to get parsing info during refresh. "On-the-fly" syntax checking information may be incorrect. [/home/boib2/vivadoProjects/registerProj/project_1/project_1.srcs/sim_1/new/src/counter_test.svh:]
WARNING: [filemgmt 56-199] Attempt to get parsing info during refresh. "On-the-fly" syntax checking information may be incorrect. [/home/boib2/vivadoProjects/registerProj/project_1/project_1.srcs/sim_1/new/src/agent_with_interface.svh:]
WARNING: [filemgmt 56-199] Attempt to get parsing info during refresh. "On-the-fly" syntax checking information may be incorrect. [/home/boib2/vivadoProjects/registerProj/project_1/project_1.srcs/sim_1/new/src/quiet_test.svh:]
WARNING: [filemgmt 56-199] Attempt to get parsing info during refresh. "On-the-fly" syntax checking information may be incorrect. [/home/boib2/vivadoProjects/registerProj/project_1/project_1.srcs/sim_1/new/src/quiet_test.svh:]
WARNING: [filemgmt 56-199] Attempt to get parsing info during refresh. "On-the-fly" syntax checking information may be incorrect. [/home/boib2/vivadoProjects/registerProj/project_1/project_1.srcs/sim_1/new/src/quiet_test.svh:]
WARNING: [filemgmt 56-199] Attempt to get parsing info during refresh. "On-the-fly" syntax checking information may be incorrect. [/home/boib2/vivadoProjects/registerProj/project_1/project_1.srcs/sim_1/new/src/counter_env.svh:]
WARNING: [filemgmt 56-199] Attempt to get parsing info during refresh. "On-the-fly" syntax checking information may be incorrect. [/home/boib2/vivadoProjects/registerProj/project_1/project_1.srcs/sim_1/new/counter_pkg.sv:]
WARNING: [filemgmt 56-199] Attempt to get parsing info during refresh. "On-the-fly" syntax checking information may be incorrect. [/home/boib2/vivadoProjects/registerProj/project_1/project_1.srcs/sim_1/new/counter_if.sv:]
WARNING: [filemgmt 56-199] Attempt to get parsing info during refresh. "On-the-fly" syntax checking information may be incorrect. [/home/boib2/vivadoProjects/registerProj/project_1/project_1.srcs/sources_1/new/programCounter.v:]
WARNING: [filemgmt 56-199] Attempt to get parsing info during refresh. "On-the-fly" syntax checking information may be incorrect. [/home/boib2/vivadoProjects/registerProj/project_1/project_1.srcs/sim_1/new/src/scoreboard.svh:]
WARNING: [filemgmt 56-199] Attempt to get parsing info during refresh. "On-the-fly" syntax checking information may be incorrect. [/home/boib2/vivadoProjects/registerProj/project_1/project_1.srcs/sim_1/new/src/monitor.svh:]
WARNING: [filemgmt 56-199] Attempt to get parsing info during refresh. "On-the-fly" syntax checking information may be incorrect. [/home/boib2/vivadoProjects/registerProj/project_1/project_1.srcs/sim_1/new/tb_top.sv:]
WARNING: [filemgmt 56-199] Attempt to get parsing info during refresh. "On-the-fly" syntax checking information may be incorrect. [/home/boib2/vivadoProjects/registerProj/project_1/project_1.srcs/sim_1/new/src/driver.svh:]
WARNING: [filemgmt 56-199] Attempt to get parsing info during refresh. "On-the-fly" syntax checking information may be incorrect. [/home/boib2/vivadoProjects/registerProj/project_1/project_1.srcs/sim_1/new/src/transaction.svh:]
WARNING: [filemgmt 56-199] Attempt to get parsing info during refresh. "On-the-fly" syntax checking information may be incorrect. [/home/boib2/vivadoProjects/registerProj/project_1/project_1.srcs/sim_1/new/src/printer.svh:]
WARNING: [filemgmt 56-199] Attempt to get parsing info during refresh. "On-the-fly" syntax checking information may be incorrect. [/home/boib2/vivadoProjects/registerProj/project_1/project_1.srcs/sim_1/new/src/counter_test.svh:]
WARNING: [filemgmt 56-199] Attempt to get parsing info during refresh. "On-the-fly" syntax checking information may be incorrect. [/home/boib2/vivadoProjects/registerProj/project_1/project_1.srcs/sim_1/new/src/agent_with_interface.svh:]
WARNING: [filemgmt 56-199] Attempt to get parsing info during refresh. "On-the-fly" syntax checking information may be incorrect. [/home/boib2/vivadoProjects/registerProj/project_1/project_1.srcs/sim_1/new/src/quiet_test.svh:]
WARNING: [filemgmt 56-199] Attempt to get parsing info during refresh. "On-the-fly" syntax checking information may be incorrect. [/home/boib2/vivadoProjects/registerProj/project_1/project_1.srcs/sim_1/new/counter_pkg.sv:]
WARNING: [filemgmt 56-199] Attempt to get parsing info during refresh. "On-the-fly" syntax checking information may be incorrect. [/home/boib2/vivadoProjects/registerProj/project_1/project_1.srcs/sim_1/new/counter_pkg.sv:]
add_files ./sim_1/new/counter_if.sv
/home/boib2/vivadoProjects/registerProj/project_1/project_1.srcs/sim_1/new/counter_if.sv
WARNING: [filemgmt 56-199] Attempt to get parsing info during refresh. "On-the-fly" syntax checking information may be incorrect. [/home/boib2/vivadoProjects/registerProj/project_1/project_1.srcs/sim_1/new/src/counter_env.svh:]
WARNING: [filemgmt 56-199] Attempt to get parsing info during refresh. "On-the-fly" syntax checking information may be incorrect. [/home/boib2/vivadoProjects/registerProj/project_1/project_1.srcs/sim_1/new/counter_pkg.sv:]
WARNING: [filemgmt 56-199] Attempt to get parsing info during refresh. "On-the-fly" syntax checking information may be incorrect. [/home/boib2/vivadoProjects/registerProj/project_1/project_1.srcs/sim_1/new/counter_if.sv:]
WARNING: [filemgmt 56-199] Attempt to get parsing info during refresh. "On-the-fly" syntax checking information may be incorrect. [/home/boib2/vivadoProjects/registerProj/project_1/project_1.srcs/sources_1/new/programCounter.v:]
WARNING: [filemgmt 56-199] Attempt to get parsing info during refresh. "On-the-fly" syntax checking information may be incorrect. [/home/boib2/vivadoProjects/registerProj/project_1/project_1.srcs/sim_1/new/src/scoreboard.svh:]
WARNING: [filemgmt 56-199] Attempt to get parsing info during refresh. "On-the-fly" syntax checking information may be incorrect. [/home/boib2/vivadoProjects/registerProj/project_1/project_1.srcs/sim_1/new/src/monitor.svh:]
WARNING: [filemgmt 56-199] Attempt to get parsing info during refresh. "On-the-fly" syntax checking information may be incorrect. [/home/boib2/vivadoProjects/registerProj/project_1/project_1.srcs/sim_1/new/tb_top.sv:]
WARNING: [filemgmt 56-199] Attempt to get parsing info during refresh. "On-the-fly" syntax checking information may be incorrect. [/home/boib2/vivadoProjects/registerProj/project_1/project_1.srcs/sim_1/new/src/driver.svh:]
WARNING: [filemgmt 56-199] Attempt to get parsing info during refresh. "On-the-fly" syntax checking information may be incorrect. [/home/boib2/vivadoProjects/registerProj/project_1/project_1.srcs/sim_1/new/src/transaction.svh:]
WARNING: [filemgmt 56-199] Attempt to get parsing info during refresh. "On-the-fly" syntax checking information may be incorrect. [/home/boib2/vivadoProjects/registerProj/project_1/project_1.srcs/sim_1/new/src/printer.svh:]
WARNING: [filemgmt 56-199] Attempt to get parsing info during refresh. "On-the-fly" syntax checking information may be incorrect. [/home/boib2/vivadoProjects/registerProj/project_1/project_1.srcs/sim_1/new/src/counter_test.svh:]
WARNING: [filemgmt 56-199] Attempt to get parsing info during refresh. "On-the-fly" syntax checking information may be incorrect. [/home/boib2/vivadoProjects/registerProj/project_1/project_1.srcs/sim_1/new/src/agent_with_interface.svh:]
WARNING: [filemgmt 56-199] Attempt to get parsing info during refresh. "On-the-fly" syntax checking information may be incorrect. [/home/boib2/vivadoProjects/registerProj/project_1/project_1.srcs/sim_1/new/src/quiet_test.svh:]
WARNING: [filemgmt 56-199] Attempt to get parsing info during refresh. "On-the-fly" syntax checking information may be incorrect. [/home/boib2/vivadoProjects/registerProj/project_1/project_1.srcs/sources_1/new/programCounter.v:]
WARNING: [filemgmt 56-199] Attempt to get parsing info during refresh. "On-the-fly" syntax checking information may be incorrect. [/home/boib2/vivadoProjects/registerProj/project_1/project_1.srcs/sources_1/new/programCounter.v:]
WARNING: [filemgmt 56-199] Attempt to get parsing info during refresh. "On-the-fly" syntax checking information may be incorrect. [/home/boib2/vivadoProjects/registerProj/project_1/project_1.srcs/sim_1/new/src/counter_env.svh:]
WARNING: [filemgmt 56-199] Attempt to get parsing info during refresh. "On-the-fly" syntax checking information may be incorrect. [/home/boib2/vivadoProjects/registerProj/project_1/project_1.srcs/sim_1/new/counter_pkg.sv:]
WARNING: [filemgmt 56-199] Attempt to get parsing info during refresh. "On-the-fly" syntax checking information may be incorrect. [/home/boib2/vivadoProjects/registerProj/project_1/project_1.srcs/sim_1/new/counter_if.sv:]
WARNING: [filemgmt 56-199] Attempt to get parsing info during refresh. "On-the-fly" syntax checking information may be incorrect. [/home/boib2/vivadoProjects/registerProj/project_1/project_1.srcs/sources_1/new/programCounter.v:]
WARNING: [filemgmt 56-199] Attempt to get parsing info during refresh. "On-the-fly" syntax checking information may be incorrect. [/home/boib2/vivadoProjects/registerProj/project_1/project_1.srcs/sim_1/new/src/scoreboard.svh:]
WARNING: [filemgmt 56-199] Attempt to get parsing info during refresh. "On-the-fly" syntax checking information may be incorrect. [/home/boib2/vivadoProjects/registerProj/project_1/project_1.srcs/sim_1/new/src/monitor.svh:]
WARNING: [filemgmt 56-199] Attempt to get parsing info during refresh. "On-the-fly" syntax checking information may be incorrect. [/home/boib2/vivadoProjects/registerProj/project_1/project_1.srcs/sim_1/new/tb_top.sv:]
WARNING: [filemgmt 56-199] Attempt to get parsing info during refresh. "On-the-fly" syntax checking information may be incorrect. [/home/boib2/vivadoProjects/registerProj/project_1/project_1.srcs/sim_1/new/src/driver.svh:]
WARNING: [filemgmt 56-199] Attempt to get parsing info during refresh. "On-the-fly" syntax checking information may be incorrect. [/home/boib2/vivadoProjects/registerProj/project_1/project_1.srcs/sim_1/new/src/transaction.svh:]
WARNING: [filemgmt 56-199] Attempt to get parsing info during refresh. "On-the-fly" syntax checking information may be incorrect. [/home/boib2/vivadoProjects/registerProj/project_1/project_1.srcs/sim_1/new/src/printer.svh:]
WARNING: [filemgmt 56-199] Attempt to get parsing info during refresh. "On-the-fly" syntax checking information may be incorrect. [/home/boib2/vivadoProjects/registerProj/project_1/project_1.srcs/sim_1/new/src/counter_test.svh:]
WARNING: [filemgmt 56-199] Attempt to get parsing info during refresh. "On-the-fly" syntax checking information may be incorrect. [/home/boib2/vivadoProjects/registerProj/project_1/project_1.srcs/sim_1/new/src/agent_with_interface.svh:]
WARNING: [filemgmt 56-199] Attempt to get parsing info during refresh. "On-the-fly" syntax checking information may be incorrect. [/home/boib2/vivadoProjects/registerProj/project_1/project_1.srcs/sim_1/new/src/quiet_test.svh:]
WARNING: [filemgmt 56-199] Attempt to get parsing info during refresh. "On-the-fly" syntax checking information may be incorrect. [/home/boib2/vivadoProjects/registerProj/project_1/project_1.srcs/sim_1/new/tb_top.sv:]
WARNING: [filemgmt 56-199] Attempt to get parsing info during refresh. "On-the-fly" syntax checking information may be incorrect. [/home/boib2/vivadoProjects/registerProj/project_1/project_1.srcs/sim_1/new/tb_top.sv:]
WARNING: [filemgmt 56-199] Attempt to get parsing info during refresh. "On-the-fly" syntax checking information may be incorrect. [/home/boib2/vivadoProjects/registerProj/project_1/project_1.srcs/sim_1/new/src/counter_env.svh:]
WARNING: [filemgmt 56-199] Attempt to get parsing info during refresh. "On-the-fly" syntax checking information may be incorrect. [/home/boib2/vivadoProjects/registerProj/project_1/project_1.srcs/sim_1/new/counter_pkg.sv:]
WARNING: [filemgmt 56-199] Attempt to get parsing info during refresh. "On-the-fly" syntax checking information may be incorrect. [/home/boib2/vivadoProjects/registerProj/project_1/project_1.srcs/sim_1/new/counter_if.sv:]
WARNING: [filemgmt 56-199] Attempt to get parsing info during refresh. "On-the-fly" syntax checking information may be incorrect. [/home/boib2/vivadoProjects/registerProj/project_1/project_1.srcs/sources_1/new/programCounter.v:]
WARNING: [filemgmt 56-199] Attempt to get parsing info during refresh. "On-the-fly" syntax checking information may be incorrect. [/home/boib2/vivadoProjects/registerProj/project_1/project_1.srcs/sim_1/new/src/scoreboard.svh:]
WARNING: [filemgmt 56-199] Attempt to get parsing info during refresh. "On-the-fly" syntax checking information may be incorrect. [/home/boib2/vivadoProjects/registerProj/project_1/project_1.srcs/sim_1/new/src/monitor.svh:]
WARNING: [filemgmt 56-199] Attempt to get parsing info during refresh. "On-the-fly" syntax checking information may be incorrect. [/home/boib2/vivadoProjects/registerProj/project_1/project_1.srcs/sim_1/new/tb_top.sv:]
WARNING: [filemgmt 56-199] Attempt to get parsing info during refresh. "On-the-fly" syntax checking information may be incorrect. [/home/boib2/vivadoProjects/registerProj/project_1/project_1.srcs/sim_1/new/src/driver.svh:]
WARNING: [filemgmt 56-199] Attempt to get parsing info during refresh. "On-the-fly" syntax checking information may be incorrect. [/home/boib2/vivadoProjects/registerProj/project_1/project_1.srcs/sim_1/new/src/transaction.svh:]
WARNING: [filemgmt 56-199] Attempt to get parsing info during refresh. "On-the-fly" syntax checking information may be incorrect. [/home/boib2/vivadoProjects/registerProj/project_1/project_1.srcs/sim_1/new/src/printer.svh:]
WARNING: [filemgmt 56-199] Attempt to get parsing info during refresh. "On-the-fly" syntax checking information may be incorrect. [/home/boib2/vivadoProjects/registerProj/project_1/project_1.srcs/sim_1/new/src/counter_test.svh:]
WARNING: [filemgmt 56-199] Attempt to get parsing info during refresh. "On-the-fly" syntax checking information may be incorrect. [/home/boib2/vivadoProjects/registerProj/project_1/project_1.srcs/sim_1/new/src/agent_with_interface.svh:]
WARNING: [filemgmt 56-199] Attempt to get parsing info during refresh. "On-the-fly" syntax checking information may be incorrect. [/home/boib2/vivadoProjects/registerProj/project_1/project_1.srcs/sim_1/new/src/quiet_test.svh:]
WARNING: [filemgmt 56-199] Attempt to get parsing info during refresh. "On-the-fly" syntax checking information may be incorrect. [/home/boib2/vivadoProjects/registerProj/project_1/project_1.srcs/sim_1/new/src/driver.svh:]
WARNING: [filemgmt 56-199] Attempt to get parsing info during refresh. "On-the-fly" syntax checking information may be incorrect. [/home/boib2/vivadoProjects/registerProj/project_1/project_1.srcs/sim_1/new/src/driver.svh:]
WARNING: [filemgmt 56-199] Attempt to get parsing info during refresh. "On-the-fly" syntax checking information may be incorrect. [/home/boib2/vivadoProjects/registerProj/project_1/project_1.srcs/sim_1/new/src/counter_env.svh:]
WARNING: [filemgmt 56-199] Attempt to get parsing info during refresh. "On-the-fly" syntax checking information may be incorrect. [/home/boib2/vivadoProjects/registerProj/project_1/project_1.srcs/sim_1/new/counter_pkg.sv:]
WARNING: [filemgmt 56-199] Attempt to get parsing info during refresh. "On-the-fly" syntax checking information may be incorrect. [/home/boib2/vivadoProjects/registerProj/project_1/project_1.srcs/sim_1/new/counter_if.sv:]
WARNING: [filemgmt 56-199] Attempt to get parsing info during refresh. "On-the-fly" syntax checking information may be incorrect. [/home/boib2/vivadoProjects/registerProj/project_1/project_1.srcs/sources_1/new/programCounter.v:]
WARNING: [filemgmt 56-199] Attempt to get parsing info during refresh. "On-the-fly" syntax checking information may be incorrect. [/home/boib2/vivadoProjects/registerProj/project_1/project_1.srcs/sim_1/new/src/scoreboard.svh:]
WARNING: [filemgmt 56-199] Attempt to get parsing info during refresh. "On-the-fly" syntax checking information may be incorrect. [/home/boib2/vivadoProjects/registerProj/project_1/project_1.srcs/sim_1/new/src/monitor.svh:]
WARNING: [filemgmt 56-199] Attempt to get parsing info during refresh. "On-the-fly" syntax checking information may be incorrect. [/home/boib2/vivadoProjects/registerProj/project_1/project_1.srcs/sim_1/new/tb_top.sv:]
WARNING: [filemgmt 56-199] Attempt to get parsing info during refresh. "On-the-fly" syntax checking information may be incorrect. [/home/boib2/vivadoProjects/registerProj/project_1/project_1.srcs/sim_1/new/src/driver.svh:]
WARNING: [filemgmt 56-199] Attempt to get parsing info during refresh. "On-the-fly" syntax checking information may be incorrect. [/home/boib2/vivadoProjects/registerProj/project_1/project_1.srcs/sim_1/new/src/transaction.svh:]
WARNING: [filemgmt 56-199] Attempt to get parsing info during refresh. "On-the-fly" syntax checking information may be incorrect. [/home/boib2/vivadoProjects/registerProj/project_1/project_1.srcs/sim_1/new/src/printer.svh:]
WARNING: [filemgmt 56-199] Attempt to get parsing info during refresh. "On-the-fly" syntax checking information may be incorrect. [/home/boib2/vivadoProjects/registerProj/project_1/project_1.srcs/sim_1/new/src/counter_test.svh:]
WARNING: [filemgmt 56-199] Attempt to get parsing info during refresh. "On-the-fly" syntax checking information may be incorrect. [/home/boib2/vivadoProjects/registerProj/project_1/project_1.srcs/sim_1/new/src/agent_with_interface.svh:]
WARNING: [filemgmt 56-199] Attempt to get parsing info during refresh. "On-the-fly" syntax checking information may be incorrect. [/home/boib2/vivadoProjects/registerProj/project_1/project_1.srcs/sim_1/new/src/quiet_test.svh:]
WARNING: [filemgmt 56-199] Attempt to get parsing info during refresh. "On-the-fly" syntax checking information may be incorrect. [/home/boib2/vivadoProjects/registerProj/project_1/project_1.srcs/sim_1/new/src/scoreboard.svh:]
WARNING: [filemgmt 56-199] Attempt to get parsing info during refresh. "On-the-fly" syntax checking information may be incorrect. [/home/boib2/vivadoProjects/registerProj/project_1/project_1.srcs/sim_1/new/src/scoreboard.svh:]
WARNING: [filemgmt 56-199] Attempt to get parsing info during refresh. "On-the-fly" syntax checking information may be incorrect. [/home/boib2/vivadoProjects/registerProj/project_1/project_1.srcs/sim_1/new/src/counter_env.svh:]
WARNING: [filemgmt 56-199] Attempt to get parsing info during refresh. "On-the-fly" syntax checking information may be incorrect. [/home/boib2/vivadoProjects/registerProj/project_1/project_1.srcs/sim_1/new/counter_pkg.sv:]
WARNING: [filemgmt 56-199] Attempt to get parsing info during refresh. "On-the-fly" syntax checking information may be incorrect. [/home/boib2/vivadoProjects/registerProj/project_1/project_1.srcs/sim_1/new/counter_if.sv:]
WARNING: [filemgmt 56-199] Attempt to get parsing info during refresh. "On-the-fly" syntax checking information may be incorrect. [/home/boib2/vivadoProjects/registerProj/project_1/project_1.srcs/sources_1/new/programCounter.v:]
WARNING: [filemgmt 56-199] Attempt to get parsing info during refresh. "On-the-fly" syntax checking information may be incorrect. [/home/boib2/vivadoProjects/registerProj/project_1/project_1.srcs/sim_1/new/src/scoreboard.svh:]
WARNING: [filemgmt 56-199] Attempt to get parsing info during refresh. "On-the-fly" syntax checking information may be incorrect. [/home/boib2/vivadoProjects/registerProj/project_1/project_1.srcs/sim_1/new/src/monitor.svh:]
WARNING: [filemgmt 56-199] Attempt to get parsing info during refresh. "On-the-fly" syntax checking information may be incorrect. [/home/boib2/vivadoProjects/registerProj/project_1/project_1.srcs/sim_1/new/tb_top.sv:]
WARNING: [filemgmt 56-199] Attempt to get parsing info during refresh. "On-the-fly" syntax checking information may be incorrect. [/home/boib2/vivadoProjects/registerProj/project_1/project_1.srcs/sim_1/new/src/driver.svh:]
WARNING: [filemgmt 56-199] Attempt to get parsing info during refresh. "On-the-fly" syntax checking information may be incorrect. [/home/boib2/vivadoProjects/registerProj/project_1/project_1.srcs/sim_1/new/src/transaction.svh:]
WARNING: [filemgmt 56-199] Attempt to get parsing info during refresh. "On-the-fly" syntax checking information may be incorrect. [/home/boib2/vivadoProjects/registerProj/project_1/project_1.srcs/sim_1/new/src/printer.svh:]
WARNING: [filemgmt 56-199] Attempt to get parsing info during refresh. "On-the-fly" syntax checking information may be incorrect. [/home/boib2/vivadoProjects/registerProj/project_1/project_1.srcs/sim_1/new/src/counter_test.svh:]
WARNING: [filemgmt 56-199] Attempt to get parsing info during refresh. "On-the-fly" syntax checking information may be incorrect. [/home/boib2/vivadoProjects/registerProj/project_1/project_1.srcs/sim_1/new/src/agent_with_interface.svh:]
WARNING: [filemgmt 56-199] Attempt to get parsing info during refresh. "On-the-fly" syntax checking information may be incorrect. [/home/boib2/vivadoProjects/registerProj/project_1/project_1.srcs/sim_1/new/src/quiet_test.svh:]
WARNING: [filemgmt 56-199] Attempt to get parsing info during refresh. "On-the-fly" syntax checking information may be incorrect. [/home/boib2/vivadoProjects/registerProj/project_1/project_1.srcs/sim_1/new/src/quiet_test.svh:]
WARNING: [filemgmt 56-199] Attempt to get parsing info during refresh. "On-the-fly" syntax checking information may be incorrect. [/home/boib2/vivadoProjects/registerProj/project_1/project_1.srcs/sim_1/new/src/quiet_test.svh:]
WARNING: [filemgmt 56-199] Attempt to get parsing info during refresh. "On-the-fly" syntax checking information may be incorrect. [/home/boib2/vivadoProjects/registerProj/project_1/project_1.srcs/sim_1/new/src/counter_env.svh:]
WARNING: [filemgmt 56-199] Attempt to get parsing info during refresh. "On-the-fly" syntax checking information may be incorrect. [/home/boib2/vivadoProjects/registerProj/project_1/project_1.srcs/sim_1/new/counter_pkg.sv:]
WARNING: [filemgmt 56-199] Attempt to get parsing info during refresh. "On-the-fly" syntax checking information may be incorrect. [/home/boib2/vivadoProjects/registerProj/project_1/project_1.srcs/sim_1/new/counter_if.sv:]
WARNING: [filemgmt 56-199] Attempt to get parsing info during refresh. "On-the-fly" syntax checking information may be incorrect. [/home/boib2/vivadoProjects/registerProj/project_1/project_1.srcs/sources_1/new/programCounter.v:]
WARNING: [filemgmt 56-199] Attempt to get parsing info during refresh. "On-the-fly" syntax checking information may be incorrect. [/home/boib2/vivadoProjects/registerProj/project_1/project_1.srcs/sim_1/new/src/scoreboard.svh:]
WARNING: [filemgmt 56-199] Attempt to get parsing info during refresh. "On-the-fly" syntax checking information may be incorrect. [/home/boib2/vivadoProjects/registerProj/project_1/project_1.srcs/sim_1/new/src/monitor.svh:]
WARNING: [filemgmt 56-199] Attempt to get parsing info during refresh. "On-the-fly" syntax checking information may be incorrect. [/home/boib2/vivadoProjects/registerProj/project_1/project_1.srcs/sim_1/new/tb_top.sv:]
WARNING: [filemgmt 56-199] Attempt to get parsing info during refresh. "On-the-fly" syntax checking information may be incorrect. [/home/boib2/vivadoProjects/registerProj/project_1/project_1.srcs/sim_1/new/src/driver.svh:]
WARNING: [filemgmt 56-199] Attempt to get parsing info during refresh. "On-the-fly" syntax checking information may be incorrect. [/home/boib2/vivadoProjects/registerProj/project_1/project_1.srcs/sim_1/new/src/transaction.svh:]
WARNING: [filemgmt 56-199] Attempt to get parsing info during refresh. "On-the-fly" syntax checking information may be incorrect. [/home/boib2/vivadoProjects/registerProj/project_1/project_1.srcs/sim_1/new/src/printer.svh:]
WARNING: [filemgmt 56-199] Attempt to get parsing info during refresh. "On-the-fly" syntax checking information may be incorrect. [/home/boib2/vivadoProjects/registerProj/project_1/project_1.srcs/sim_1/new/src/counter_test.svh:]
WARNING: [filemgmt 56-199] Attempt to get parsing info during refresh. "On-the-fly" syntax checking information may be incorrect. [/home/boib2/vivadoProjects/registerProj/project_1/project_1.srcs/sim_1/new/src/agent_with_interface.svh:]
WARNING: [filemgmt 56-199] Attempt to get parsing info during refresh. "On-the-fly" syntax checking information may be incorrect. [/home/boib2/vivadoProjects/registerProj/project_1/project_1.srcs/sim_1/new/src/quiet_test.svh:]
WARNING: [filemgmt 56-199] Attempt to get parsing info during refresh. "On-the-fly" syntax checking information may be incorrect. [/home/boib2/vivadoProjects/registerProj/project_1/project_1.srcs/sim_1/new/src/counter_test.svh:]
WARNING: [filemgmt 56-199] Attempt to get parsing info during refresh. "On-the-fly" syntax checking information may be incorrect. [/home/boib2/vivadoProjects/registerProj/project_1/project_1.srcs/sim_1/new/src/counter_test.svh:]
WARNING: [filemgmt 56-199] Attempt to get parsing info during refresh. "On-the-fly" syntax checking information may be incorrect. [/home/boib2/vivadoProjects/registerProj/project_1/project_1.srcs/sim_1/new/src/counter_env.svh:]
WARNING: [filemgmt 56-199] Attempt to get parsing info during refresh. "On-the-fly" syntax checking information may be incorrect. [/home/boib2/vivadoProjects/registerProj/project_1/project_1.srcs/sim_1/new/counter_pkg.sv:]
WARNING: [filemgmt 56-199] Attempt to get parsing info during refresh. "On-the-fly" syntax checking information may be incorrect. [/home/boib2/vivadoProjects/registerProj/project_1/project_1.srcs/sim_1/new/counter_if.sv:]
WARNING: [filemgmt 56-199] Attempt to get parsing info during refresh. "On-the-fly" syntax checking information may be incorrect. [/home/boib2/vivadoProjects/registerProj/project_1/project_1.srcs/sources_1/new/programCounter.v:]
WARNING: [filemgmt 56-199] Attempt to get parsing info during refresh. "On-the-fly" syntax checking information may be incorrect. [/home/boib2/vivadoProjects/registerProj/project_1/project_1.srcs/sim_1/new/src/scoreboard.svh:]
WARNING: [filemgmt 56-199] Attempt to get parsing info during refresh. "On-the-fly" syntax checking information may be incorrect. [/home/boib2/vivadoProjects/registerProj/project_1/project_1.srcs/sim_1/new/src/monitor.svh:]
WARNING: [filemgmt 56-199] Attempt to get parsing info during refresh. "On-the-fly" syntax checking information may be incorrect. [/home/boib2/vivadoProjects/registerProj/project_1/project_1.srcs/sim_1/new/tb_top.sv:]
WARNING: [filemgmt 56-199] Attempt to get parsing info during refresh. "On-the-fly" syntax checking information may be incorrect. [/home/boib2/vivadoProjects/registerProj/project_1/project_1.srcs/sim_1/new/src/driver.svh:]
WARNING: [filemgmt 56-199] Attempt to get parsing info during refresh. "On-the-fly" syntax checking information may be incorrect. [/home/boib2/vivadoProjects/registerProj/project_1/project_1.srcs/sim_1/new/src/transaction.svh:]
WARNING: [filemgmt 56-199] Attempt to get parsing info during refresh. "On-the-fly" syntax checking information may be incorrect. [/home/boib2/vivadoProjects/registerProj/project_1/project_1.srcs/sim_1/new/src/printer.svh:]
WARNING: [filemgmt 56-199] Attempt to get parsing info during refresh. "On-the-fly" syntax checking information may be incorrect. [/home/boib2/vivadoProjects/registerProj/project_1/project_1.srcs/sim_1/new/src/counter_test.svh:]
WARNING: [filemgmt 56-199] Attempt to get parsing info during refresh. "On-the-fly" syntax checking information may be incorrect. [/home/boib2/vivadoProjects/registerProj/project_1/project_1.srcs/sim_1/new/src/agent_with_interface.svh:]
WARNING: [filemgmt 56-199] Attempt to get parsing info during refresh. "On-the-fly" syntax checking information may be incorrect. [/home/boib2/vivadoProjects/registerProj/project_1/project_1.srcs/sim_1/new/src/quiet_test.svh:]
WARNING: [filemgmt 56-199] Attempt to get parsing info during refresh. "On-the-fly" syntax checking information may be incorrect. [/home/boib2/vivadoProjects/registerProj/project_1/project_1.srcs/sim_1/new/src/counter_env.svh:]
WARNING: [filemgmt 56-199] Attempt to get parsing info during refresh. "On-the-fly" syntax checking information may be incorrect. [/home/boib2/vivadoProjects/registerProj/project_1/project_1.srcs/sim_1/new/src/counter_env.svh:]
update_compile_order -fileset sources_1
WARNING: [filemgmt 56-199] Attempt to get parsing info during refresh. "On-the-fly" syntax checking information may be incorrect. [/home/boib2/vivadoProjects/registerProj/project_1/project_1.srcs/sim_1/new/src/counter_env.svh:]
WARNING: [filemgmt 56-199] Attempt to get parsing info during refresh. "On-the-fly" syntax checking information may be incorrect. [/home/boib2/vivadoProjects/registerProj/project_1/project_1.srcs/sim_1/new/counter_pkg.sv:]
WARNING: [filemgmt 56-199] Attempt to get parsing info during refresh. "On-the-fly" syntax checking information may be incorrect. [/home/boib2/vivadoProjects/registerProj/project_1/project_1.srcs/sim_1/new/counter_if.sv:]
WARNING: [filemgmt 56-199] Attempt to get parsing info during refresh. "On-the-fly" syntax checking information may be incorrect. [/home/boib2/vivadoProjects/registerProj/project_1/project_1.srcs/sources_1/new/programCounter.v:]
WARNING: [filemgmt 56-199] Attempt to get parsing info during refresh. "On-the-fly" syntax checking information may be incorrect. [/home/boib2/vivadoProjects/registerProj/project_1/project_1.srcs/sim_1/new/src/scoreboard.svh:]
WARNING: [filemgmt 56-199] Attempt to get parsing info during refresh. "On-the-fly" syntax checking information may be incorrect. [/home/boib2/vivadoProjects/registerProj/project_1/project_1.srcs/sim_1/new/src/monitor.svh:]
WARNING: [filemgmt 56-199] Attempt to get parsing info during refresh. "On-the-fly" syntax checking information may be incorrect. [/home/boib2/vivadoProjects/registerProj/project_1/project_1.srcs/sim_1/new/tb_top.sv:]
WARNING: [filemgmt 56-199] Attempt to get parsing info during refresh. "On-the-fly" syntax checking information may be incorrect. [/home/boib2/vivadoProjects/registerProj/project_1/project_1.srcs/sim_1/new/src/driver.svh:]
WARNING: [filemgmt 56-199] Attempt to get parsing info during refresh. "On-the-fly" syntax checking information may be incorrect. [/home/boib2/vivadoProjects/registerProj/project_1/project_1.srcs/sim_1/new/src/transaction.svh:]
WARNING: [filemgmt 56-199] Attempt to get parsing info during refresh. "On-the-fly" syntax checking information may be incorrect. [/home/boib2/vivadoProjects/registerProj/project_1/project_1.srcs/sim_1/new/src/printer.svh:]
WARNING: [filemgmt 56-199] Attempt to get parsing info during refresh. "On-the-fly" syntax checking information may be incorrect. [/home/boib2/vivadoProjects/registerProj/project_1/project_1.srcs/sim_1/new/src/counter_test.svh:]
WARNING: [filemgmt 56-199] Attempt to get parsing info during refresh. "On-the-fly" syntax checking information may be incorrect. [/home/boib2/vivadoProjects/registerProj/project_1/project_1.srcs/sim_1/new/src/agent_with_interface.svh:]
WARNING: [filemgmt 56-199] Attempt to get parsing info during refresh. "On-the-fly" syntax checking information may be incorrect. [/home/boib2/vivadoProjects/registerProj/project_1/project_1.srcs/sim_1/new/src/quiet_test.svh:]
WARNING: [filemgmt 56-199] Attempt to get parsing info during refresh. "On-the-fly" syntax checking information may be incorrect. [/home/boib2/vivadoProjects/registerProj/project_1/project_1.srcs/sources_1/new/programCounter.v:]
WARNING: [filemgmt 56-199] Attempt to get parsing info during refresh. "On-the-fly" syntax checking information may be incorrect. [/home/boib2/vivadoProjects/registerProj/project_1/project_1.srcs/sources_1/new/programCounter.v:]
WARNING: [filemgmt 56-199] Attempt to get parsing info during refresh. "On-the-fly" syntax checking information may be incorrect. [/home/boib2/vivadoProjects/registerProj/project_1/project_1.srcs/sim_1/new/src/counter_env.svh:]
WARNING: [filemgmt 56-199] Attempt to get parsing info during refresh. "On-the-fly" syntax checking information may be incorrect. [/home/boib2/vivadoProjects/registerProj/project_1/project_1.srcs/sim_1/new/counter_pkg.sv:]
WARNING: [filemgmt 56-199] Attempt to get parsing info during refresh. "On-the-fly" syntax checking information may be incorrect. [/home/boib2/vivadoProjects/registerProj/project_1/project_1.srcs/sim_1/new/counter_if.sv:]
WARNING: [filemgmt 56-199] Attempt to get parsing info during refresh. "On-the-fly" syntax checking information may be incorrect. [/home/boib2/vivadoProjects/registerProj/project_1/project_1.srcs/sources_1/new/programCounter.v:]
WARNING: [filemgmt 56-199] Attempt to get parsing info during refresh. "On-the-fly" syntax checking information may be incorrect. [/home/boib2/vivadoProjects/registerProj/project_1/project_1.srcs/sim_1/new/src/scoreboard.svh:]
WARNING: [filemgmt 56-199] Attempt to get parsing info during refresh. "On-the-fly" syntax checking information may be incorrect. [/home/boib2/vivadoProjects/registerProj/project_1/project_1.srcs/sim_1/new/src/monitor.svh:]
WARNING: [filemgmt 56-199] Attempt to get parsing info during refresh. "On-the-fly" syntax checking information may be incorrect. [/home/boib2/vivadoProjects/registerProj/project_1/project_1.srcs/sim_1/new/tb_top.sv:]
WARNING: [filemgmt 56-199] Attempt to get parsing info during refresh. "On-the-fly" syntax checking information may be incorrect. [/home/boib2/vivadoProjects/registerProj/project_1/project_1.srcs/sim_1/new/src/driver.svh:]
WARNING: [filemgmt 56-199] Attempt to get parsing info during refresh. "On-the-fly" syntax checking information may be incorrect. [/home/boib2/vivadoProjects/registerProj/project_1/project_1.srcs/sim_1/new/src/transaction.svh:]
WARNING: [filemgmt 56-199] Attempt to get parsing info during refresh. "On-the-fly" syntax checking information may be incorrect. [/home/boib2/vivadoProjects/registerProj/project_1/project_1.srcs/sim_1/new/src/printer.svh:]
WARNING: [filemgmt 56-199] Attempt to get parsing info during refresh. "On-the-fly" syntax checking information may be incorrect. [/home/boib2/vivadoProjects/registerProj/project_1/project_1.srcs/sim_1/new/src/counter_test.svh:]
WARNING: [filemgmt 56-199] Attempt to get parsing info during refresh. "On-the-fly" syntax checking information may be incorrect. [/home/boib2/vivadoProjects/registerProj/project_1/project_1.srcs/sim_1/new/src/agent_with_interface.svh:]
WARNING: [filemgmt 56-199] Attempt to get parsing info during refresh. "On-the-fly" syntax checking information may be incorrect. [/home/boib2/vivadoProjects/registerProj/project_1/project_1.srcs/sim_1/new/src/quiet_test.svh:]
WARNING: [filemgmt 56-199] Attempt to get parsing info during refresh. "On-the-fly" syntax checking information may be incorrect. [/home/boib2/vivadoProjects/registerProj/project_1/project_1.srcs/sim_1/new/counter_if.sv:]
WARNING: [filemgmt 56-199] Attempt to get parsing info during refresh. "On-the-fly" syntax checking information may be incorrect. [/home/boib2/vivadoProjects/registerProj/project_1/project_1.srcs/sim_1/new/counter_if.sv:]
WARNING: [filemgmt 56-199] Attempt to get parsing info during refresh. "On-the-fly" syntax checking information may be incorrect. [/home/boib2/vivadoProjects/registerProj/project_1/project_1.srcs/sim_1/new/src/counter_env.svh:]
WARNING: [filemgmt 56-199] Attempt to get parsing info during refresh. "On-the-fly" syntax checking information may be incorrect. [/home/boib2/vivadoProjects/registerProj/project_1/project_1.srcs/sim_1/new/counter_pkg.sv:]
WARNING: [filemgmt 56-199] Attempt to get parsing info during refresh. "On-the-fly" syntax checking information may be incorrect. [/home/boib2/vivadoProjects/registerProj/project_1/project_1.srcs/sim_1/new/counter_if.sv:]
WARNING: [filemgmt 56-199] Attempt to get parsing info during refresh. "On-the-fly" syntax checking information may be incorrect. [/home/boib2/vivadoProjects/registerProj/project_1/project_1.srcs/sources_1/new/programCounter.v:]
WARNING: [filemgmt 56-199] Attempt to get parsing info during refresh. "On-the-fly" syntax checking information may be incorrect. [/home/boib2/vivadoProjects/registerProj/project_1/project_1.srcs/sim_1/new/src/scoreboard.svh:]
WARNING: [filemgmt 56-199] Attempt to get parsing info during refresh. "On-the-fly" syntax checking information may be incorrect. [/home/boib2/vivadoProjects/registerProj/project_1/project_1.srcs/sim_1/new/src/monitor.svh:]
WARNING: [filemgmt 56-199] Attempt to get parsing info during refresh. "On-the-fly" syntax checking information may be incorrect. [/home/boib2/vivadoProjects/registerProj/project_1/project_1.srcs/sim_1/new/tb_top.sv:]
WARNING: [filemgmt 56-199] Attempt to get parsing info during refresh. "On-the-fly" syntax checking information may be incorrect. [/home/boib2/vivadoProjects/registerProj/project_1/project_1.srcs/sim_1/new/src/driver.svh:]
WARNING: [filemgmt 56-199] Attempt to get parsing info during refresh. "On-the-fly" syntax checking information may be incorrect. [/home/boib2/vivadoProjects/registerProj/project_1/project_1.srcs/sim_1/new/src/transaction.svh:]
WARNING: [filemgmt 56-199] Attempt to get parsing info during refresh. "On-the-fly" syntax checking information may be incorrect. [/home/boib2/vivadoProjects/registerProj/project_1/project_1.srcs/sim_1/new/src/printer.svh:]
WARNING: [filemgmt 56-199] Attempt to get parsing info during refresh. "On-the-fly" syntax checking information may be incorrect. [/home/boib2/vivadoProjects/registerProj/project_1/project_1.srcs/sim_1/new/src/counter_test.svh:]
WARNING: [filemgmt 56-199] Attempt to get parsing info during refresh. "On-the-fly" syntax checking information may be incorrect. [/home/boib2/vivadoProjects/registerProj/project_1/project_1.srcs/sim_1/new/src/agent_with_interface.svh:]
WARNING: [filemgmt 56-199] Attempt to get parsing info during refresh. "On-the-fly" syntax checking information may be incorrect. [/home/boib2/vivadoProjects/registerProj/project_1/project_1.srcs/sim_1/new/src/quiet_test.svh:]
WARNING: [filemgmt 56-199] Attempt to get parsing info during refresh. "On-the-fly" syntax checking information may be incorrect. [/home/boib2/vivadoProjects/registerProj/project_1/project_1.srcs/sim_1/new/tb_top.sv:]
WARNING: [filemgmt 56-199] Attempt to get parsing info during refresh. "On-the-fly" syntax checking information may be incorrect. [/home/boib2/vivadoProjects/registerProj/project_1/project_1.srcs/sim_1/new/tb_top.sv:]
WARNING: [filemgmt 56-199] Attempt to get parsing info during refresh. "On-the-fly" syntax checking information may be incorrect. [/home/boib2/vivadoProjects/registerProj/project_1/project_1.srcs/sim_1/new/src/counter_env.svh:]
WARNING: [filemgmt 56-199] Attempt to get parsing info during refresh. "On-the-fly" syntax checking information may be incorrect. [/home/boib2/vivadoProjects/registerProj/project_1/project_1.srcs/sim_1/new/counter_pkg.sv:]
WARNING: [filemgmt 56-199] Attempt to get parsing info during refresh. "On-the-fly" syntax checking information may be incorrect. [/home/boib2/vivadoProjects/registerProj/project_1/project_1.srcs/sim_1/new/counter_if.sv:]
WARNING: [filemgmt 56-199] Attempt to get parsing info during refresh. "On-the-fly" syntax checking information may be incorrect. [/home/boib2/vivadoProjects/registerProj/project_1/project_1.srcs/sources_1/new/programCounter.v:]
WARNING: [filemgmt 56-199] Attempt to get parsing info during refresh. "On-the-fly" syntax checking information may be incorrect. [/home/boib2/vivadoProjects/registerProj/project_1/project_1.srcs/sim_1/new/src/scoreboard.svh:]
WARNING: [filemgmt 56-199] Attempt to get parsing info during refresh. "On-the-fly" syntax checking information may be incorrect. [/home/boib2/vivadoProjects/registerProj/project_1/project_1.srcs/sim_1/new/src/monitor.svh:]
WARNING: [filemgmt 56-199] Attempt to get parsing info during refresh. "On-the-fly" syntax checking information may be incorrect. [/home/boib2/vivadoProjects/registerProj/project_1/project_1.srcs/sim_1/new/tb_top.sv:]
WARNING: [filemgmt 56-199] Attempt to get parsing info during refresh. "On-the-fly" syntax checking information may be incorrect. [/home/boib2/vivadoProjects/registerProj/project_1/project_1.srcs/sim_1/new/src/driver.svh:]
WARNING: [filemgmt 56-199] Attempt to get parsing info during refresh. "On-the-fly" syntax checking information may be incorrect. [/home/boib2/vivadoProjects/registerProj/project_1/project_1.srcs/sim_1/new/src/transaction.svh:]
WARNING: [filemgmt 56-199] Attempt to get parsing info during refresh. "On-the-fly" syntax checking information may be incorrect. [/home/boib2/vivadoProjects/registerProj/project_1/project_1.srcs/sim_1/new/src/printer.svh:]
WARNING: [filemgmt 56-199] Attempt to get parsing info during refresh. "On-the-fly" syntax checking information may be incorrect. [/home/boib2/vivadoProjects/registerProj/project_1/project_1.srcs/sim_1/new/src/counter_test.svh:]
WARNING: [filemgmt 56-199] Attempt to get parsing info during refresh. "On-the-fly" syntax checking information may be incorrect. [/home/boib2/vivadoProjects/registerProj/project_1/project_1.srcs/sim_1/new/src/agent_with_interface.svh:]
WARNING: [filemgmt 56-199] Attempt to get parsing info during refresh. "On-the-fly" syntax checking information may be incorrect. [/home/boib2/vivadoProjects/registerProj/project_1/project_1.srcs/sim_1/new/src/quiet_test.svh:]
WARNING: [filemgmt 56-199] Attempt to get parsing info during refresh. "On-the-fly" syntax checking information may be incorrect. [/home/boib2/vivadoProjects/registerProj/project_1/project_1.srcs/sim_1/new/src/scoreboard.svh:]
WARNING: [filemgmt 56-199] Attempt to get parsing info during refresh. "On-the-fly" syntax checking information may be incorrect. [/home/boib2/vivadoProjects/registerProj/project_1/project_1.srcs/sim_1/new/src/scoreboard.svh:]
WARNING: [filemgmt 56-199] Attempt to get parsing info during refresh. "On-the-fly" syntax checking information may be incorrect. [/home/boib2/vivadoProjects/registerProj/project_1/project_1.srcs/sim_1/new/src/counter_env.svh:]
WARNING: [filemgmt 56-199] Attempt to get parsing info during refresh. "On-the-fly" syntax checking information may be incorrect. [/home/boib2/vivadoProjects/registerProj/project_1/project_1.srcs/sim_1/new/counter_pkg.sv:]
WARNING: [filemgmt 56-199] Attempt to get parsing info during refresh. "On-the-fly" syntax checking information may be incorrect. [/home/boib2/vivadoProjects/registerProj/project_1/project_1.srcs/sim_1/new/counter_if.sv:]
WARNING: [filemgmt 56-199] Attempt to get parsing info during refresh. "On-the-fly" syntax checking information may be incorrect. [/home/boib2/vivadoProjects/registerProj/project_1/project_1.srcs/sources_1/new/programCounter.v:]
WARNING: [filemgmt 56-199] Attempt to get parsing info during refresh. "On-the-fly" syntax checking information may be incorrect. [/home/boib2/vivadoProjects/registerProj/project_1/project_1.srcs/sim_1/new/src/scoreboard.svh:]
WARNING: [filemgmt 56-199] Attempt to get parsing info during refresh. "On-the-fly" syntax checking information may be incorrect. [/home/boib2/vivadoProjects/registerProj/project_1/project_1.srcs/sim_1/new/src/monitor.svh:]
WARNING: [filemgmt 56-199] Attempt to get parsing info during refresh. "On-the-fly" syntax checking information may be incorrect. [/home/boib2/vivadoProjects/registerProj/project_1/project_1.srcs/sim_1/new/tb_top.sv:]
WARNING: [filemgmt 56-199] Attempt to get parsing info during refresh. "On-the-fly" syntax checking information may be incorrect. [/home/boib2/vivadoProjects/registerProj/project_1/project_1.srcs/sim_1/new/src/driver.svh:]
WARNING: [filemgmt 56-199] Attempt to get parsing info during refresh. "On-the-fly" syntax checking information may be incorrect. [/home/boib2/vivadoProjects/registerProj/project_1/project_1.srcs/sim_1/new/src/transaction.svh:]
WARNING: [filemgmt 56-199] Attempt to get parsing info during refresh. "On-the-fly" syntax checking information may be incorrect. [/home/boib2/vivadoProjects/registerProj/project_1/project_1.srcs/sim_1/new/src/printer.svh:]
WARNING: [filemgmt 56-199] Attempt to get parsing info during refresh. "On-the-fly" syntax checking information may be incorrect. [/home/boib2/vivadoProjects/registerProj/project_1/project_1.srcs/sim_1/new/src/counter_test.svh:]
WARNING: [filemgmt 56-199] Attempt to get parsing info during refresh. "On-the-fly" syntax checking information may be incorrect. [/home/boib2/vivadoProjects/registerProj/project_1/project_1.srcs/sim_1/new/src/agent_with_interface.svh:]
WARNING: [filemgmt 56-199] Attempt to get parsing info during refresh. "On-the-fly" syntax checking information may be incorrect. [/home/boib2/vivadoProjects/registerProj/project_1/project_1.srcs/sim_1/new/src/quiet_test.svh:]
WARNING: [filemgmt 56-199] Attempt to get parsing info during refresh. "On-the-fly" syntax checking information may be incorrect. [/home/boib2/vivadoProjects/registerProj/project_1/project_1.srcs/sim_1/new/src/printer.svh:]
WARNING: [filemgmt 56-199] Attempt to get parsing info during refresh. "On-the-fly" syntax checking information may be incorrect. [/home/boib2/vivadoProjects/registerProj/project_1/project_1.srcs/sim_1/new/src/printer.svh:]
WARNING: [filemgmt 56-199] Attempt to get parsing info during refresh. "On-the-fly" syntax checking information may be incorrect. [/home/boib2/vivadoProjects/registerProj/project_1/project_1.srcs/sim_1/new/src/counter_env.svh:]
WARNING: [filemgmt 56-199] Attempt to get parsing info during refresh. "On-the-fly" syntax checking information may be incorrect. [/home/boib2/vivadoProjects/registerProj/project_1/project_1.srcs/sim_1/new/counter_pkg.sv:]
WARNING: [filemgmt 56-199] Attempt to get parsing info during refresh. "On-the-fly" syntax checking information may be incorrect. [/home/boib2/vivadoProjects/registerProj/project_1/project_1.srcs/sim_1/new/counter_if.sv:]
WARNING: [filemgmt 56-199] Attempt to get parsing info during refresh. "On-the-fly" syntax checking information may be incorrect. [/home/boib2/vivadoProjects/registerProj/project_1/project_1.srcs/sources_1/new/programCounter.v:]
WARNING: [filemgmt 56-199] Attempt to get parsing info during refresh. "On-the-fly" syntax checking information may be incorrect. [/home/boib2/vivadoProjects/registerProj/project_1/project_1.srcs/sim_1/new/src/scoreboard.svh:]
WARNING: [filemgmt 56-199] Attempt to get parsing info during refresh. "On-the-fly" syntax checking information may be incorrect. [/home/boib2/vivadoProjects/registerProj/project_1/project_1.srcs/sim_1/new/src/monitor.svh:]
WARNING: [filemgmt 56-199] Attempt to get parsing info during refresh. "On-the-fly" syntax checking information may be incorrect. [/home/boib2/vivadoProjects/registerProj/project_1/project_1.srcs/sim_1/new/tb_top.sv:]
WARNING: [filemgmt 56-199] Attempt to get parsing info during refresh. "On-the-fly" syntax checking information may be incorrect. [/home/boib2/vivadoProjects/registerProj/project_1/project_1.srcs/sim_1/new/src/driver.svh:]
WARNING: [filemgmt 56-199] Attempt to get parsing info during refresh. "On-the-fly" syntax checking information may be incorrect. [/home/boib2/vivadoProjects/registerProj/project_1/project_1.srcs/sim_1/new/src/transaction.svh:]
WARNING: [filemgmt 56-199] Attempt to get parsing info during refresh. "On-the-fly" syntax checking information may be incorrect. [/home/boib2/vivadoProjects/registerProj/project_1/project_1.srcs/sim_1/new/src/printer.svh:]
INFO: [Common 17-14] Message 'filemgmt 56-199' appears 100 times and further instances of the messages will be disabled. Use the Tcl command set_msg_config to change the current settings.
WARNING: [filemgmt 56-199] Attempt to get parsing info during refresh. "On-the-fly" syntax checking information may be incorrect. [/home/boib2/vivadoProjects/registerProj/project_1/project_1.srcs/sim_1/new/src/counter_env.svh:]
WARNING: [filemgmt 56-199] Attempt to get parsing info during refresh. "On-the-fly" syntax checking information may be incorrect. [/home/boib2/vivadoProjects/registerProj/project_1/project_1.srcs/sim_1/new/counter_pkg.sv:]
WARNING: [filemgmt 56-199] Attempt to get parsing info during refresh. "On-the-fly" syntax checking information may be incorrect. [/home/boib2/vivadoProjects/registerProj/project_1/project_1.srcs/sim_1/new/counter_if.sv:]
WARNING: [filemgmt 56-199] Attempt to get parsing info during refresh. "On-the-fly" syntax checking information may be incorrect. [/home/boib2/vivadoProjects/registerProj/project_1/project_1.srcs/sources_1/new/programCounter.v:]
WARNING: [filemgmt 56-199] Attempt to get parsing info during refresh. "On-the-fly" syntax checking information may be incorrect. [/home/boib2/vivadoProjects/registerProj/project_1/project_1.srcs/sim_1/new/src/scoreboard.svh:]
WARNING: [filemgmt 56-199] Attempt to get parsing info during refresh. "On-the-fly" syntax checking information may be incorrect. [/home/boib2/vivadoProjects/registerProj/project_1/project_1.srcs/sim_1/new/src/monitor.svh:]
WARNING: [filemgmt 56-199] Attempt to get parsing info during refresh. "On-the-fly" syntax checking information may be incorrect. [/home/boib2/vivadoProjects/registerProj/project_1/project_1.srcs/sim_1/new/tb_top.sv:]
WARNING: [filemgmt 56-199] Attempt to get parsing info during refresh. "On-the-fly" syntax checking information may be incorrect. [/home/boib2/vivadoProjects/registerProj/project_1/project_1.srcs/sim_1/new/src/driver.svh:]
WARNING: [filemgmt 56-199] Attempt to get parsing info during refresh. "On-the-fly" syntax checking information may be incorrect. [/home/boib2/vivadoProjects/registerProj/project_1/project_1.srcs/sim_1/new/src/transaction.svh:]
WARNING: [filemgmt 56-199] Attempt to get parsing info during refresh. "On-the-fly" syntax checking information may be incorrect. [/home/boib2/vivadoProjects/registerProj/project_1/project_1.srcs/sim_1/new/src/printer.svh:]
WARNING: [filemgmt 56-199] Attempt to get parsing info during refresh. "On-the-fly" syntax checking information may be incorrect. [/home/boib2/vivadoProjects/registerProj/project_1/project_1.srcs/sim_1/new/src/counter_test.svh:]
WARNING: [filemgmt 56-199] Attempt to get parsing info during refresh. "On-the-fly" syntax checking information may be incorrect. [/home/boib2/vivadoProjects/registerProj/project_1/project_1.srcs/sim_1/new/src/agent_with_interface.svh:]
WARNING: [filemgmt 56-199] Attempt to get parsing info during refresh. "On-the-fly" syntax checking information may be incorrect. [/home/boib2/vivadoProjects/registerProj/project_1/project_1.srcs/sim_1/new/src/quiet_test.svh:]
WARNING: [filemgmt 56-199] Attempt to get parsing info during refresh. "On-the-fly" syntax checking information may be incorrect. [/home/boib2/vivadoProjects/registerProj/project_1/project_1.srcs/sim_1/new/src/agent_with_interface.svh:]
WARNING: [filemgmt 56-199] Attempt to get parsing info during refresh. "On-the-fly" syntax checking information may be incorrect. [/home/boib2/vivadoProjects/registerProj/project_1/project_1.srcs/sim_1/new/src/agent_with_interface.svh:]
WARNING: [filemgmt 56-199] Attempt to get parsing info during refresh. "On-the-fly" syntax checking information may be incorrect. [/home/boib2/vivadoProjects/registerProj/project_1/project_1.srcs/sim_1/new/src/counter_env.svh:]
WARNING: [filemgmt 56-199] Attempt to get parsing info during refresh. "On-the-fly" syntax checking information may be incorrect. [/home/boib2/vivadoProjects/registerProj/project_1/project_1.srcs/sim_1/new/counter_pkg.sv:]
WARNING: [filemgmt 56-199] Attempt to get parsing info during refresh. "On-the-fly" syntax checking information may be incorrect. [/home/boib2/vivadoProjects/registerProj/project_1/project_1.srcs/sim_1/new/counter_if.sv:]
WARNING: [filemgmt 56-199] Attempt to get parsing info during refresh. "On-the-fly" syntax checking information may be incorrect. [/home/boib2/vivadoProjects/registerProj/project_1/project_1.srcs/sources_1/new/programCounter.v:]
WARNING: [filemgmt 56-199] Attempt to get parsing info during refresh. "On-the-fly" syntax checking information may be incorrect. [/home/boib2/vivadoProjects/registerProj/project_1/project_1.srcs/sim_1/new/src/scoreboard.svh:]
WARNING: [filemgmt 56-199] Attempt to get parsing info during refresh. "On-the-fly" syntax checking information may be incorrect. [/home/boib2/vivadoProjects/registerProj/project_1/project_1.srcs/sim_1/new/src/monitor.svh:]
WARNING: [filemgmt 56-199] Attempt to get parsing info during refresh. "On-the-fly" syntax checking information may be incorrect. [/home/boib2/vivadoProjects/registerProj/project_1/project_1.srcs/sim_1/new/tb_top.sv:]
WARNING: [filemgmt 56-199] Attempt to get parsing info during refresh. "On-the-fly" syntax checking information may be incorrect. [/home/boib2/vivadoProjects/registerProj/project_1/project_1.srcs/sim_1/new/src/driver.svh:]
WARNING: [filemgmt 56-199] Attempt to get parsing info during refresh. "On-the-fly" syntax checking information may be incorrect. [/home/boib2/vivadoProjects/registerProj/project_1/project_1.srcs/sim_1/new/src/transaction.svh:]
WARNING: [filemgmt 56-199] Attempt to get parsing info during refresh. "On-the-fly" syntax checking information may be incorrect. [/home/boib2/vivadoProjects/registerProj/project_1/project_1.srcs/sim_1/new/src/printer.svh:]
WARNING: [filemgmt 56-199] Attempt to get parsing info during refresh. "On-the-fly" syntax checking information may be incorrect. [/home/boib2/vivadoProjects/registerProj/project_1/project_1.srcs/sim_1/new/src/counter_test.svh:]
WARNING: [filemgmt 56-199] Attempt to get parsing info during refresh. "On-the-fly" syntax checking information may be incorrect. [/home/boib2/vivadoProjects/registerProj/project_1/project_1.srcs/sim_1/new/src/agent_with_interface.svh:]
WARNING: [filemgmt 56-199] Attempt to get parsing info during refresh. "On-the-fly" syntax checking information may be incorrect. [/home/boib2/vivadoProjects/registerProj/project_1/project_1.srcs/sim_1/new/src/quiet_test.svh:]
WARNING: [filemgmt 56-199] Attempt to get parsing info during refresh. "On-the-fly" syntax checking information may be incorrect. [/home/boib2/vivadoProjects/registerProj/project_1/project_1.srcs/sim_1/new/src/quiet_test.svh:]
WARNING: [filemgmt 56-199] Attempt to get parsing info during refresh. "On-the-fly" syntax checking information may be incorrect. [/home/boib2/vivadoProjects/registerProj/project_1/project_1.srcs/sim_1/new/src/quiet_test.svh:]
add_files ./sim_1/new/counter_if.sv
WARNING: [filemgmt 56-12] File '/home/boib2/vivadoProjects/registerProj/project_1/project_1.srcs/sim_1/new/counter_if.sv' cannot be added to the project because it already exists in the project, skipping this file
add_files -norecurse /home/boib2/vivadoProjects/registerProj/project_1/project_1.srcs/sim_1/new/counter_if.sv
WARNING: [filemgmt 56-12] File '/home/boib2/vivadoProjects/registerProj/project_1/project_1.srcs/sim_1/new/counter_if.sv' cannot be added to the project because it already exists in the project, skipping this file
add_files -norecurse /home/boib2/vivadoProjects/registerProj/project_1/project_1.srcs/sim_1/new/counter_if.sv
WARNING: [filemgmt 56-12] File '/home/boib2/vivadoProjects/registerProj/project_1/project_1.srcs/sim_1/new/counter_if.sv' cannot be added to the project because it already exists in the project, skipping this file
set_property source_mgmt_mode All [current_project]
set_property -name {xsim.compile.xsc.more_options} -value {} -objects [get_filesets sim_1]
set_property -name {xsim.compile.xvlog.more_options} -value {-L uvm} -objects [get_filesets sim_1]
set_property SOURCE_SET sources_1 [get_filesets sim_1]
add_files -fileset sim_1 -norecurse /home/boib2/vivadoProjects/registerProj/project_1/project_1.srcs/sim_1/new/counter_if.sv
WARNING: [filemgmt 56-12] File '/home/boib2/vivadoProjects/registerProj/project_1/project_1.srcs/sim_1/new/counter_if.sv' cannot be added to the project because it already exists in the project, skipping this file
WARNING: [filemgmt 56-199] Attempt to get parsing info during refresh. "On-the-fly" syntax checking information may be incorrect. [/home/boib2/vivadoProjects/registerProj/project_1/project_1.srcs/sim_1/new/src/counter_env.svh:]
WARNING: [filemgmt 56-199] Attempt to get parsing info during refresh. "On-the-fly" syntax checking information may be incorrect. [/home/boib2/vivadoProjects/registerProj/project_1/project_1.srcs/sim_1/new/counter_pkg.sv:]
WARNING: [filemgmt 56-199] Attempt to get parsing info during refresh. "On-the-fly" syntax checking information may be incorrect. [/home/boib2/vivadoProjects/registerProj/project_1/project_1.srcs/sim_1/new/counter_if.sv:]
WARNING: [filemgmt 56-199] Attempt to get parsing info during refresh. "On-the-fly" syntax checking information may be incorrect. [/home/boib2/vivadoProjects/registerProj/project_1/project_1.srcs/sources_1/new/programCounter.v:]
WARNING: [filemgmt 56-199] Attempt to get parsing info during refresh. "On-the-fly" syntax checking information may be incorrect. [/home/boib2/vivadoProjects/registerProj/project_1/project_1.srcs/sim_1/new/src/scoreboard.svh:]
WARNING: [filemgmt 56-199] Attempt to get parsing info during refresh. "On-the-fly" syntax checking information may be incorrect. [/home/boib2/vivadoProjects/registerProj/project_1/project_1.srcs/sim_1/new/src/monitor.svh:]
WARNING: [filemgmt 56-199] Attempt to get parsing info during refresh. "On-the-fly" syntax checking information may be incorrect. [/home/boib2/vivadoProjects/registerProj/project_1/project_1.srcs/sim_1/new/tb_top.sv:]
WARNING: [filemgmt 56-199] Attempt to get parsing info during refresh. "On-the-fly" syntax checking information may be incorrect. [/home/boib2/vivadoProjects/registerProj/project_1/project_1.srcs/sim_1/new/src/driver.svh:]
WARNING: [filemgmt 56-199] Attempt to get parsing info during refresh. "On-the-fly" syntax checking information may be incorrect. [/home/boib2/vivadoProjects/registerProj/project_1/project_1.srcs/sim_1/new/src/transaction.svh:]
WARNING: [filemgmt 56-199] Attempt to get parsing info during refresh. "On-the-fly" syntax checking information may be incorrect. [/home/boib2/vivadoProjects/registerProj/project_1/project_1.srcs/sim_1/new/src/printer.svh:]
WARNING: [filemgmt 56-199] Attempt to get parsing info during refresh. "On-the-fly" syntax checking information may be incorrect. [/home/boib2/vivadoProjects/registerProj/project_1/project_1.srcs/sim_1/new/src/counter_test.svh:]
WARNING: [filemgmt 56-199] Attempt to get parsing info during refresh. "On-the-fly" syntax checking information may be incorrect. [/home/boib2/vivadoProjects/registerProj/project_1/project_1.srcs/sim_1/new/src/agent_with_interface.svh:]
WARNING: [filemgmt 56-199] Attempt to get parsing info during refresh. "On-the-fly" syntax checking information may be incorrect. [/home/boib2/vivadoProjects/registerProj/project_1/project_1.srcs/sim_1/new/src/quiet_test.svh:]
WARNING: [filemgmt 56-199] Attempt to get parsing info during refresh. "On-the-fly" syntax checking information may be incorrect. [/home/boib2/vivadoProjects/registerProj/project_1/project_1.srcs/sources_1/new/programCounter.v:]
WARNING: [filemgmt 56-199] Attempt to get parsing info during refresh. "On-the-fly" syntax checking information may be incorrect. [/home/boib2/vivadoProjects/registerProj/project_1/project_1.srcs/sources_1/new/programCounter.v:]
WARNING: [filemgmt 56-199] Attempt to get parsing info during refresh. "On-the-fly" syntax checking information may be incorrect. [/home/boib2/vivadoProjects/registerProj/project_1/project_1.srcs/sim_1/new/src/counter_env.svh:]
WARNING: [filemgmt 56-199] Attempt to get parsing info during refresh. "On-the-fly" syntax checking information may be incorrect. [/home/boib2/vivadoProjects/registerProj/project_1/project_1.srcs/sim_1/new/counter_pkg.sv:]
WARNING: [filemgmt 56-199] Attempt to get parsing info during refresh. "On-the-fly" syntax checking information may be incorrect. [/home/boib2/vivadoProjects/registerProj/project_1/project_1.srcs/sim_1/new/counter_if.sv:]
WARNING: [filemgmt 56-199] Attempt to get parsing info during refresh. "On-the-fly" syntax checking information may be incorrect. [/home/boib2/vivadoProjects/registerProj/project_1/project_1.srcs/sources_1/new/programCounter.v:]
WARNING: [filemgmt 56-199] Attempt to get parsing info during refresh. "On-the-fly" syntax checking information may be incorrect. [/home/boib2/vivadoProjects/registerProj/project_1/project_1.srcs/sim_1/new/src/scoreboard.svh:]
WARNING: [filemgmt 56-199] Attempt to get parsing info during refresh. "On-the-fly" syntax checking information may be incorrect. [/home/boib2/vivadoProjects/registerProj/project_1/project_1.srcs/sim_1/new/src/monitor.svh:]
WARNING: [filemgmt 56-199] Attempt to get parsing info during refresh. "On-the-fly" syntax checking information may be incorrect. [/home/boib2/vivadoProjects/registerProj/project_1/project_1.srcs/sim_1/new/tb_top.sv:]
WARNING: [filemgmt 56-199] Attempt to get parsing info during refresh. "On-the-fly" syntax checking information may be incorrect. [/home/boib2/vivadoProjects/registerProj/project_1/project_1.srcs/sim_1/new/src/driver.svh:]
WARNING: [filemgmt 56-199] Attempt to get parsing info during refresh. "On-the-fly" syntax checking information may be incorrect. [/home/boib2/vivadoProjects/registerProj/project_1/project_1.srcs/sim_1/new/src/transaction.svh:]
WARNING: [filemgmt 56-199] Attempt to get parsing info during refresh. "On-the-fly" syntax checking information may be incorrect. [/home/boib2/vivadoProjects/registerProj/project_1/project_1.srcs/sim_1/new/src/printer.svh:]
WARNING: [filemgmt 56-199] Attempt to get parsing info during refresh. "On-the-fly" syntax checking information may be incorrect. [/home/boib2/vivadoProjects/registerProj/project_1/project_1.srcs/sim_1/new/src/counter_test.svh:]
WARNING: [filemgmt 56-199] Attempt to get parsing info during refresh. "On-the-fly" syntax checking information may be incorrect. [/home/boib2/vivadoProjects/registerProj/project_1/project_1.srcs/sim_1/new/src/agent_with_interface.svh:]
WARNING: [filemgmt 56-199] Attempt to get parsing info during refresh. "On-the-fly" syntax checking information may be incorrect. [/home/boib2/vivadoProjects/registerProj/project_1/project_1.srcs/sim_1/new/src/quiet_test.svh:]
WARNING: [filemgmt 56-199] Attempt to get parsing info during refresh. "On-the-fly" syntax checking information may be incorrect. [/home/boib2/vivadoProjects/registerProj/project_1/project_1.srcs/sim_1/new/tb_top.sv:]
WARNING: [filemgmt 56-199] Attempt to get parsing info during refresh. "On-the-fly" syntax checking information may be incorrect. [/home/boib2/vivadoProjects/registerProj/project_1/project_1.srcs/sim_1/new/tb_top.sv:]
WARNING: [filemgmt 56-199] Attempt to get parsing info during refresh. "On-the-fly" syntax checking information may be incorrect. [/home/boib2/vivadoProjects/registerProj/project_1/project_1.srcs/sim_1/new/src/counter_env.svh:]
WARNING: [filemgmt 56-199] Attempt to get parsing info during refresh. "On-the-fly" syntax checking information may be incorrect. [/home/boib2/vivadoProjects/registerProj/project_1/project_1.srcs/sim_1/new/counter_pkg.sv:]
WARNING: [filemgmt 56-199] Attempt to get parsing info during refresh. "On-the-fly" syntax checking information may be incorrect. [/home/boib2/vivadoProjects/registerProj/project_1/project_1.srcs/sim_1/new/counter_if.sv:]
WARNING: [filemgmt 56-199] Attempt to get parsing info during refresh. "On-the-fly" syntax checking information may be incorrect. [/home/boib2/vivadoProjects/registerProj/project_1/project_1.srcs/sources_1/new/programCounter.v:]
WARNING: [filemgmt 56-199] Attempt to get parsing info during refresh. "On-the-fly" syntax checking information may be incorrect. [/home/boib2/vivadoProjects/registerProj/project_1/project_1.srcs/sim_1/new/src/scoreboard.svh:]
WARNING: [filemgmt 56-199] Attempt to get parsing info during refresh. "On-the-fly" syntax checking information may be incorrect. [/home/boib2/vivadoProjects/registerProj/project_1/project_1.srcs/sim_1/new/src/monitor.svh:]
WARNING: [filemgmt 56-199] Attempt to get parsing info during refresh. "On-the-fly" syntax checking information may be incorrect. [/home/boib2/vivadoProjects/registerProj/project_1/project_1.srcs/sim_1/new/tb_top.sv:]
WARNING: [filemgmt 56-199] Attempt to get parsing info during refresh. "On-the-fly" syntax checking information may be incorrect. [/home/boib2/vivadoProjects/registerProj/project_1/project_1.srcs/sim_1/new/src/driver.svh:]
WARNING: [filemgmt 56-199] Attempt to get parsing info during refresh. "On-the-fly" syntax checking information may be incorrect. [/home/boib2/vivadoProjects/registerProj/project_1/project_1.srcs/sim_1/new/src/transaction.svh:]
WARNING: [filemgmt 56-199] Attempt to get parsing info during refresh. "On-the-fly" syntax checking information may be incorrect. [/home/boib2/vivadoProjects/registerProj/project_1/project_1.srcs/sim_1/new/src/printer.svh:]
WARNING: [filemgmt 56-199] Attempt to get parsing info during refresh. "On-the-fly" syntax checking information may be incorrect. [/home/boib2/vivadoProjects/registerProj/project_1/project_1.srcs/sim_1/new/src/counter_test.svh:]
WARNING: [filemgmt 56-199] Attempt to get parsing info during refresh. "On-the-fly" syntax checking information may be incorrect. [/home/boib2/vivadoProjects/registerProj/project_1/project_1.srcs/sim_1/new/src/agent_with_interface.svh:]
WARNING: [filemgmt 56-199] Attempt to get parsing info during refresh. "On-the-fly" syntax checking information may be incorrect. [/home/boib2/vivadoProjects/registerProj/project_1/project_1.srcs/sim_1/new/src/quiet_test.svh:]
WARNING: [filemgmt 56-199] Attempt to get parsing info during refresh. "On-the-fly" syntax checking information may be incorrect. [/home/boib2/vivadoProjects/registerProj/project_1/project_1.srcs/sim_1/new/src/printer.svh:]
WARNING: [filemgmt 56-199] Attempt to get parsing info during refresh. "On-the-fly" syntax checking information may be incorrect. [/home/boib2/vivadoProjects/registerProj/project_1/project_1.srcs/sim_1/new/src/printer.svh:]
WARNING: [filemgmt 56-199] Attempt to get parsing info during refresh. "On-the-fly" syntax checking information may be incorrect. [/home/boib2/vivadoProjects/registerProj/project_1/project_1.srcs/sim_1/new/src/counter_env.svh:]
WARNING: [filemgmt 56-199] Attempt to get parsing info during refresh. "On-the-fly" syntax checking information may be incorrect. [/home/boib2/vivadoProjects/registerProj/project_1/project_1.srcs/sim_1/new/counter_pkg.sv:]
WARNING: [filemgmt 56-199] Attempt to get parsing info during refresh. "On-the-fly" syntax checking information may be incorrect. [/home/boib2/vivadoProjects/registerProj/project_1/project_1.srcs/sim_1/new/counter_if.sv:]
WARNING: [filemgmt 56-199] Attempt to get parsing info during refresh. "On-the-fly" syntax checking information may be incorrect. [/home/boib2/vivadoProjects/registerProj/project_1/project_1.srcs/sources_1/new/programCounter.v:]
WARNING: [filemgmt 56-199] Attempt to get parsing info during refresh. "On-the-fly" syntax checking information may be incorrect. [/home/boib2/vivadoProjects/registerProj/project_1/project_1.srcs/sim_1/new/src/scoreboard.svh:]
WARNING: [filemgmt 56-199] Attempt to get parsing info during refresh. "On-the-fly" syntax checking information may be incorrect. [/home/boib2/vivadoProjects/registerProj/project_1/project_1.srcs/sim_1/new/src/monitor.svh:]
WARNING: [filemgmt 56-199] Attempt to get parsing info during refresh. "On-the-fly" syntax checking information may be incorrect. [/home/boib2/vivadoProjects/registerProj/project_1/project_1.srcs/sim_1/new/tb_top.sv:]
WARNING: [filemgmt 56-199] Attempt to get parsing info during refresh. "On-the-fly" syntax checking information may be incorrect. [/home/boib2/vivadoProjects/registerProj/project_1/project_1.srcs/sim_1/new/src/driver.svh:]
WARNING: [filemgmt 56-199] Attempt to get parsing info during refresh. "On-the-fly" syntax checking information may be incorrect. [/home/boib2/vivadoProjects/registerProj/project_1/project_1.srcs/sim_1/new/src/transaction.svh:]
WARNING: [filemgmt 56-199] Attempt to get parsing info during refresh. "On-the-fly" syntax checking information may be incorrect. [/home/boib2/vivadoProjects/registerProj/project_1/project_1.srcs/sim_1/new/src/printer.svh:]
WARNING: [filemgmt 56-199] Attempt to get parsing info during refresh. "On-the-fly" syntax checking information may be incorrect. [/home/boib2/vivadoProjects/registerProj/project_1/project_1.srcs/sim_1/new/src/counter_test.svh:]
WARNING: [filemgmt 56-199] Attempt to get parsing info during refresh. "On-the-fly" syntax checking information may be incorrect. [/home/boib2/vivadoProjects/registerProj/project_1/project_1.srcs/sim_1/new/src/agent_with_interface.svh:]
WARNING: [filemgmt 56-199] Attempt to get parsing info during refresh. "On-the-fly" syntax checking information may be incorrect. [/home/boib2/vivadoProjects/registerProj/project_1/project_1.srcs/sim_1/new/src/quiet_test.svh:]
WARNING: [filemgmt 56-199] Attempt to get parsing info during refresh. "On-the-fly" syntax checking information may be incorrect. [/home/boib2/vivadoProjects/registerProj/project_1/project_1.srcs/sim_1/new/src/scoreboard.svh:]
WARNING: [filemgmt 56-199] Attempt to get parsing info during refresh. "On-the-fly" syntax checking information may be incorrect. [/home/boib2/vivadoProjects/registerProj/project_1/project_1.srcs/sim_1/new/src/scoreboard.svh:]
WARNING: [filemgmt 56-199] Attempt to get parsing info during refresh. "On-the-fly" syntax checking information may be incorrect. [/home/boib2/vivadoProjects/registerProj/project_1/project_1.srcs/sim_1/new/src/counter_env.svh:]
WARNING: [filemgmt 56-199] Attempt to get parsing info during refresh. "On-the-fly" syntax checking information may be incorrect. [/home/boib2/vivadoProjects/registerProj/project_1/project_1.srcs/sim_1/new/counter_pkg.sv:]
WARNING: [filemgmt 56-199] Attempt to get parsing info during refresh. "On-the-fly" syntax checking information may be incorrect. [/home/boib2/vivadoProjects/registerProj/project_1/project_1.srcs/sim_1/new/counter_if.sv:]
WARNING: [filemgmt 56-199] Attempt to get parsing info during refresh. "On-the-fly" syntax checking information may be incorrect. [/home/boib2/vivadoProjects/registerProj/project_1/project_1.srcs/sources_1/new/programCounter.v:]
WARNING: [filemgmt 56-199] Attempt to get parsing info during refresh. "On-the-fly" syntax checking information may be incorrect. [/home/boib2/vivadoProjects/registerProj/project_1/project_1.srcs/sim_1/new/src/scoreboard.svh:]
WARNING: [filemgmt 56-199] Attempt to get parsing info during refresh. "On-the-fly" syntax checking information may be incorrect. [/home/boib2/vivadoProjects/registerProj/project_1/project_1.srcs/sim_1/new/src/monitor.svh:]
WARNING: [filemgmt 56-199] Attempt to get parsing info during refresh. "On-the-fly" syntax checking information may be incorrect. [/home/boib2/vivadoProjects/registerProj/project_1/project_1.srcs/sim_1/new/tb_top.sv:]
WARNING: [filemgmt 56-199] Attempt to get parsing info during refresh. "On-the-fly" syntax checking information may be incorrect. [/home/boib2/vivadoProjects/registerProj/project_1/project_1.srcs/sim_1/new/src/driver.svh:]
WARNING: [filemgmt 56-199] Attempt to get parsing info during refresh. "On-the-fly" syntax checking information may be incorrect. [/home/boib2/vivadoProjects/registerProj/project_1/project_1.srcs/sim_1/new/src/transaction.svh:]
WARNING: [filemgmt 56-199] Attempt to get parsing info during refresh. "On-the-fly" syntax checking information may be incorrect. [/home/boib2/vivadoProjects/registerProj/project_1/project_1.srcs/sim_1/new/src/printer.svh:]
WARNING: [filemgmt 56-199] Attempt to get parsing info during refresh. "On-the-fly" syntax checking information may be incorrect. [/home/boib2/vivadoProjects/registerProj/project_1/project_1.srcs/sim_1/new/src/counter_test.svh:]
WARNING: [filemgmt 56-199] Attempt to get parsing info during refresh. "On-the-fly" syntax checking information may be incorrect. [/home/boib2/vivadoProjects/registerProj/project_1/project_1.srcs/sim_1/new/src/agent_with_interface.svh:]
WARNING: [filemgmt 56-199] Attempt to get parsing info during refresh. "On-the-fly" syntax checking information may be incorrect. [/home/boib2/vivadoProjects/registerProj/project_1/project_1.srcs/sim_1/new/src/quiet_test.svh:]
WARNING: [filemgmt 56-199] Attempt to get parsing info during refresh. "On-the-fly" syntax checking information may be incorrect. [/home/boib2/vivadoProjects/registerProj/project_1/project_1.srcs/sim_1/new/counter_if.sv:]
WARNING: [filemgmt 56-199] Attempt to get parsing info during refresh. "On-the-fly" syntax checking information may be incorrect. [/home/boib2/vivadoProjects/registerProj/project_1/project_1.srcs/sim_1/new/counter_if.sv:]
WARNING: [filemgmt 56-199] Attempt to get parsing info during refresh. "On-the-fly" syntax checking information may be incorrect. [/home/boib2/vivadoProjects/registerProj/project_1/project_1.srcs/sim_1/new/src/counter_env.svh:]
WARNING: [filemgmt 56-199] Attempt to get parsing info during refresh. "On-the-fly" syntax checking information may be incorrect. [/home/boib2/vivadoProjects/registerProj/project_1/project_1.srcs/sim_1/new/counter_pkg.sv:]
WARNING: [filemgmt 56-199] Attempt to get parsing info during refresh. "On-the-fly" syntax checking information may be incorrect. [/home/boib2/vivadoProjects/registerProj/project_1/project_1.srcs/sim_1/new/counter_if.sv:]
WARNING: [filemgmt 56-199] Attempt to get parsing info during refresh. "On-the-fly" syntax checking information may be incorrect. [/home/boib2/vivadoProjects/registerProj/project_1/project_1.srcs/sources_1/new/programCounter.v:]
WARNING: [filemgmt 56-199] Attempt to get parsing info during refresh. "On-the-fly" syntax checking information may be incorrect. [/home/boib2/vivadoProjects/registerProj/project_1/project_1.srcs/sim_1/new/src/scoreboard.svh:]
WARNING: [filemgmt 56-199] Attempt to get parsing info during refresh. "On-the-fly" syntax checking information may be incorrect. [/home/boib2/vivadoProjects/registerProj/project_1/project_1.srcs/sim_1/new/src/monitor.svh:]
WARNING: [filemgmt 56-199] Attempt to get parsing info during refresh. "On-the-fly" syntax checking information may be incorrect. [/home/boib2/vivadoProjects/registerProj/project_1/project_1.srcs/sim_1/new/tb_top.sv:]
WARNING: [filemgmt 56-199] Attempt to get parsing info during refresh. "On-the-fly" syntax checking information may be incorrect. [/home/boib2/vivadoProjects/registerProj/project_1/project_1.srcs/sim_1/new/src/driver.svh:]
WARNING: [filemgmt 56-199] Attempt to get parsing info during refresh. "On-the-fly" syntax checking information may be incorrect. [/home/boib2/vivadoProjects/registerProj/project_1/project_1.srcs/sim_1/new/src/transaction.svh:]
WARNING: [filemgmt 56-199] Attempt to get parsing info during refresh. "On-the-fly" syntax checking information may be incorrect. [/home/boib2/vivadoProjects/registerProj/project_1/project_1.srcs/sim_1/new/src/printer.svh:]
WARNING: [filemgmt 56-199] Attempt to get parsing info during refresh. "On-the-fly" syntax checking information may be incorrect. [/home/boib2/vivadoProjects/registerProj/project_1/project_1.srcs/sim_1/new/src/counter_test.svh:]
WARNING: [filemgmt 56-199] Attempt to get parsing info during refresh. "On-the-fly" syntax checking information may be incorrect. [/home/boib2/vivadoProjects/registerProj/project_1/project_1.srcs/sim_1/new/src/agent_with_interface.svh:]
WARNING: [filemgmt 56-199] Attempt to get parsing info during refresh. "On-the-fly" syntax checking information may be incorrect. [/home/boib2/vivadoProjects/registerProj/project_1/project_1.srcs/sim_1/new/src/quiet_test.svh:]
WARNING: [filemgmt 56-199] Attempt to get parsing info during refresh. "On-the-fly" syntax checking information may be incorrect. [/home/boib2/vivadoProjects/registerProj/project_1/project_1.srcs/sim_1/new/src/counter_test.svh:]
WARNING: [filemgmt 56-199] Attempt to get parsing info during refresh. "On-the-fly" syntax checking information may be incorrect. [/home/boib2/vivadoProjects/registerProj/project_1/project_1.srcs/sim_1/new/src/counter_test.svh:]
WARNING: [filemgmt 56-199] Attempt to get parsing info during refresh. "On-the-fly" syntax checking information may be incorrect. [/home/boib2/vivadoProjects/registerProj/project_1/project_1.srcs/sim_1/new/src/counter_env.svh:]
WARNING: [filemgmt 56-199] Attempt to get parsing info during refresh. "On-the-fly" syntax checking information may be incorrect. [/home/boib2/vivadoProjects/registerProj/project_1/project_1.srcs/sim_1/new/counter_pkg.sv:]
WARNING: [filemgmt 56-199] Attempt to get parsing info during refresh. "On-the-fly" syntax checking information may be incorrect. [/home/boib2/vivadoProjects/registerProj/project_1/project_1.srcs/sim_1/new/counter_if.sv:]
WARNING: [filemgmt 56-199] Attempt to get parsing info during refresh. "On-the-fly" syntax checking information may be incorrect. [/home/boib2/vivadoProjects/registerProj/project_1/project_1.srcs/sources_1/new/programCounter.v:]
WARNING: [filemgmt 56-199] Attempt to get parsing info during refresh. "On-the-fly" syntax checking information may be incorrect. [/home/boib2/vivadoProjects/registerProj/project_1/project_1.srcs/sim_1/new/src/scoreboard.svh:]
WARNING: [filemgmt 56-199] Attempt to get parsing info during refresh. "On-the-fly" syntax checking information may be incorrect. [/home/boib2/vivadoProjects/registerProj/project_1/project_1.srcs/sim_1/new/src/monitor.svh:]
WARNING: [filemgmt 56-199] Attempt to get parsing info during refresh. "On-the-fly" syntax checking information may be incorrect. [/home/boib2/vivadoProjects/registerProj/project_1/project_1.srcs/sim_1/new/tb_top.sv:]
WARNING: [filemgmt 56-199] Attempt to get parsing info during refresh. "On-the-fly" syntax checking information may be incorrect. [/home/boib2/vivadoProjects/registerProj/project_1/project_1.srcs/sim_1/new/src/driver.svh:]
WARNING: [filemgmt 56-199] Attempt to get parsing info during refresh. "On-the-fly" syntax checking information may be incorrect. [/home/boib2/vivadoProjects/registerProj/project_1/project_1.srcs/sim_1/new/src/transaction.svh:]
WARNING: [filemgmt 56-199] Attempt to get parsing info during refresh. "On-the-fly" syntax checking information may be incorrect. [/home/boib2/vivadoProjects/registerProj/project_1/project_1.srcs/sim_1/new/src/printer.svh:]
INFO: [Common 17-14] Message 'filemgmt 56-199' appears 100 times and further instances of the messages will be disabled. Use the Tcl command set_msg_config to change the current settings.
add_files -fileset sim_1 /home/boib2/vivadoProjects/registerProj/project_1/project_1.srcs/sim_1/new/counter_if.sv
WARNING: [filemgmt 56-12] File '/home/boib2/vivadoProjects/registerProj/project_1/project_1.srcs/sim_1/new/counter_if.sv' cannot be added to the project because it already exists in the project, skipping this file
set_property include_dirs [list "$::env(XILINX_VIVADO)/data/systemverilog/uvm_1.2/xsim/files/src" "/home/boib2/vivadoProjects/registerProj/project_1/project_1.srcs/sim_1/new"] [get_filesets sim_1]
WARNING: [filemgmt 56-199] Attempt to get parsing info during refresh. "On-the-fly" syntax checking information may be incorrect. [/home/boib2/vivadoProjects/registerProj/project_1/project_1.srcs/sim_1/new/src/counter_env.svh:]
WARNING: [filemgmt 56-199] Attempt to get parsing info during refresh. "On-the-fly" syntax checking information may be incorrect. [/home/boib2/vivadoProjects/registerProj/project_1/project_1.srcs/sim_1/new/counter_pkg.sv:]
WARNING: [filemgmt 56-199] Attempt to get parsing info during refresh. "On-the-fly" syntax checking information may be incorrect. [/home/boib2/vivadoProjects/registerProj/project_1/project_1.srcs/sim_1/new/counter_if.sv:]
WARNING: [filemgmt 56-199] Attempt to get parsing info during refresh. "On-the-fly" syntax checking information may be incorrect. [/home/boib2/vivadoProjects/registerProj/project_1/project_1.srcs/sources_1/new/programCounter.v:]
WARNING: [filemgmt 56-199] Attempt to get parsing info during refresh. "On-the-fly" syntax checking information may be incorrect. [/home/boib2/vivadoProjects/registerProj/project_1/project_1.srcs/sim_1/new/src/scoreboard.svh:]
WARNING: [filemgmt 56-199] Attempt to get parsing info during refresh. "On-the-fly" syntax checking information may be incorrect. [/home/boib2/vivadoProjects/registerProj/project_1/project_1.srcs/sim_1/new/src/monitor.svh:]
WARNING: [filemgmt 56-199] Attempt to get parsing info during refresh. "On-the-fly" syntax checking information may be incorrect. [/home/boib2/vivadoProjects/registerProj/project_1/project_1.srcs/sim_1/new/tb_top.sv:]
WARNING: [filemgmt 56-199] Attempt to get parsing info during refresh. "On-the-fly" syntax checking information may be incorrect. [/home/boib2/vivadoProjects/registerProj/project_1/project_1.srcs/sim_1/new/src/driver.svh:]
WARNING: [filemgmt 56-199] Attempt to get parsing info during refresh. "On-the-fly" syntax checking information may be incorrect. [/home/boib2/vivadoProjects/registerProj/project_1/project_1.srcs/sim_1/new/src/transaction.svh:]
WARNING: [filemgmt 56-199] Attempt to get parsing info during refresh. "On-the-fly" syntax checking information may be incorrect. [/home/boib2/vivadoProjects/registerProj/project_1/project_1.srcs/sim_1/new/src/printer.svh:]
WARNING: [filemgmt 56-199] Attempt to get parsing info during refresh. "On-the-fly" syntax checking information may be incorrect. [/home/boib2/vivadoProjects/registerProj/project_1/project_1.srcs/sim_1/new/src/counter_test.svh:]
WARNING: [filemgmt 56-199] Attempt to get parsing info during refresh. "On-the-fly" syntax checking information may be incorrect. [/home/boib2/vivadoProjects/registerProj/project_1/project_1.srcs/sim_1/new/src/agent_with_interface.svh:]
WARNING: [filemgmt 56-199] Attempt to get parsing info during refresh. "On-the-fly" syntax checking information may be incorrect. [/home/boib2/vivadoProjects/registerProj/project_1/project_1.srcs/sim_1/new/src/quiet_test.svh:]
WARNING: [filemgmt 56-199] Attempt to get parsing info during refresh. "On-the-fly" syntax checking information may be incorrect. [/home/boib2/vivadoProjects/registerProj/project_1/project_1.srcs/sim_1/new/tb_top.sv:]
WARNING: [filemgmt 56-199] Attempt to get parsing info during refresh. "On-the-fly" syntax checking information may be incorrect. [/home/boib2/vivadoProjects/registerProj/project_1/project_1.srcs/sim_1/new/tb_top.sv:]
WARNING: [filemgmt 56-199] Attempt to get parsing info during refresh. "On-the-fly" syntax checking information may be incorrect. [/home/boib2/vivadoProjects/registerProj/project_1/project_1.srcs/sim_1/new/src/counter_env.svh:]
WARNING: [filemgmt 56-199] Attempt to get parsing info during refresh. "On-the-fly" syntax checking information may be incorrect. [/home/boib2/vivadoProjects/registerProj/project_1/project_1.srcs/sim_1/new/counter_pkg.sv:]
WARNING: [filemgmt 56-199] Attempt to get parsing info during refresh. "On-the-fly" syntax checking information may be incorrect. [/home/boib2/vivadoProjects/registerProj/project_1/project_1.srcs/sim_1/new/counter_if.sv:]
WARNING: [filemgmt 56-199] Attempt to get parsing info during refresh. "On-the-fly" syntax checking information may be incorrect. [/home/boib2/vivadoProjects/registerProj/project_1/project_1.srcs/sources_1/new/programCounter.v:]
WARNING: [filemgmt 56-199] Attempt to get parsing info during refresh. "On-the-fly" syntax checking information may be incorrect. [/home/boib2/vivadoProjects/registerProj/project_1/project_1.srcs/sim_1/new/src/scoreboard.svh:]
WARNING: [filemgmt 56-199] Attempt to get parsing info during refresh. "On-the-fly" syntax checking information may be incorrect. [/home/boib2/vivadoProjects/registerProj/project_1/project_1.srcs/sim_1/new/src/monitor.svh:]
WARNING: [filemgmt 56-199] Attempt to get parsing info during refresh. "On-the-fly" syntax checking information may be incorrect. [/home/boib2/vivadoProjects/registerProj/project_1/project_1.srcs/sim_1/new/tb_top.sv:]
WARNING: [filemgmt 56-199] Attempt to get parsing info during refresh. "On-the-fly" syntax checking information may be incorrect. [/home/boib2/vivadoProjects/registerProj/project_1/project_1.srcs/sim_1/new/src/driver.svh:]
WARNING: [filemgmt 56-199] Attempt to get parsing info during refresh. "On-the-fly" syntax checking information may be incorrect. [/home/boib2/vivadoProjects/registerProj/project_1/project_1.srcs/sim_1/new/src/transaction.svh:]
WARNING: [filemgmt 56-199] Attempt to get parsing info during refresh. "On-the-fly" syntax checking information may be incorrect. [/home/boib2/vivadoProjects/registerProj/project_1/project_1.srcs/sim_1/new/src/printer.svh:]
WARNING: [filemgmt 56-199] Attempt to get parsing info during refresh. "On-the-fly" syntax checking information may be incorrect. [/home/boib2/vivadoProjects/registerProj/project_1/project_1.srcs/sim_1/new/src/counter_test.svh:]
WARNING: [filemgmt 56-199] Attempt to get parsing info during refresh. "On-the-fly" syntax checking information may be incorrect. [/home/boib2/vivadoProjects/registerProj/project_1/project_1.srcs/sim_1/new/src/agent_with_interface.svh:]
WARNING: [filemgmt 56-199] Attempt to get parsing info during refresh. "On-the-fly" syntax checking information may be incorrect. [/home/boib2/vivadoProjects/registerProj/project_1/project_1.srcs/sim_1/new/src/quiet_test.svh:]
WARNING: [filemgmt 56-199] Attempt to get parsing info during refresh. "On-the-fly" syntax checking information may be incorrect. [/home/boib2/vivadoProjects/registerProj/project_1/project_1.srcs/sources_1/new/programCounter.v:]
WARNING: [filemgmt 56-199] Attempt to get parsing info during refresh. "On-the-fly" syntax checking information may be incorrect. [/home/boib2/vivadoProjects/registerProj/project_1/project_1.srcs/sources_1/new/programCounter.v:]
WARNING: [filemgmt 56-199] Attempt to get parsing info during refresh. "On-the-fly" syntax checking information may be incorrect. [/home/boib2/vivadoProjects/registerProj/project_1/project_1.srcs/sim_1/new/src/counter_env.svh:]
WARNING: [filemgmt 56-199] Attempt to get parsing info during refresh. "On-the-fly" syntax checking information may be incorrect. [/home/boib2/vivadoProjects/registerProj/project_1/project_1.srcs/sim_1/new/counter_pkg.sv:]
WARNING: [filemgmt 56-199] Attempt to get parsing info during refresh. "On-the-fly" syntax checking information may be incorrect. [/home/boib2/vivadoProjects/registerProj/project_1/project_1.srcs/sim_1/new/counter_if.sv:]
WARNING: [filemgmt 56-199] Attempt to get parsing info during refresh. "On-the-fly" syntax checking information may be incorrect. [/home/boib2/vivadoProjects/registerProj/project_1/project_1.srcs/sources_1/new/programCounter.v:]
WARNING: [filemgmt 56-199] Attempt to get parsing info during refresh. "On-the-fly" syntax checking information may be incorrect. [/home/boib2/vivadoProjects/registerProj/project_1/project_1.srcs/sim_1/new/src/scoreboard.svh:]
WARNING: [filemgmt 56-199] Attempt to get parsing info during refresh. "On-the-fly" syntax checking information may be incorrect. [/home/boib2/vivadoProjects/registerProj/project_1/project_1.srcs/sim_1/new/src/monitor.svh:]
WARNING: [filemgmt 56-199] Attempt to get parsing info during refresh. "On-the-fly" syntax checking information may be incorrect. [/home/boib2/vivadoProjects/registerProj/project_1/project_1.srcs/sim_1/new/tb_top.sv:]
WARNING: [filemgmt 56-199] Attempt to get parsing info during refresh. "On-the-fly" syntax checking information may be incorrect. [/home/boib2/vivadoProjects/registerProj/project_1/project_1.srcs/sim_1/new/src/driver.svh:]
WARNING: [filemgmt 56-199] Attempt to get parsing info during refresh. "On-the-fly" syntax checking information may be incorrect. [/home/boib2/vivadoProjects/registerProj/project_1/project_1.srcs/sim_1/new/src/transaction.svh:]
WARNING: [filemgmt 56-199] Attempt to get parsing info during refresh. "On-the-fly" syntax checking information may be incorrect. [/home/boib2/vivadoProjects/registerProj/project_1/project_1.srcs/sim_1/new/src/printer.svh:]
WARNING: [filemgmt 56-199] Attempt to get parsing info during refresh. "On-the-fly" syntax checking information may be incorrect. [/home/boib2/vivadoProjects/registerProj/project_1/project_1.srcs/sim_1/new/src/counter_test.svh:]
WARNING: [filemgmt 56-199] Attempt to get parsing info during refresh. "On-the-fly" syntax checking information may be incorrect. [/home/boib2/vivadoProjects/registerProj/project_1/project_1.srcs/sim_1/new/src/agent_with_interface.svh:]
WARNING: [filemgmt 56-199] Attempt to get parsing info during refresh. "On-the-fly" syntax checking information may be incorrect. [/home/boib2/vivadoProjects/registerProj/project_1/project_1.srcs/sim_1/new/src/quiet_test.svh:]
WARNING: [filemgmt 56-199] Attempt to get parsing info during refresh. "On-the-fly" syntax checking information may be incorrect. [/home/boib2/vivadoProjects/registerProj/project_1/project_1.srcs/sim_1/new/src/driver.svh:]
WARNING: [filemgmt 56-199] Attempt to get parsing info during refresh. "On-the-fly" syntax checking information may be incorrect. [/home/boib2/vivadoProjects/registerProj/project_1/project_1.srcs/sim_1/new/src/driver.svh:]
WARNING: [filemgmt 56-199] Attempt to get parsing info during refresh. "On-the-fly" syntax checking information may be incorrect. [/home/boib2/vivadoProjects/registerProj/project_1/project_1.srcs/sim_1/new/src/counter_env.svh:]
WARNING: [filemgmt 56-199] Attempt to get parsing info during refresh. "On-the-fly" syntax checking information may be incorrect. [/home/boib2/vivadoProjects/registerProj/project_1/project_1.srcs/sim_1/new/counter_pkg.sv:]
WARNING: [filemgmt 56-199] Attempt to get parsing info during refresh. "On-the-fly" syntax checking information may be incorrect. [/home/boib2/vivadoProjects/registerProj/project_1/project_1.srcs/sim_1/new/counter_if.sv:]
WARNING: [filemgmt 56-199] Attempt to get parsing info during refresh. "On-the-fly" syntax checking information may be incorrect. [/home/boib2/vivadoProjects/registerProj/project_1/project_1.srcs/sources_1/new/programCounter.v:]
WARNING: [filemgmt 56-199] Attempt to get parsing info during refresh. "On-the-fly" syntax checking information may be incorrect. [/home/boib2/vivadoProjects/registerProj/project_1/project_1.srcs/sim_1/new/src/scoreboard.svh:]
WARNING: [filemgmt 56-199] Attempt to get parsing info during refresh. "On-the-fly" syntax checking information may be incorrect. [/home/boib2/vivadoProjects/registerProj/project_1/project_1.srcs/sim_1/new/src/monitor.svh:]
WARNING: [filemgmt 56-199] Attempt to get parsing info during refresh. "On-the-fly" syntax checking information may be incorrect. [/home/boib2/vivadoProjects/registerProj/project_1/project_1.srcs/sim_1/new/tb_top.sv:]
WARNING: [filemgmt 56-199] Attempt to get parsing info during refresh. "On-the-fly" syntax checking information may be incorrect. [/home/boib2/vivadoProjects/registerProj/project_1/project_1.srcs/sim_1/new/src/driver.svh:]
WARNING: [filemgmt 56-199] Attempt to get parsing info during refresh. "On-the-fly" syntax checking information may be incorrect. [/home/boib2/vivadoProjects/registerProj/project_1/project_1.srcs/sim_1/new/src/transaction.svh:]
WARNING: [filemgmt 56-199] Attempt to get parsing info during refresh. "On-the-fly" syntax checking information may be incorrect. [/home/boib2/vivadoProjects/registerProj/project_1/project_1.srcs/sim_1/new/src/printer.svh:]
WARNING: [filemgmt 56-199] Attempt to get parsing info during refresh. "On-the-fly" syntax checking information may be incorrect. [/home/boib2/vivadoProjects/registerProj/project_1/project_1.srcs/sim_1/new/src/counter_test.svh:]
WARNING: [filemgmt 56-199] Attempt to get parsing info during refresh. "On-the-fly" syntax checking information may be incorrect. [/home/boib2/vivadoProjects/registerProj/project_1/project_1.srcs/sim_1/new/src/agent_with_interface.svh:]
WARNING: [filemgmt 56-199] Attempt to get parsing info during refresh. "On-the-fly" syntax checking information may be incorrect. [/home/boib2/vivadoProjects/registerProj/project_1/project_1.srcs/sim_1/new/src/quiet_test.svh:]
WARNING: [filemgmt 56-199] Attempt to get parsing info during refresh. "On-the-fly" syntax checking information may be incorrect. [/home/boib2/vivadoProjects/registerProj/project_1/project_1.srcs/sim_1/new/src/scoreboard.svh:]
WARNING: [filemgmt 56-199] Attempt to get parsing info during refresh. "On-the-fly" syntax checking information may be incorrect. [/home/boib2/vivadoProjects/registerProj/project_1/project_1.srcs/sim_1/new/src/scoreboard.svh:]
WARNING: [filemgmt 56-199] Attempt to get parsing info during refresh. "On-the-fly" syntax checking information may be incorrect. [/home/boib2/vivadoProjects/registerProj/project_1/project_1.srcs/sim_1/new/src/counter_env.svh:]
WARNING: [filemgmt 56-199] Attempt to get parsing info during refresh. "On-the-fly" syntax checking information may be incorrect. [/home/boib2/vivadoProjects/registerProj/project_1/project_1.srcs/sim_1/new/counter_pkg.sv:]
WARNING: [filemgmt 56-199] Attempt to get parsing info during refresh. "On-the-fly" syntax checking information may be incorrect. [/home/boib2/vivadoProjects/registerProj/project_1/project_1.srcs/sim_1/new/counter_if.sv:]
WARNING: [filemgmt 56-199] Attempt to get parsing info during refresh. "On-the-fly" syntax checking information may be incorrect. [/home/boib2/vivadoProjects/registerProj/project_1/project_1.srcs/sources_1/new/programCounter.v:]
WARNING: [filemgmt 56-199] Attempt to get parsing info during refresh. "On-the-fly" syntax checking information may be incorrect. [/home/boib2/vivadoProjects/registerProj/project_1/project_1.srcs/sim_1/new/src/scoreboard.svh:]
WARNING: [filemgmt 56-199] Attempt to get parsing info during refresh. "On-the-fly" syntax checking information may be incorrect. [/home/boib2/vivadoProjects/registerProj/project_1/project_1.srcs/sim_1/new/src/monitor.svh:]
WARNING: [filemgmt 56-199] Attempt to get parsing info during refresh. "On-the-fly" syntax checking information may be incorrect. [/home/boib2/vivadoProjects/registerProj/project_1/project_1.srcs/sim_1/new/tb_top.sv:]
WARNING: [filemgmt 56-199] Attempt to get parsing info during refresh. "On-the-fly" syntax checking information may be incorrect. [/home/boib2/vivadoProjects/registerProj/project_1/project_1.srcs/sim_1/new/src/driver.svh:]
WARNING: [filemgmt 56-199] Attempt to get parsing info during refresh. "On-the-fly" syntax checking information may be incorrect. [/home/boib2/vivadoProjects/registerProj/project_1/project_1.srcs/sim_1/new/src/transaction.svh:]
WARNING: [filemgmt 56-199] Attempt to get parsing info during refresh. "On-the-fly" syntax checking information may be incorrect. [/home/boib2/vivadoProjects/registerProj/project_1/project_1.srcs/sim_1/new/src/printer.svh:]
WARNING: [filemgmt 56-199] Attempt to get parsing info during refresh. "On-the-fly" syntax checking information may be incorrect. [/home/boib2/vivadoProjects/registerProj/project_1/project_1.srcs/sim_1/new/src/counter_test.svh:]
WARNING: [filemgmt 56-199] Attempt to get parsing info during refresh. "On-the-fly" syntax checking information may be incorrect. [/home/boib2/vivadoProjects/registerProj/project_1/project_1.srcs/sim_1/new/src/agent_with_interface.svh:]
WARNING: [filemgmt 56-199] Attempt to get parsing info during refresh. "On-the-fly" syntax checking information may be incorrect. [/home/boib2/vivadoProjects/registerProj/project_1/project_1.srcs/sim_1/new/src/quiet_test.svh:]
WARNING: [filemgmt 56-199] Attempt to get parsing info during refresh. "On-the-fly" syntax checking information may be incorrect. [/home/boib2/vivadoProjects/registerProj/project_1/project_1.srcs/sim_1/new/src/printer.svh:]
WARNING: [filemgmt 56-199] Attempt to get parsing info during refresh. "On-the-fly" syntax checking information may be incorrect. [/home/boib2/vivadoProjects/registerProj/project_1/project_1.srcs/sim_1/new/src/printer.svh:]
WARNING: [filemgmt 56-199] Attempt to get parsing info during refresh. "On-the-fly" syntax checking information may be incorrect. [/home/boib2/vivadoProjects/registerProj/project_1/project_1.srcs/sim_1/new/src/counter_env.svh:]
WARNING: [filemgmt 56-199] Attempt to get parsing info during refresh. "On-the-fly" syntax checking information may be incorrect. [/home/boib2/vivadoProjects/registerProj/project_1/project_1.srcs/sim_1/new/counter_pkg.sv:]
WARNING: [filemgmt 56-199] Attempt to get parsing info during refresh. "On-the-fly" syntax checking information may be incorrect. [/home/boib2/vivadoProjects/registerProj/project_1/project_1.srcs/sim_1/new/counter_if.sv:]
WARNING: [filemgmt 56-199] Attempt to get parsing info during refresh. "On-the-fly" syntax checking information may be incorrect. [/home/boib2/vivadoProjects/registerProj/project_1/project_1.srcs/sources_1/new/programCounter.v:]
WARNING: [filemgmt 56-199] Attempt to get parsing info during refresh. "On-the-fly" syntax checking information may be incorrect. [/home/boib2/vivadoProjects/registerProj/project_1/project_1.srcs/sim_1/new/src/scoreboard.svh:]
WARNING: [filemgmt 56-199] Attempt to get parsing info during refresh. "On-the-fly" syntax checking information may be incorrect. [/home/boib2/vivadoProjects/registerProj/project_1/project_1.srcs/sim_1/new/src/monitor.svh:]
WARNING: [filemgmt 56-199] Attempt to get parsing info during refresh. "On-the-fly" syntax checking information may be incorrect. [/home/boib2/vivadoProjects/registerProj/project_1/project_1.srcs/sim_1/new/tb_top.sv:]
WARNING: [filemgmt 56-199] Attempt to get parsing info during refresh. "On-the-fly" syntax checking information may be incorrect. [/home/boib2/vivadoProjects/registerProj/project_1/project_1.srcs/sim_1/new/src/driver.svh:]
WARNING: [filemgmt 56-199] Attempt to get parsing info during refresh. "On-the-fly" syntax checking information may be incorrect. [/home/boib2/vivadoProjects/registerProj/project_1/project_1.srcs/sim_1/new/src/transaction.svh:]
WARNING: [filemgmt 56-199] Attempt to get parsing info during refresh. "On-the-fly" syntax checking information may be incorrect. [/home/boib2/vivadoProjects/registerProj/project_1/project_1.srcs/sim_1/new/src/printer.svh:]
WARNING: [filemgmt 56-199] Attempt to get parsing info during refresh. "On-the-fly" syntax checking information may be incorrect. [/home/boib2/vivadoProjects/registerProj/project_1/project_1.srcs/sim_1/new/src/counter_test.svh:]
WARNING: [filemgmt 56-199] Attempt to get parsing info during refresh. "On-the-fly" syntax checking information may be incorrect. [/home/boib2/vivadoProjects/registerProj/project_1/project_1.srcs/sim_1/new/src/agent_with_interface.svh:]
WARNING: [filemgmt 56-199] Attempt to get parsing info during refresh. "On-the-fly" syntax checking information may be incorrect. [/home/boib2/vivadoProjects/registerProj/project_1/project_1.srcs/sim_1/new/src/quiet_test.svh:]
WARNING: [filemgmt 56-199] Attempt to get parsing info during refresh. "On-the-fly" syntax checking information may be incorrect. [/home/boib2/vivadoProjects/registerProj/project_1/project_1.srcs/sim_1/new/src/quiet_test.svh:]
WARNING: [filemgmt 56-199] Attempt to get parsing info during refresh. "On-the-fly" syntax checking information may be incorrect. [/home/boib2/vivadoProjects/registerProj/project_1/project_1.srcs/sim_1/new/src/quiet_test.svh:]
WARNING: [filemgmt 56-199] Attempt to get parsing info during refresh. "On-the-fly" syntax checking information may be incorrect. [/home/boib2/vivadoProjects/registerProj/project_1/project_1.srcs/sim_1/new/src/counter_env.svh:]
WARNING: [filemgmt 56-199] Attempt to get parsing info during refresh. "On-the-fly" syntax checking information may be incorrect. [/home/boib2/vivadoProjects/registerProj/project_1/project_1.srcs/sim_1/new/counter_pkg.sv:]
WARNING: [filemgmt 56-199] Attempt to get parsing info during refresh. "On-the-fly" syntax checking information may be incorrect. [/home/boib2/vivadoProjects/registerProj/project_1/project_1.srcs/sim_1/new/counter_if.sv:]
WARNING: [filemgmt 56-199] Attempt to get parsing info during refresh. "On-the-fly" syntax checking information may be incorrect. [/home/boib2/vivadoProjects/registerProj/project_1/project_1.srcs/sources_1/new/programCounter.v:]
WARNING: [filemgmt 56-199] Attempt to get parsing info during refresh. "On-the-fly" syntax checking information may be incorrect. [/home/boib2/vivadoProjects/registerProj/project_1/project_1.srcs/sim_1/new/src/scoreboard.svh:]
WARNING: [filemgmt 56-199] Attempt to get parsing info during refresh. "On-the-fly" syntax checking information may be incorrect. [/home/boib2/vivadoProjects/registerProj/project_1/project_1.srcs/sim_1/new/src/monitor.svh:]
WARNING: [filemgmt 56-199] Attempt to get parsing info during refresh. "On-the-fly" syntax checking information may be incorrect. [/home/boib2/vivadoProjects/registerProj/project_1/project_1.srcs/sim_1/new/tb_top.sv:]
WARNING: [filemgmt 56-199] Attempt to get parsing info during refresh. "On-the-fly" syntax checking information may be incorrect. [/home/boib2/vivadoProjects/registerProj/project_1/project_1.srcs/sim_1/new/src/driver.svh:]
WARNING: [filemgmt 56-199] Attempt to get parsing info during refresh. "On-the-fly" syntax checking information may be incorrect. [/home/boib2/vivadoProjects/registerProj/project_1/project_1.srcs/sim_1/new/src/transaction.svh:]
WARNING: [filemgmt 56-199] Attempt to get parsing info during refresh. "On-the-fly" syntax checking information may be incorrect. [/home/boib2/vivadoProjects/registerProj/project_1/project_1.srcs/sim_1/new/src/printer.svh:]
INFO: [Common 17-14] Message 'filemgmt 56-199' appears 100 times and further instances of the messages will be disabled. Use the Tcl command set_msg_config to change the current settings.
WARNING: [filemgmt 56-199] Attempt to get parsing info during refresh. "On-the-fly" syntax checking information may be incorrect. [/home/boib2/vivadoProjects/registerProj/project_1/project_1.srcs/sim_1/new/src/counter_env.svh:]
WARNING: [filemgmt 56-199] Attempt to get parsing info during refresh. "On-the-fly" syntax checking information may be incorrect. [/home/boib2/vivadoProjects/registerProj/project_1/project_1.srcs/sim_1/new/counter_pkg.sv:]
WARNING: [filemgmt 56-199] Attempt to get parsing info during refresh. "On-the-fly" syntax checking information may be incorrect. [/home/boib2/vivadoProjects/registerProj/project_1/project_1.srcs/sim_1/new/counter_if.sv:]
WARNING: [filemgmt 56-199] Attempt to get parsing info during refresh. "On-the-fly" syntax checking information may be incorrect. [/home/boib2/vivadoProjects/registerProj/project_1/project_1.srcs/sources_1/new/programCounter.v:]
WARNING: [filemgmt 56-199] Attempt to get parsing info during refresh. "On-the-fly" syntax checking information may be incorrect. [/home/boib2/vivadoProjects/registerProj/project_1/project_1.srcs/sim_1/new/src/scoreboard.svh:]
WARNING: [filemgmt 56-199] Attempt to get parsing info during refresh. "On-the-fly" syntax checking information may be incorrect. [/home/boib2/vivadoProjects/registerProj/project_1/project_1.srcs/sim_1/new/src/monitor.svh:]
WARNING: [filemgmt 56-199] Attempt to get parsing info during refresh. "On-the-fly" syntax checking information may be incorrect. [/home/boib2/vivadoProjects/registerProj/project_1/project_1.srcs/sim_1/new/tb_top.sv:]
WARNING: [filemgmt 56-199] Attempt to get parsing info during refresh. "On-the-fly" syntax checking information may be incorrect. [/home/boib2/vivadoProjects/registerProj/project_1/project_1.srcs/sim_1/new/src/driver.svh:]
WARNING: [filemgmt 56-199] Attempt to get parsing info during refresh. "On-the-fly" syntax checking information may be incorrect. [/home/boib2/vivadoProjects/registerProj/project_1/project_1.srcs/sim_1/new/src/transaction.svh:]
WARNING: [filemgmt 56-199] Attempt to get parsing info during refresh. "On-the-fly" syntax checking information may be incorrect. [/home/boib2/vivadoProjects/registerProj/project_1/project_1.srcs/sim_1/new/src/printer.svh:]
WARNING: [filemgmt 56-199] Attempt to get parsing info during refresh. "On-the-fly" syntax checking information may be incorrect. [/home/boib2/vivadoProjects/registerProj/project_1/project_1.srcs/sim_1/new/src/counter_test.svh:]
WARNING: [filemgmt 56-199] Attempt to get parsing info during refresh. "On-the-fly" syntax checking information may be incorrect. [/home/boib2/vivadoProjects/registerProj/project_1/project_1.srcs/sim_1/new/src/agent_with_interface.svh:]
WARNING: [filemgmt 56-199] Attempt to get parsing info during refresh. "On-the-fly" syntax checking information may be incorrect. [/home/boib2/vivadoProjects/registerProj/project_1/project_1.srcs/sim_1/new/src/quiet_test.svh:]
WARNING: [filemgmt 56-199] Attempt to get parsing info during refresh. "On-the-fly" syntax checking information may be incorrect. [/home/boib2/vivadoProjects/registerProj/project_1/project_1.srcs/sim_1/new/counter_pkg.sv:]
WARNING: [filemgmt 56-199] Attempt to get parsing info during refresh. "On-the-fly" syntax checking information may be incorrect. [/home/boib2/vivadoProjects/registerProj/project_1/project_1.srcs/sim_1/new/counter_pkg.sv:]
WARNING: [filemgmt 56-199] Attempt to get parsing info during refresh. "On-the-fly" syntax checking information may be incorrect. [/home/boib2/vivadoProjects/registerProj/project_1/project_1.srcs/sim_1/new/src/counter_env.svh:]
WARNING: [filemgmt 56-199] Attempt to get parsing info during refresh. "On-the-fly" syntax checking information may be incorrect. [/home/boib2/vivadoProjects/registerProj/project_1/project_1.srcs/sim_1/new/counter_pkg.sv:]
WARNING: [filemgmt 56-199] Attempt to get parsing info during refresh. "On-the-fly" syntax checking information may be incorrect. [/home/boib2/vivadoProjects/registerProj/project_1/project_1.srcs/sim_1/new/counter_if.sv:]
WARNING: [filemgmt 56-199] Attempt to get parsing info during refresh. "On-the-fly" syntax checking information may be incorrect. [/home/boib2/vivadoProjects/registerProj/project_1/project_1.srcs/sources_1/new/programCounter.v:]
WARNING: [filemgmt 56-199] Attempt to get parsing info during refresh. "On-the-fly" syntax checking information may be incorrect. [/home/boib2/vivadoProjects/registerProj/project_1/project_1.srcs/sim_1/new/src/scoreboard.svh:]
WARNING: [filemgmt 56-199] Attempt to get parsing info during refresh. "On-the-fly" syntax checking information may be incorrect. [/home/boib2/vivadoProjects/registerProj/project_1/project_1.srcs/sim_1/new/src/monitor.svh:]
WARNING: [filemgmt 56-199] Attempt to get parsing info during refresh. "On-the-fly" syntax checking information may be incorrect. [/home/boib2/vivadoProjects/registerProj/project_1/project_1.srcs/sim_1/new/tb_top.sv:]
WARNING: [filemgmt 56-199] Attempt to get parsing info during refresh. "On-the-fly" syntax checking information may be incorrect. [/home/boib2/vivadoProjects/registerProj/project_1/project_1.srcs/sim_1/new/src/driver.svh:]
WARNING: [filemgmt 56-199] Attempt to get parsing info during refresh. "On-the-fly" syntax checking information may be incorrect. [/home/boib2/vivadoProjects/registerProj/project_1/project_1.srcs/sim_1/new/src/transaction.svh:]
WARNING: [filemgmt 56-199] Attempt to get parsing info during refresh. "On-the-fly" syntax checking information may be incorrect. [/home/boib2/vivadoProjects/registerProj/project_1/project_1.srcs/sim_1/new/src/printer.svh:]
WARNING: [filemgmt 56-199] Attempt to get parsing info during refresh. "On-the-fly" syntax checking information may be incorrect. [/home/boib2/vivadoProjects/registerProj/project_1/project_1.srcs/sim_1/new/src/counter_test.svh:]
WARNING: [filemgmt 56-199] Attempt to get parsing info during refresh. "On-the-fly" syntax checking information may be incorrect. [/home/boib2/vivadoProjects/registerProj/project_1/project_1.srcs/sim_1/new/src/agent_with_interface.svh:]
WARNING: [filemgmt 56-199] Attempt to get parsing info during refresh. "On-the-fly" syntax checking information may be incorrect. [/home/boib2/vivadoProjects/registerProj/project_1/project_1.srcs/sim_1/new/src/quiet_test.svh:]
WARNING: [filemgmt 56-199] Attempt to get parsing info during refresh. "On-the-fly" syntax checking information may be incorrect. [/home/boib2/vivadoProjects/registerProj/project_1/project_1.srcs/sim_1/new/src/agent_with_interface.svh:]
WARNING: [filemgmt 56-199] Attempt to get parsing info during refresh. "On-the-fly" syntax checking information may be incorrect. [/home/boib2/vivadoProjects/registerProj/project_1/project_1.srcs/sim_1/new/src/agent_with_interface.svh:]
set uvm_path [file dirname [lindex [glob $::env(XILINX_VIVADO)/data/systemverilog/uvm_*/xsim/files/src/uvm_macros.svh] 0]]
no files matched glob pattern "/tools/Xilinx/2026.1/Vivado/data/systemverilog/uvm_*/xsim/files/src/uvm_macros.svh"
set uvm_dir [file dirname [lindex [exec find $::env(XILINX_VIVADO) -name uvm_macros.svh] 0]]
.
set_property include_dirs [list $uvm_dir /home/boib2/vivadoProjects/registerProj/project_1/project_1.srcs/sim_1/new /home/boib2/vivadoProjects/registerProj/project_1/project_1.srcs/sim_1/new/src] [get_filesets sim_1]
WARNING: [filemgmt 56-199] Attempt to get parsing info during refresh. "On-the-fly" syntax checking information may be incorrect. [/home/boib2/vivadoProjects/registerProj/project_1/project_1.srcs/sim_1/new/src/counter_env.svh:]
WARNING: [filemgmt 56-199] Attempt to get parsing info during refresh. "On-the-fly" syntax checking information may be incorrect. [/home/boib2/vivadoProjects/registerProj/project_1/project_1.srcs/sim_1/new/counter_pkg.sv:]
WARNING: [filemgmt 56-199] Attempt to get parsing info during refresh. "On-the-fly" syntax checking information may be incorrect. [/home/boib2/vivadoProjects/registerProj/project_1/project_1.srcs/sim_1/new/counter_if.sv:]
WARNING: [filemgmt 56-199] Attempt to get parsing info during refresh. "On-the-fly" syntax checking information may be incorrect. [/home/boib2/vivadoProjects/registerProj/project_1/project_1.srcs/sources_1/new/programCounter.v:]
WARNING: [filemgmt 56-199] Attempt to get parsing info during refresh. "On-the-fly" syntax checking information may be incorrect. [/home/boib2/vivadoProjects/registerProj/project_1/project_1.srcs/sim_1/new/src/scoreboard.svh:]
WARNING: [filemgmt 56-199] Attempt to get parsing info during refresh. "On-the-fly" syntax checking information may be incorrect. [/home/boib2/vivadoProjects/registerProj/project_1/project_1.srcs/sim_1/new/src/monitor.svh:]
WARNING: [filemgmt 56-199] Attempt to get parsing info during refresh. "On-the-fly" syntax checking information may be incorrect. [/home/boib2/vivadoProjects/registerProj/project_1/project_1.srcs/sim_1/new/tb_top.sv:]
WARNING: [filemgmt 56-199] Attempt to get parsing info during refresh. "On-the-fly" syntax checking information may be incorrect. [/home/boib2/vivadoProjects/registerProj/project_1/project_1.srcs/sim_1/new/src/driver.svh:]
WARNING: [filemgmt 56-199] Attempt to get parsing info during refresh. "On-the-fly" syntax checking information may be incorrect. [/home/boib2/vivadoProjects/registerProj/project_1/project_1.srcs/sim_1/new/src/transaction.svh:]
WARNING: [filemgmt 56-199] Attempt to get parsing info during refresh. "On-the-fly" syntax checking information may be incorrect. [/home/boib2/vivadoProjects/registerProj/project_1/project_1.srcs/sim_1/new/src/printer.svh:]
WARNING: [filemgmt 56-199] Attempt to get parsing info during refresh. "On-the-fly" syntax checking information may be incorrect. [/home/boib2/vivadoProjects/registerProj/project_1/project_1.srcs/sim_1/new/src/counter_test.svh:]
WARNING: [filemgmt 56-199] Attempt to get parsing info during refresh. "On-the-fly" syntax checking information may be incorrect. [/home/boib2/vivadoProjects/registerProj/project_1/project_1.srcs/sim_1/new/src/agent_with_interface.svh:]
WARNING: [filemgmt 56-199] Attempt to get parsing info during refresh. "On-the-fly" syntax checking information may be incorrect. [/home/boib2/vivadoProjects/registerProj/project_1/project_1.srcs/sim_1/new/src/quiet_test.svh:]
WARNING: [filemgmt 56-199] Attempt to get parsing info during refresh. "On-the-fly" syntax checking information may be incorrect. [/home/boib2/vivadoProjects/registerProj/project_1/project_1.srcs/sim_1/new/counter_if.sv:]
WARNING: [filemgmt 56-199] Attempt to get parsing info during refresh. "On-the-fly" syntax checking information may be incorrect. [/home/boib2/vivadoProjects/registerProj/project_1/project_1.srcs/sim_1/new/counter_if.sv:]
WARNING: [filemgmt 56-199] Attempt to get parsing info during refresh. "On-the-fly" syntax checking information may be incorrect. [/home/boib2/vivadoProjects/registerProj/project_1/project_1.srcs/sim_1/new/src/counter_env.svh:]
WARNING: [filemgmt 56-199] Attempt to get parsing info during refresh. "On-the-fly" syntax checking information may be incorrect. [/home/boib2/vivadoProjects/registerProj/project_1/project_1.srcs/sim_1/new/counter_pkg.sv:]
WARNING: [filemgmt 56-199] Attempt to get parsing info during refresh. "On-the-fly" syntax checking information may be incorrect. [/home/boib2/vivadoProjects/registerProj/project_1/project_1.srcs/sim_1/new/counter_if.sv:]
WARNING: [filemgmt 56-199] Attempt to get parsing info during refresh. "On-the-fly" syntax checking information may be incorrect. [/home/boib2/vivadoProjects/registerProj/project_1/project_1.srcs/sources_1/new/programCounter.v:]
WARNING: [filemgmt 56-199] Attempt to get parsing info during refresh. "On-the-fly" syntax checking information may be incorrect. [/home/boib2/vivadoProjects/registerProj/project_1/project_1.srcs/sim_1/new/src/scoreboard.svh:]
WARNING: [filemgmt 56-199] Attempt to get parsing info during refresh. "On-the-fly" syntax checking information may be incorrect. [/home/boib2/vivadoProjects/registerProj/project_1/project_1.srcs/sim_1/new/src/monitor.svh:]
WARNING: [filemgmt 56-199] Attempt to get parsing info during refresh. "On-the-fly" syntax checking information may be incorrect. [/home/boib2/vivadoProjects/registerProj/project_1/project_1.srcs/sim_1/new/tb_top.sv:]
WARNING: [filemgmt 56-199] Attempt to get parsing info during refresh. "On-the-fly" syntax checking information may be incorrect. [/home/boib2/vivadoProjects/registerProj/project_1/project_1.srcs/sim_1/new/src/driver.svh:]
WARNING: [filemgmt 56-199] Attempt to get parsing info during refresh. "On-the-fly" syntax checking information may be incorrect. [/home/boib2/vivadoProjects/registerProj/project_1/project_1.srcs/sim_1/new/src/transaction.svh:]
WARNING: [filemgmt 56-199] Attempt to get parsing info during refresh. "On-the-fly" syntax checking information may be incorrect. [/home/boib2/vivadoProjects/registerProj/project_1/project_1.srcs/sim_1/new/src/printer.svh:]
WARNING: [filemgmt 56-199] Attempt to get parsing info during refresh. "On-the-fly" syntax checking information may be incorrect. [/home/boib2/vivadoProjects/registerProj/project_1/project_1.srcs/sim_1/new/src/counter_test.svh:]
WARNING: [filemgmt 56-199] Attempt to get parsing info during refresh. "On-the-fly" syntax checking information may be incorrect. [/home/boib2/vivadoProjects/registerProj/project_1/project_1.srcs/sim_1/new/src/agent_with_interface.svh:]
WARNING: [filemgmt 56-199] Attempt to get parsing info during refresh. "On-the-fly" syntax checking information may be incorrect. [/home/boib2/vivadoProjects/registerProj/project_1/project_1.srcs/sim_1/new/src/quiet_test.svh:]
WARNING: [filemgmt 56-199] Attempt to get parsing info during refresh. "On-the-fly" syntax checking information may be incorrect. [/home/boib2/vivadoProjects/registerProj/project_1/project_1.srcs/sim_1/new/src/driver.svh:]
WARNING: [filemgmt 56-199] Attempt to get parsing info during refresh. "On-the-fly" syntax checking information may be incorrect. [/home/boib2/vivadoProjects/registerProj/project_1/project_1.srcs/sim_1/new/src/driver.svh:]
WARNING: [filemgmt 56-199] Attempt to get parsing info during refresh. "On-the-fly" syntax checking information may be incorrect. [/home/boib2/vivadoProjects/registerProj/project_1/project_1.srcs/sim_1/new/src/counter_env.svh:]
WARNING: [filemgmt 56-199] Attempt to get parsing info during refresh. "On-the-fly" syntax checking information may be incorrect. [/home/boib2/vivadoProjects/registerProj/project_1/project_1.srcs/sim_1/new/counter_pkg.sv:]
WARNING: [filemgmt 56-199] Attempt to get parsing info during refresh. "On-the-fly" syntax checking information may be incorrect. [/home/boib2/vivadoProjects/registerProj/project_1/project_1.srcs/sim_1/new/counter_if.sv:]
WARNING: [filemgmt 56-199] Attempt to get parsing info during refresh. "On-the-fly" syntax checking information may be incorrect. [/home/boib2/vivadoProjects/registerProj/project_1/project_1.srcs/sources_1/new/programCounter.v:]
WARNING: [filemgmt 56-199] Attempt to get parsing info during refresh. "On-the-fly" syntax checking information may be incorrect. [/home/boib2/vivadoProjects/registerProj/project_1/project_1.srcs/sim_1/new/src/scoreboard.svh:]
WARNING: [filemgmt 56-199] Attempt to get parsing info during refresh. "On-the-fly" syntax checking information may be incorrect. [/home/boib2/vivadoProjects/registerProj/project_1/project_1.srcs/sim_1/new/src/monitor.svh:]
WARNING: [filemgmt 56-199] Attempt to get parsing info during refresh. "On-the-fly" syntax checking information may be incorrect. [/home/boib2/vivadoProjects/registerProj/project_1/project_1.srcs/sim_1/new/tb_top.sv:]
WARNING: [filemgmt 56-199] Attempt to get parsing info during refresh. "On-the-fly" syntax checking information may be incorrect. [/home/boib2/vivadoProjects/registerProj/project_1/project_1.srcs/sim_1/new/src/driver.svh:]
WARNING: [filemgmt 56-199] Attempt to get parsing info during refresh. "On-the-fly" syntax checking information may be incorrect. [/home/boib2/vivadoProjects/registerProj/project_1/project_1.srcs/sim_1/new/src/transaction.svh:]
WARNING: [filemgmt 56-199] Attempt to get parsing info during refresh. "On-the-fly" syntax checking information may be incorrect. [/home/boib2/vivadoProjects/registerProj/project_1/project_1.srcs/sim_1/new/src/printer.svh:]
WARNING: [filemgmt 56-199] Attempt to get parsing info during refresh. "On-the-fly" syntax checking information may be incorrect. [/home/boib2/vivadoProjects/registerProj/project_1/project_1.srcs/sim_1/new/src/counter_test.svh:]
WARNING: [filemgmt 56-199] Attempt to get parsing info during refresh. "On-the-fly" syntax checking information may be incorrect. [/home/boib2/vivadoProjects/registerProj/project_1/project_1.srcs/sim_1/new/src/agent_with_interface.svh:]
WARNING: [filemgmt 56-199] Attempt to get parsing info during refresh. "On-the-fly" syntax checking information may be incorrect. [/home/boib2/vivadoProjects/registerProj/project_1/project_1.srcs/sim_1/new/src/quiet_test.svh:]
WARNING: [filemgmt 56-199] Attempt to get parsing info during refresh. "On-the-fly" syntax checking information may be incorrect. [/home/boib2/vivadoProjects/registerProj/project_1/project_1.srcs/sim_1/new/src/scoreboard.svh:]
WARNING: [filemgmt 56-199] Attempt to get parsing info during refresh. "On-the-fly" syntax checking information may be incorrect. [/home/boib2/vivadoProjects/registerProj/project_1/project_1.srcs/sim_1/new/src/scoreboard.svh:]
WARNING: [filemgmt 56-199] Attempt to get parsing info during refresh. "On-the-fly" syntax checking information may be incorrect. [/home/boib2/vivadoProjects/registerProj/project_1/project_1.srcs/sim_1/new/src/counter_env.svh:]
WARNING: [filemgmt 56-199] Attempt to get parsing info during refresh. "On-the-fly" syntax checking information may be incorrect. [/home/boib2/vivadoProjects/registerProj/project_1/project_1.srcs/sim_1/new/counter_pkg.sv:]
WARNING: [filemgmt 56-199] Attempt to get parsing info during refresh. "On-the-fly" syntax checking information may be incorrect. [/home/boib2/vivadoProjects/registerProj/project_1/project_1.srcs/sim_1/new/counter_if.sv:]
WARNING: [filemgmt 56-199] Attempt to get parsing info during refresh. "On-the-fly" syntax checking information may be incorrect. [/home/boib2/vivadoProjects/registerProj/project_1/project_1.srcs/sources_1/new/programCounter.v:]
WARNING: [filemgmt 56-199] Attempt to get parsing info during refresh. "On-the-fly" syntax checking information may be incorrect. [/home/boib2/vivadoProjects/registerProj/project_1/project_1.srcs/sim_1/new/src/scoreboard.svh:]
WARNING: [filemgmt 56-199] Attempt to get parsing info during refresh. "On-the-fly" syntax checking information may be incorrect. [/home/boib2/vivadoProjects/registerProj/project_1/project_1.srcs/sim_1/new/src/monitor.svh:]
WARNING: [filemgmt 56-199] Attempt to get parsing info during refresh. "On-the-fly" syntax checking information may be incorrect. [/home/boib2/vivadoProjects/registerProj/project_1/project_1.srcs/sim_1/new/tb_top.sv:]
WARNING: [filemgmt 56-199] Attempt to get parsing info during refresh. "On-the-fly" syntax checking information may be incorrect. [/home/boib2/vivadoProjects/registerProj/project_1/project_1.srcs/sim_1/new/src/driver.svh:]
WARNING: [filemgmt 56-199] Attempt to get parsing info during refresh. "On-the-fly" syntax checking information may be incorrect. [/home/boib2/vivadoProjects/registerProj/project_1/project_1.srcs/sim_1/new/src/transaction.svh:]
WARNING: [filemgmt 56-199] Attempt to get parsing info during refresh. "On-the-fly" syntax checking information may be incorrect. [/home/boib2/vivadoProjects/registerProj/project_1/project_1.srcs/sim_1/new/src/printer.svh:]
WARNING: [filemgmt 56-199] Attempt to get parsing info during refresh. "On-the-fly" syntax checking information may be incorrect. [/home/boib2/vivadoProjects/registerProj/project_1/project_1.srcs/sim_1/new/src/counter_test.svh:]
WARNING: [filemgmt 56-199] Attempt to get parsing info during refresh. "On-the-fly" syntax checking information may be incorrect. [/home/boib2/vivadoProjects/registerProj/project_1/project_1.srcs/sim_1/new/src/agent_with_interface.svh:]
WARNING: [filemgmt 56-199] Attempt to get parsing info during refresh. "On-the-fly" syntax checking information may be incorrect. [/home/boib2/vivadoProjects/registerProj/project_1/project_1.srcs/sim_1/new/src/quiet_test.svh:]
WARNING: [filemgmt 56-199] Attempt to get parsing info during refresh. "On-the-fly" syntax checking information may be incorrect. [/home/boib2/vivadoProjects/registerProj/project_1/project_1.srcs/sim_1/new/src/printer.svh:]
WARNING: [filemgmt 56-199] Attempt to get parsing info during refresh. "On-the-fly" syntax checking information may be incorrect. [/home/boib2/vivadoProjects/registerProj/project_1/project_1.srcs/sim_1/new/src/printer.svh:]
WARNING: [filemgmt 56-199] Attempt to get parsing info during refresh. "On-the-fly" syntax checking information may be incorrect. [/home/boib2/vivadoProjects/registerProj/project_1/project_1.srcs/sim_1/new/src/counter_env.svh:]
WARNING: [filemgmt 56-199] Attempt to get parsing info during refresh. "On-the-fly" syntax checking information may be incorrect. [/home/boib2/vivadoProjects/registerProj/project_1/project_1.srcs/sim_1/new/counter_pkg.sv:]
WARNING: [filemgmt 56-199] Attempt to get parsing info during refresh. "On-the-fly" syntax checking information may be incorrect. [/home/boib2/vivadoProjects/registerProj/project_1/project_1.srcs/sim_1/new/counter_if.sv:]
WARNING: [filemgmt 56-199] Attempt to get parsing info during refresh. "On-the-fly" syntax checking information may be incorrect. [/home/boib2/vivadoProjects/registerProj/project_1/project_1.srcs/sources_1/new/programCounter.v:]
WARNING: [filemgmt 56-199] Attempt to get parsing info during refresh. "On-the-fly" syntax checking information may be incorrect. [/home/boib2/vivadoProjects/registerProj/project_1/project_1.srcs/sim_1/new/src/scoreboard.svh:]
WARNING: [filemgmt 56-199] Attempt to get parsing info during refresh. "On-the-fly" syntax checking information may be incorrect. [/home/boib2/vivadoProjects/registerProj/project_1/project_1.srcs/sim_1/new/src/monitor.svh:]
WARNING: [filemgmt 56-199] Attempt to get parsing info during refresh. "On-the-fly" syntax checking information may be incorrect. [/home/boib2/vivadoProjects/registerProj/project_1/project_1.srcs/sim_1/new/tb_top.sv:]
WARNING: [filemgmt 56-199] Attempt to get parsing info during refresh. "On-the-fly" syntax checking information may be incorrect. [/home/boib2/vivadoProjects/registerProj/project_1/project_1.srcs/sim_1/new/src/driver.svh:]
WARNING: [filemgmt 56-199] Attempt to get parsing info during refresh. "On-the-fly" syntax checking information may be incorrect. [/home/boib2/vivadoProjects/registerProj/project_1/project_1.srcs/sim_1/new/src/transaction.svh:]
WARNING: [filemgmt 56-199] Attempt to get parsing info during refresh. "On-the-fly" syntax checking information may be incorrect. [/home/boib2/vivadoProjects/registerProj/project_1/project_1.srcs/sim_1/new/src/printer.svh:]
WARNING: [filemgmt 56-199] Attempt to get parsing info during refresh. "On-the-fly" syntax checking information may be incorrect. [/home/boib2/vivadoProjects/registerProj/project_1/project_1.srcs/sim_1/new/src/counter_test.svh:]
WARNING: [filemgmt 56-199] Attempt to get parsing info during refresh. "On-the-fly" syntax checking information may be incorrect. [/home/boib2/vivadoProjects/registerProj/project_1/project_1.srcs/sim_1/new/src/agent_with_interface.svh:]
WARNING: [filemgmt 56-199] Attempt to get parsing info during refresh. "On-the-fly" syntax checking information may be incorrect. [/home/boib2/vivadoProjects/registerProj/project_1/project_1.srcs/sim_1/new/src/quiet_test.svh:]
WARNING: [filemgmt 56-199] Attempt to get parsing info during refresh. "On-the-fly" syntax checking information may be incorrect. [/home/boib2/vivadoProjects/registerProj/project_1/project_1.srcs/sim_1/new/src/counter_env.svh:]
WARNING: [filemgmt 56-199] Attempt to get parsing info during refresh. "On-the-fly" syntax checking information may be incorrect. [/home/boib2/vivadoProjects/registerProj/project_1/project_1.srcs/sim_1/new/src/counter_env.svh:]
WARNING: [filemgmt 56-199] Attempt to get parsing info during refresh. "On-the-fly" syntax checking information may be incorrect. [/home/boib2/vivadoProjects/registerProj/project_1/project_1.srcs/sim_1/new/src/counter_env.svh:]
WARNING: [filemgmt 56-199] Attempt to get parsing info during refresh. "On-the-fly" syntax checking information may be incorrect. [/home/boib2/vivadoProjects/registerProj/project_1/project_1.srcs/sim_1/new/counter_pkg.sv:]
WARNING: [filemgmt 56-199] Attempt to get parsing info during refresh. "On-the-fly" syntax checking information may be incorrect. [/home/boib2/vivadoProjects/registerProj/project_1/project_1.srcs/sim_1/new/counter_if.sv:]
WARNING: [filemgmt 56-199] Attempt to get parsing info during refresh. "On-the-fly" syntax checking information may be incorrect. [/home/boib2/vivadoProjects/registerProj/project_1/project_1.srcs/sources_1/new/programCounter.v:]
WARNING: [filemgmt 56-199] Attempt to get parsing info during refresh. "On-the-fly" syntax checking information may be incorrect. [/home/boib2/vivadoProjects/registerProj/project_1/project_1.srcs/sim_1/new/src/scoreboard.svh:]
WARNING: [filemgmt 56-199] Attempt to get parsing info during refresh. "On-the-fly" syntax checking information may be incorrect. [/home/boib2/vivadoProjects/registerProj/project_1/project_1.srcs/sim_1/new/src/monitor.svh:]
WARNING: [filemgmt 56-199] Attempt to get parsing info during refresh. "On-the-fly" syntax checking information may be incorrect. [/home/boib2/vivadoProjects/registerProj/project_1/project_1.srcs/sim_1/new/tb_top.sv:]
WARNING: [filemgmt 56-199] Attempt to get parsing info during refresh. "On-the-fly" syntax checking information may be incorrect. [/home/boib2/vivadoProjects/registerProj/project_1/project_1.srcs/sim_1/new/src/driver.svh:]
WARNING: [filemgmt 56-199] Attempt to get parsing info during refresh. "On-the-fly" syntax checking information may be incorrect. [/home/boib2/vivadoProjects/registerProj/project_1/project_1.srcs/sim_1/new/src/transaction.svh:]
WARNING: [filemgmt 56-199] Attempt to get parsing info during refresh. "On-the-fly" syntax checking information may be incorrect. [/home/boib2/vivadoProjects/registerProj/project_1/project_1.srcs/sim_1/new/src/printer.svh:]
WARNING: [filemgmt 56-199] Attempt to get parsing info during refresh. "On-the-fly" syntax checking information may be incorrect. [/home/boib2/vivadoProjects/registerProj/project_1/project_1.srcs/sim_1/new/src/counter_test.svh:]
WARNING: [filemgmt 56-199] Attempt to get parsing info during refresh. "On-the-fly" syntax checking information may be incorrect. [/home/boib2/vivadoProjects/registerProj/project_1/project_1.srcs/sim_1/new/src/agent_with_interface.svh:]
WARNING: [filemgmt 56-199] Attempt to get parsing info during refresh. "On-the-fly" syntax checking information may be incorrect. [/home/boib2/vivadoProjects/registerProj/project_1/project_1.srcs/sim_1/new/src/quiet_test.svh:]
WARNING: [filemgmt 56-199] Attempt to get parsing info during refresh. "On-the-fly" syntax checking information may be incorrect. [/home/boib2/vivadoProjects/registerProj/project_1/project_1.srcs/sim_1/new/src/counter_test.svh:]
WARNING: [filemgmt 56-199] Attempt to get parsing info during refresh. "On-the-fly" syntax checking information may be incorrect. [/home/boib2/vivadoProjects/registerProj/project_1/project_1.srcs/sim_1/new/src/counter_test.svh:]
WARNING: [filemgmt 56-199] Attempt to get parsing info during refresh. "On-the-fly" syntax checking information may be incorrect. [/home/boib2/vivadoProjects/registerProj/project_1/project_1.srcs/sim_1/new/src/counter_env.svh:]
WARNING: [filemgmt 56-199] Attempt to get parsing info during refresh. "On-the-fly" syntax checking information may be incorrect. [/home/boib2/vivadoProjects/registerProj/project_1/project_1.srcs/sim_1/new/counter_pkg.sv:]
WARNING: [filemgmt 56-199] Attempt to get parsing info during refresh. "On-the-fly" syntax checking information may be incorrect. [/home/boib2/vivadoProjects/registerProj/project_1/project_1.srcs/sim_1/new/counter_if.sv:]
WARNING: [filemgmt 56-199] Attempt to get parsing info during refresh. "On-the-fly" syntax checking information may be incorrect. [/home/boib2/vivadoProjects/registerProj/project_1/project_1.srcs/sources_1/new/programCounter.v:]
WARNING: [filemgmt 56-199] Attempt to get parsing info during refresh. "On-the-fly" syntax checking information may be incorrect. [/home/boib2/vivadoProjects/registerProj/project_1/project_1.srcs/sim_1/new/src/scoreboard.svh:]
WARNING: [filemgmt 56-199] Attempt to get parsing info during refresh. "On-the-fly" syntax checking information may be incorrect. [/home/boib2/vivadoProjects/registerProj/project_1/project_1.srcs/sim_1/new/src/monitor.svh:]
WARNING: [filemgmt 56-199] Attempt to get parsing info during refresh. "On-the-fly" syntax checking information may be incorrect. [/home/boib2/vivadoProjects/registerProj/project_1/project_1.srcs/sim_1/new/tb_top.sv:]
WARNING: [filemgmt 56-199] Attempt to get parsing info during refresh. "On-the-fly" syntax checking information may be incorrect. [/home/boib2/vivadoProjects/registerProj/project_1/project_1.srcs/sim_1/new/src/driver.svh:]
WARNING: [filemgmt 56-199] Attempt to get parsing info during refresh. "On-the-fly" syntax checking information may be incorrect. [/home/boib2/vivadoProjects/registerProj/project_1/project_1.srcs/sim_1/new/src/transaction.svh:]
WARNING: [filemgmt 56-199] Attempt to get parsing info during refresh. "On-the-fly" syntax checking information may be incorrect. [/home/boib2/vivadoProjects/registerProj/project_1/project_1.srcs/sim_1/new/src/printer.svh:]
INFO: [Common 17-14] Message 'filemgmt 56-199' appears 100 times and further instances of the messages will be disabled. Use the Tcl command set_msg_config to change the current settings.
reset_run synth_1
launch_runs synth_1 -jobs 16
[Sat Aug 15 15:22:09 2026] Launched synth_1...
Run output will be captured here: /home/boib2/vivadoProjects/registerProj/project_1/project_1.runs/synth_1/runme.log
set_property include_dirs {/home/boib2/vivadoProjects/registerProj/project_1/project_1.srcs /home/boib2/vivadoProjects/registerProj/project_1/project_1.srcs/sim_1/new /home/boib2/vivadoProjects/registerProj/project_1/project_1.srcs/sim_1/new/src /tools/Xilinx/2026.1/data/system_verilog/uvm_1.2} [get_filesets sim_1]
WARNING: [filemgmt 56-199] Attempt to get parsing info during refresh. "On-the-fly" syntax checking information may be incorrect. [/home/boib2/vivadoProjects/registerProj/project_1/project_1.srcs/sim_1/new/src/counter_env.svh:]
WARNING: [filemgmt 56-199] Attempt to get parsing info during refresh. "On-the-fly" syntax checking information may be incorrect. [/home/boib2/vivadoProjects/registerProj/project_1/project_1.srcs/sim_1/new/counter_pkg.sv:]
WARNING: [filemgmt 56-199] Attempt to get parsing info during refresh. "On-the-fly" syntax checking information may be incorrect. [/home/boib2/vivadoProjects/registerProj/project_1/project_1.srcs/sim_1/new/counter_if.sv:]
WARNING: [filemgmt 56-199] Attempt to get parsing info during refresh. "On-the-fly" syntax checking information may be incorrect. [/home/boib2/vivadoProjects/registerProj/project_1/project_1.srcs/sources_1/new/programCounter.v:]
WARNING: [filemgmt 56-199] Attempt to get parsing info during refresh. "On-the-fly" syntax checking information may be incorrect. [/home/boib2/vivadoProjects/registerProj/project_1/project_1.srcs/sim_1/new/src/scoreboard.svh:]
WARNING: [filemgmt 56-199] Attempt to get parsing info during refresh. "On-the-fly" syntax checking information may be incorrect. [/home/boib2/vivadoProjects/registerProj/project_1/project_1.srcs/sim_1/new/src/monitor.svh:]
WARNING: [filemgmt 56-199] Attempt to get parsing info during refresh. "On-the-fly" syntax checking information may be incorrect. [/home/boib2/vivadoProjects/registerProj/project_1/project_1.srcs/sim_1/new/tb_top.sv:]
WARNING: [filemgmt 56-199] Attempt to get parsing info during refresh. "On-the-fly" syntax checking information may be incorrect. [/home/boib2/vivadoProjects/registerProj/project_1/project_1.srcs/sim_1/new/src/driver.svh:]
WARNING: [filemgmt 56-199] Attempt to get parsing info during refresh. "On-the-fly" syntax checking information may be incorrect. [/home/boib2/vivadoProjects/registerProj/project_1/project_1.srcs/sim_1/new/src/transaction.svh:]
WARNING: [filemgmt 56-199] Attempt to get parsing info during refresh. "On-the-fly" syntax checking information may be incorrect. [/home/boib2/vivadoProjects/registerProj/project_1/project_1.srcs/sim_1/new/src/printer.svh:]
WARNING: [filemgmt 56-199] Attempt to get parsing info during refresh. "On-the-fly" syntax checking information may be incorrect. [/home/boib2/vivadoProjects/registerProj/project_1/project_1.srcs/sim_1/new/src/counter_test.svh:]
WARNING: [filemgmt 56-199] Attempt to get parsing info during refresh. "On-the-fly" syntax checking information may be incorrect. [/home/boib2/vivadoProjects/registerProj/project_1/project_1.srcs/sim_1/new/src/agent_with_interface.svh:]
WARNING: [filemgmt 56-199] Attempt to get parsing info during refresh. "On-the-fly" syntax checking information may be incorrect. [/home/boib2/vivadoProjects/registerProj/project_1/project_1.srcs/sim_1/new/src/quiet_test.svh:]
WARNING: [filemgmt 56-199] Attempt to get parsing info during refresh. "On-the-fly" syntax checking information may be incorrect. [/home/boib2/vivadoProjects/registerProj/project_1/project_1.srcs/sim_1/new/counter_if.sv:]
WARNING: [filemgmt 56-199] Attempt to get parsing info during refresh. "On-the-fly" syntax checking information may be incorrect. [/home/boib2/vivadoProjects/registerProj/project_1/project_1.srcs/sim_1/new/counter_if.sv:]
WARNING: [filemgmt 56-199] Attempt to get parsing info during refresh. "On-the-fly" syntax checking information may be incorrect. [/home/boib2/vivadoProjects/registerProj/project_1/project_1.srcs/sim_1/new/src/counter_env.svh:]
WARNING: [filemgmt 56-199] Attempt to get parsing info during refresh. "On-the-fly" syntax checking information may be incorrect. [/home/boib2/vivadoProjects/registerProj/project_1/project_1.srcs/sim_1/new/counter_pkg.sv:]
WARNING: [filemgmt 56-199] Attempt to get parsing info during refresh. "On-the-fly" syntax checking information may be incorrect. [/home/boib2/vivadoProjects/registerProj/project_1/project_1.srcs/sim_1/new/counter_if.sv:]
WARNING: [filemgmt 56-199] Attempt to get parsing info during refresh. "On-the-fly" syntax checking information may be incorrect. [/home/boib2/vivadoProjects/registerProj/project_1/project_1.srcs/sources_1/new/programCounter.v:]
WARNING: [filemgmt 56-199] Attempt to get parsing info during refresh. "On-the-fly" syntax checking information may be incorrect. [/home/boib2/vivadoProjects/registerProj/project_1/project_1.srcs/sim_1/new/src/scoreboard.svh:]
WARNING: [filemgmt 56-199] Attempt to get parsing info during refresh. "On-the-fly" syntax checking information may be incorrect. [/home/boib2/vivadoProjects/registerProj/project_1/project_1.srcs/sim_1/new/src/monitor.svh:]
WARNING: [filemgmt 56-199] Attempt to get parsing info during refresh. "On-the-fly" syntax checking information may be incorrect. [/home/boib2/vivadoProjects/registerProj/project_1/project_1.srcs/sim_1/new/tb_top.sv:]
WARNING: [filemgmt 56-199] Attempt to get parsing info during refresh. "On-the-fly" syntax checking information may be incorrect. [/home/boib2/vivadoProjects/registerProj/project_1/project_1.srcs/sim_1/new/src/driver.svh:]
WARNING: [filemgmt 56-199] Attempt to get parsing info during refresh. "On-the-fly" syntax checking information may be incorrect. [/home/boib2/vivadoProjects/registerProj/project_1/project_1.srcs/sim_1/new/src/transaction.svh:]
WARNING: [filemgmt 56-199] Attempt to get parsing info during refresh. "On-the-fly" syntax checking information may be incorrect. [/home/boib2/vivadoProjects/registerProj/project_1/project_1.srcs/sim_1/new/src/printer.svh:]
WARNING: [filemgmt 56-199] Attempt to get parsing info during refresh. "On-the-fly" syntax checking information may be incorrect. [/home/boib2/vivadoProjects/registerProj/project_1/project_1.srcs/sim_1/new/src/counter_test.svh:]
WARNING: [filemgmt 56-199] Attempt to get parsing info during refresh. "On-the-fly" syntax checking information may be incorrect. [/home/boib2/vivadoProjects/registerProj/project_1/project_1.srcs/sim_1/new/src/agent_with_interface.svh:]
WARNING: [filemgmt 56-199] Attempt to get parsing info during refresh. "On-the-fly" syntax checking information may be incorrect. [/home/boib2/vivadoProjects/registerProj/project_1/project_1.srcs/sim_1/new/src/quiet_test.svh:]
WARNING: [filemgmt 56-199] Attempt to get parsing info during refresh. "On-the-fly" syntax checking information may be incorrect. [/home/boib2/vivadoProjects/registerProj/project_1/project_1.srcs/sim_1/new/src/driver.svh:]
WARNING: [filemgmt 56-199] Attempt to get parsing info during refresh. "On-the-fly" syntax checking information may be incorrect. [/home/boib2/vivadoProjects/registerProj/project_1/project_1.srcs/sim_1/new/src/driver.svh:]
WARNING: [filemgmt 56-199] Attempt to get parsing info during refresh. "On-the-fly" syntax checking information may be incorrect. [/home/boib2/vivadoProjects/registerProj/project_1/project_1.srcs/sim_1/new/src/counter_env.svh:]
WARNING: [filemgmt 56-199] Attempt to get parsing info during refresh. "On-the-fly" syntax checking information may be incorrect. [/home/boib2/vivadoProjects/registerProj/project_1/project_1.srcs/sim_1/new/counter_pkg.sv:]
WARNING: [filemgmt 56-199] Attempt to get parsing info during refresh. "On-the-fly" syntax checking information may be incorrect. [/home/boib2/vivadoProjects/registerProj/project_1/project_1.srcs/sim_1/new/counter_if.sv:]
WARNING: [filemgmt 56-199] Attempt to get parsing info during refresh. "On-the-fly" syntax checking information may be incorrect. [/home/boib2/vivadoProjects/registerProj/project_1/project_1.srcs/sources_1/new/programCounter.v:]
WARNING: [filemgmt 56-199] Attempt to get parsing info during refresh. "On-the-fly" syntax checking information may be incorrect. [/home/boib2/vivadoProjects/registerProj/project_1/project_1.srcs/sim_1/new/src/scoreboard.svh:]
WARNING: [filemgmt 56-199] Attempt to get parsing info during refresh. "On-the-fly" syntax checking information may be incorrect. [/home/boib2/vivadoProjects/registerProj/project_1/project_1.srcs/sim_1/new/src/monitor.svh:]
WARNING: [filemgmt 56-199] Attempt to get parsing info during refresh. "On-the-fly" syntax checking information may be incorrect. [/home/boib2/vivadoProjects/registerProj/project_1/project_1.srcs/sim_1/new/tb_top.sv:]
WARNING: [filemgmt 56-199] Attempt to get parsing info during refresh. "On-the-fly" syntax checking information may be incorrect. [/home/boib2/vivadoProjects/registerProj/project_1/project_1.srcs/sim_1/new/src/driver.svh:]
WARNING: [filemgmt 56-199] Attempt to get parsing info during refresh. "On-the-fly" syntax checking information may be incorrect. [/home/boib2/vivadoProjects/registerProj/project_1/project_1.srcs/sim_1/new/src/transaction.svh:]
WARNING: [filemgmt 56-199] Attempt to get parsing info during refresh. "On-the-fly" syntax checking information may be incorrect. [/home/boib2/vivadoProjects/registerProj/project_1/project_1.srcs/sim_1/new/src/printer.svh:]
WARNING: [filemgmt 56-199] Attempt to get parsing info during refresh. "On-the-fly" syntax checking information may be incorrect. [/home/boib2/vivadoProjects/registerProj/project_1/project_1.srcs/sim_1/new/src/counter_test.svh:]
WARNING: [filemgmt 56-199] Attempt to get parsing info during refresh. "On-the-fly" syntax checking information may be incorrect. [/home/boib2/vivadoProjects/registerProj/project_1/project_1.srcs/sim_1/new/src/agent_with_interface.svh:]
WARNING: [filemgmt 56-199] Attempt to get parsing info during refresh. "On-the-fly" syntax checking information may be incorrect. [/home/boib2/vivadoProjects/registerProj/project_1/project_1.srcs/sim_1/new/src/quiet_test.svh:]
WARNING: [filemgmt 56-199] Attempt to get parsing info during refresh. "On-the-fly" syntax checking information may be incorrect. [/home/boib2/vivadoProjects/registerProj/project_1/project_1.srcs/sim_1/new/src/printer.svh:]
WARNING: [filemgmt 56-199] Attempt to get parsing info during refresh. "On-the-fly" syntax checking information may be incorrect. [/home/boib2/vivadoProjects/registerProj/project_1/project_1.srcs/sim_1/new/src/printer.svh:]
WARNING: [filemgmt 56-199] Attempt to get parsing info during refresh. "On-the-fly" syntax checking information may be incorrect. [/home/boib2/vivadoProjects/registerProj/project_1/project_1.srcs/sim_1/new/src/counter_env.svh:]
WARNING: [filemgmt 56-199] Attempt to get parsing info during refresh. "On-the-fly" syntax checking information may be incorrect. [/home/boib2/vivadoProjects/registerProj/project_1/project_1.srcs/sim_1/new/counter_pkg.sv:]
WARNING: [filemgmt 56-199] Attempt to get parsing info during refresh. "On-the-fly" syntax checking information may be incorrect. [/home/boib2/vivadoProjects/registerProj/project_1/project_1.srcs/sim_1/new/counter_if.sv:]
WARNING: [filemgmt 56-199] Attempt to get parsing info during refresh. "On-the-fly" syntax checking information may be incorrect. [/home/boib2/vivadoProjects/registerProj/project_1/project_1.srcs/sources_1/new/programCounter.v:]
WARNING: [filemgmt 56-199] Attempt to get parsing info during refresh. "On-the-fly" syntax checking information may be incorrect. [/home/boib2/vivadoProjects/registerProj/project_1/project_1.srcs/sim_1/new/src/scoreboard.svh:]
WARNING: [filemgmt 56-199] Attempt to get parsing info during refresh. "On-the-fly" syntax checking information may be incorrect. [/home/boib2/vivadoProjects/registerProj/project_1/project_1.srcs/sim_1/new/src/monitor.svh:]
WARNING: [filemgmt 56-199] Attempt to get parsing info during refresh. "On-the-fly" syntax checking information may be incorrect. [/home/boib2/vivadoProjects/registerProj/project_1/project_1.srcs/sim_1/new/tb_top.sv:]
WARNING: [filemgmt 56-199] Attempt to get parsing info during refresh. "On-the-fly" syntax checking information may be incorrect. [/home/boib2/vivadoProjects/registerProj/project_1/project_1.srcs/sim_1/new/src/driver.svh:]
WARNING: [filemgmt 56-199] Attempt to get parsing info during refresh. "On-the-fly" syntax checking information may be incorrect. [/home/boib2/vivadoProjects/registerProj/project_1/project_1.srcs/sim_1/new/src/transaction.svh:]
WARNING: [filemgmt 56-199] Attempt to get parsing info during refresh. "On-the-fly" syntax checking information may be incorrect. [/home/boib2/vivadoProjects/registerProj/project_1/project_1.srcs/sim_1/new/src/printer.svh:]
WARNING: [filemgmt 56-199] Attempt to get parsing info during refresh. "On-the-fly" syntax checking information may be incorrect. [/home/boib2/vivadoProjects/registerProj/project_1/project_1.srcs/sim_1/new/src/counter_test.svh:]
WARNING: [filemgmt 56-199] Attempt to get parsing info during refresh. "On-the-fly" syntax checking information may be incorrect. [/home/boib2/vivadoProjects/registerProj/project_1/project_1.srcs/sim_1/new/src/agent_with_interface.svh:]
WARNING: [filemgmt 56-199] Attempt to get parsing info during refresh. "On-the-fly" syntax checking information may be incorrect. [/home/boib2/vivadoProjects/registerProj/project_1/project_1.srcs/sim_1/new/src/quiet_test.svh:]
WARNING: [filemgmt 56-199] Attempt to get parsing info during refresh. "On-the-fly" syntax checking information may be incorrect. [/home/boib2/vivadoProjects/registerProj/project_1/project_1.srcs/sources_1/new/programCounter.v:]
WARNING: [filemgmt 56-199] Attempt to get parsing info during refresh. "On-the-fly" syntax checking information may be incorrect. [/home/boib2/vivadoProjects/registerProj/project_1/project_1.srcs/sources_1/new/programCounter.v:]
WARNING: [filemgmt 56-199] Attempt to get parsing info during refresh. "On-the-fly" syntax checking information may be incorrect. [/home/boib2/vivadoProjects/registerProj/project_1/project_1.srcs/sim_1/new/src/counter_env.svh:]
WARNING: [filemgmt 56-199] Attempt to get parsing info during refresh. "On-the-fly" syntax checking information may be incorrect. [/home/boib2/vivadoProjects/registerProj/project_1/project_1.srcs/sim_1/new/counter_pkg.sv:]
WARNING: [filemgmt 56-199] Attempt to get parsing info during refresh. "On-the-fly" syntax checking information may be incorrect. [/home/boib2/vivadoProjects/registerProj/project_1/project_1.srcs/sim_1/new/counter_if.sv:]
WARNING: [filemgmt 56-199] Attempt to get parsing info during refresh. "On-the-fly" syntax checking information may be incorrect. [/home/boib2/vivadoProjects/registerProj/project_1/project_1.srcs/sources_1/new/programCounter.v:]
WARNING: [filemgmt 56-199] Attempt to get parsing info during refresh. "On-the-fly" syntax checking information may be incorrect. [/home/boib2/vivadoProjects/registerProj/project_1/project_1.srcs/sim_1/new/src/scoreboard.svh:]
WARNING: [filemgmt 56-199] Attempt to get parsing info during refresh. "On-the-fly" syntax checking information may be incorrect. [/home/boib2/vivadoProjects/registerProj/project_1/project_1.srcs/sim_1/new/src/monitor.svh:]
WARNING: [filemgmt 56-199] Attempt to get parsing info during refresh. "On-the-fly" syntax checking information may be incorrect. [/home/boib2/vivadoProjects/registerProj/project_1/project_1.srcs/sim_1/new/tb_top.sv:]
WARNING: [filemgmt 56-199] Attempt to get parsing info during refresh. "On-the-fly" syntax checking information may be incorrect. [/home/boib2/vivadoProjects/registerProj/project_1/project_1.srcs/sim_1/new/src/driver.svh:]
WARNING: [filemgmt 56-199] Attempt to get parsing info during refresh. "On-the-fly" syntax checking information may be incorrect. [/home/boib2/vivadoProjects/registerProj/project_1/project_1.srcs/sim_1/new/src/transaction.svh:]
WARNING: [filemgmt 56-199] Attempt to get parsing info during refresh. "On-the-fly" syntax checking information may be incorrect. [/home/boib2/vivadoProjects/registerProj/project_1/project_1.srcs/sim_1/new/src/printer.svh:]
WARNING: [filemgmt 56-199] Attempt to get parsing info during refresh. "On-the-fly" syntax checking information may be incorrect. [/home/boib2/vivadoProjects/registerProj/project_1/project_1.srcs/sim_1/new/src/counter_test.svh:]
WARNING: [filemgmt 56-199] Attempt to get parsing info during refresh. "On-the-fly" syntax checking information may be incorrect. [/home/boib2/vivadoProjects/registerProj/project_1/project_1.srcs/sim_1/new/src/agent_with_interface.svh:]
WARNING: [filemgmt 56-199] Attempt to get parsing info during refresh. "On-the-fly" syntax checking information may be incorrect. [/home/boib2/vivadoProjects/registerProj/project_1/project_1.srcs/sim_1/new/src/quiet_test.svh:]
WARNING: [filemgmt 56-199] Attempt to get parsing info during refresh. "On-the-fly" syntax checking information may be incorrect. [/home/boib2/vivadoProjects/registerProj/project_1/project_1.srcs/sim_1/new/tb_top.sv:]
WARNING: [filemgmt 56-199] Attempt to get parsing info during refresh. "On-the-fly" syntax checking information may be incorrect. [/home/boib2/vivadoProjects/registerProj/project_1/project_1.srcs/sim_1/new/tb_top.sv:]
WARNING: [filemgmt 56-199] Attempt to get parsing info during refresh. "On-the-fly" syntax checking information may be incorrect. [/home/boib2/vivadoProjects/registerProj/project_1/project_1.srcs/sim_1/new/src/counter_env.svh:]
WARNING: [filemgmt 56-199] Attempt to get parsing info during refresh. "On-the-fly" syntax checking information may be incorrect. [/home/boib2/vivadoProjects/registerProj/project_1/project_1.srcs/sim_1/new/counter_pkg.sv:]
WARNING: [filemgmt 56-199] Attempt to get parsing info during refresh. "On-the-fly" syntax checking information may be incorrect. [/home/boib2/vivadoProjects/registerProj/project_1/project_1.srcs/sim_1/new/counter_if.sv:]
WARNING: [filemgmt 56-199] Attempt to get parsing info during refresh. "On-the-fly" syntax checking information may be incorrect. [/home/boib2/vivadoProjects/registerProj/project_1/project_1.srcs/sources_1/new/programCounter.v:]
WARNING: [filemgmt 56-199] Attempt to get parsing info during refresh. "On-the-fly" syntax checking information may be incorrect. [/home/boib2/vivadoProjects/registerProj/project_1/project_1.srcs/sim_1/new/src/scoreboard.svh:]
WARNING: [filemgmt 56-199] Attempt to get parsing info during refresh. "On-the-fly" syntax checking information may be incorrect. [/home/boib2/vivadoProjects/registerProj/project_1/project_1.srcs/sim_1/new/src/monitor.svh:]
WARNING: [filemgmt 56-199] Attempt to get parsing info during refresh. "On-the-fly" syntax checking information may be incorrect. [/home/boib2/vivadoProjects/registerProj/project_1/project_1.srcs/sim_1/new/tb_top.sv:]
WARNING: [filemgmt 56-199] Attempt to get parsing info during refresh. "On-the-fly" syntax checking information may be incorrect. [/home/boib2/vivadoProjects/registerProj/project_1/project_1.srcs/sim_1/new/src/driver.svh:]
WARNING: [filemgmt 56-199] Attempt to get parsing info during refresh. "On-the-fly" syntax checking information may be incorrect. [/home/boib2/vivadoProjects/registerProj/project_1/project_1.srcs/sim_1/new/src/transaction.svh:]
WARNING: [filemgmt 56-199] Attempt to get parsing info during refresh. "On-the-fly" syntax checking information may be incorrect. [/home/boib2/vivadoProjects/registerProj/project_1/project_1.srcs/sim_1/new/src/printer.svh:]
WARNING: [filemgmt 56-199] Attempt to get parsing info during refresh. "On-the-fly" syntax checking information may be incorrect. [/home/boib2/vivadoProjects/registerProj/project_1/project_1.srcs/sim_1/new/src/counter_test.svh:]
WARNING: [filemgmt 56-199] Attempt to get parsing info during refresh. "On-the-fly" syntax checking information may be incorrect. [/home/boib2/vivadoProjects/registerProj/project_1/project_1.srcs/sim_1/new/src/agent_with_interface.svh:]
WARNING: [filemgmt 56-199] Attempt to get parsing info during refresh. "On-the-fly" syntax checking information may be incorrect. [/home/boib2/vivadoProjects/registerProj/project_1/project_1.srcs/sim_1/new/src/quiet_test.svh:]
WARNING: [filemgmt 56-199] Attempt to get parsing info during refresh. "On-the-fly" syntax checking information may be incorrect. [/home/boib2/vivadoProjects/registerProj/project_1/project_1.srcs/sim_1/new/src/quiet_test.svh:]
WARNING: [filemgmt 56-199] Attempt to get parsing info during refresh. "On-the-fly" syntax checking information may be incorrect. [/home/boib2/vivadoProjects/registerProj/project_1/project_1.srcs/sim_1/new/src/quiet_test.svh:]
WARNING: [filemgmt 56-199] Attempt to get parsing info during refresh. "On-the-fly" syntax checking information may be incorrect. [/home/boib2/vivadoProjects/registerProj/project_1/project_1.srcs/sim_1/new/src/counter_env.svh:]
WARNING: [filemgmt 56-199] Attempt to get parsing info during refresh. "On-the-fly" syntax checking information may be incorrect. [/home/boib2/vivadoProjects/registerProj/project_1/project_1.srcs/sim_1/new/counter_pkg.sv:]
WARNING: [filemgmt 56-199] Attempt to get parsing info during refresh. "On-the-fly" syntax checking information may be incorrect. [/home/boib2/vivadoProjects/registerProj/project_1/project_1.srcs/sim_1/new/counter_if.sv:]
WARNING: [filemgmt 56-199] Attempt to get parsing info during refresh. "On-the-fly" syntax checking information may be incorrect. [/home/boib2/vivadoProjects/registerProj/project_1/project_1.srcs/sources_1/new/programCounter.v:]
WARNING: [filemgmt 56-199] Attempt to get parsing info during refresh. "On-the-fly" syntax checking information may be incorrect. [/home/boib2/vivadoProjects/registerProj/project_1/project_1.srcs/sim_1/new/src/scoreboard.svh:]
WARNING: [filemgmt 56-199] Attempt to get parsing info during refresh. "On-the-fly" syntax checking information may be incorrect. [/home/boib2/vivadoProjects/registerProj/project_1/project_1.srcs/sim_1/new/src/monitor.svh:]
WARNING: [filemgmt 56-199] Attempt to get parsing info during refresh. "On-the-fly" syntax checking information may be incorrect. [/home/boib2/vivadoProjects/registerProj/project_1/project_1.srcs/sim_1/new/tb_top.sv:]
WARNING: [filemgmt 56-199] Attempt to get parsing info during refresh. "On-the-fly" syntax checking information may be incorrect. [/home/boib2/vivadoProjects/registerProj/project_1/project_1.srcs/sim_1/new/src/driver.svh:]
WARNING: [filemgmt 56-199] Attempt to get parsing info during refresh. "On-the-fly" syntax checking information may be incorrect. [/home/boib2/vivadoProjects/registerProj/project_1/project_1.srcs/sim_1/new/src/transaction.svh:]
WARNING: [filemgmt 56-199] Attempt to get parsing info during refresh. "On-the-fly" syntax checking information may be incorrect. [/home/boib2/vivadoProjects/registerProj/project_1/project_1.srcs/sim_1/new/src/printer.svh:]
INFO: [Common 17-14] Message 'filemgmt 56-199' appears 100 times and further instances of the messages will be disabled. Use the Tcl command set_msg_config to change the current settings.
WARNING: [filemgmt 56-199] Attempt to get parsing info during refresh. "On-the-fly" syntax checking information may be incorrect. [/home/boib2/vivadoProjects/registerProj/project_1/project_1.srcs/sim_1/new/src/counter_env.svh:]
WARNING: [filemgmt 56-199] Attempt to get parsing info during refresh. "On-the-fly" syntax checking information may be incorrect. [/home/boib2/vivadoProjects/registerProj/project_1/project_1.srcs/sim_1/new/counter_pkg.sv:]
WARNING: [filemgmt 56-199] Attempt to get parsing info during refresh. "On-the-fly" syntax checking information may be incorrect. [/home/boib2/vivadoProjects/registerProj/project_1/project_1.srcs/sim_1/new/counter_if.sv:]
WARNING: [filemgmt 56-199] Attempt to get parsing info during refresh. "On-the-fly" syntax checking information may be incorrect. [/home/boib2/vivadoProjects/registerProj/project_1/project_1.srcs/sources_1/new/programCounter.v:]
WARNING: [filemgmt 56-199] Attempt to get parsing info during refresh. "On-the-fly" syntax checking information may be incorrect. [/home/boib2/vivadoProjects/registerProj/project_1/project_1.srcs/sim_1/new/src/scoreboard.svh:]
WARNING: [filemgmt 56-199] Attempt to get parsing info during refresh. "On-the-fly" syntax checking information may be incorrect. [/home/boib2/vivadoProjects/registerProj/project_1/project_1.srcs/sim_1/new/src/monitor.svh:]
WARNING: [filemgmt 56-199] Attempt to get parsing info during refresh. "On-the-fly" syntax checking information may be incorrect. [/home/boib2/vivadoProjects/registerProj/project_1/project_1.srcs/sim_1/new/tb_top.sv:]
WARNING: [filemgmt 56-199] Attempt to get parsing info during refresh. "On-the-fly" syntax checking information may be incorrect. [/home/boib2/vivadoProjects/registerProj/project_1/project_1.srcs/sim_1/new/src/driver.svh:]
WARNING: [filemgmt 56-199] Attempt to get parsing info during refresh. "On-the-fly" syntax checking information may be incorrect. [/home/boib2/vivadoProjects/registerProj/project_1/project_1.srcs/sim_1/new/src/transaction.svh:]
WARNING: [filemgmt 56-199] Attempt to get parsing info during refresh. "On-the-fly" syntax checking information may be incorrect. [/home/boib2/vivadoProjects/registerProj/project_1/project_1.srcs/sim_1/new/src/printer.svh:]
WARNING: [filemgmt 56-199] Attempt to get parsing info during refresh. "On-the-fly" syntax checking information may be incorrect. [/home/boib2/vivadoProjects/registerProj/project_1/project_1.srcs/sim_1/new/src/counter_test.svh:]
WARNING: [filemgmt 56-199] Attempt to get parsing info during refresh. "On-the-fly" syntax checking information may be incorrect. [/home/boib2/vivadoProjects/registerProj/project_1/project_1.srcs/sim_1/new/src/agent_with_interface.svh:]
WARNING: [filemgmt 56-199] Attempt to get parsing info during refresh. "On-the-fly" syntax checking information may be incorrect. [/home/boib2/vivadoProjects/registerProj/project_1/project_1.srcs/sim_1/new/src/quiet_test.svh:]
WARNING: [filemgmt 56-199] Attempt to get parsing info during refresh. "On-the-fly" syntax checking information may be incorrect. [/home/boib2/vivadoProjects/registerProj/project_1/project_1.srcs/sim_1/new/src/scoreboard.svh:]
WARNING: [filemgmt 56-199] Attempt to get parsing info during refresh. "On-the-fly" syntax checking information may be incorrect. [/home/boib2/vivadoProjects/registerProj/project_1/project_1.srcs/sim_1/new/src/scoreboard.svh:]
WARNING: [filemgmt 56-199] Attempt to get parsing info during refresh. "On-the-fly" syntax checking information may be incorrect. [/home/boib2/vivadoProjects/registerProj/project_1/project_1.srcs/sim_1/new/src/counter_env.svh:]
WARNING: [filemgmt 56-199] Attempt to get parsing info during refresh. "On-the-fly" syntax checking information may be incorrect. [/home/boib2/vivadoProjects/registerProj/project_1/project_1.srcs/sim_1/new/counter_pkg.sv:]
WARNING: [filemgmt 56-199] Attempt to get parsing info during refresh. "On-the-fly" syntax checking information may be incorrect. [/home/boib2/vivadoProjects/registerProj/project_1/project_1.srcs/sim_1/new/counter_if.sv:]
WARNING: [filemgmt 56-199] Attempt to get parsing info during refresh. "On-the-fly" syntax checking information may be incorrect. [/home/boib2/vivadoProjects/registerProj/project_1/project_1.srcs/sources_1/new/programCounter.v:]
WARNING: [filemgmt 56-199] Attempt to get parsing info during refresh. "On-the-fly" syntax checking information may be incorrect. [/home/boib2/vivadoProjects/registerProj/project_1/project_1.srcs/sim_1/new/src/scoreboard.svh:]
WARNING: [filemgmt 56-199] Attempt to get parsing info during refresh. "On-the-fly" syntax checking information may be incorrect. [/home/boib2/vivadoProjects/registerProj/project_1/project_1.srcs/sim_1/new/src/monitor.svh:]
WARNING: [filemgmt 56-199] Attempt to get parsing info during refresh. "On-the-fly" syntax checking information may be incorrect. [/home/boib2/vivadoProjects/registerProj/project_1/project_1.srcs/sim_1/new/tb_top.sv:]
WARNING: [filemgmt 56-199] Attempt to get parsing info during refresh. "On-the-fly" syntax checking information may be incorrect. [/home/boib2/vivadoProjects/registerProj/project_1/project_1.srcs/sim_1/new/src/driver.svh:]
WARNING: [filemgmt 56-199] Attempt to get parsing info during refresh. "On-the-fly" syntax checking information may be incorrect. [/home/boib2/vivadoProjects/registerProj/project_1/project_1.srcs/sim_1/new/src/transaction.svh:]
WARNING: [filemgmt 56-199] Attempt to get parsing info during refresh. "On-the-fly" syntax checking information may be incorrect. [/home/boib2/vivadoProjects/registerProj/project_1/project_1.srcs/sim_1/new/src/printer.svh:]
WARNING: [filemgmt 56-199] Attempt to get parsing info during refresh. "On-the-fly" syntax checking information may be incorrect. [/home/boib2/vivadoProjects/registerProj/project_1/project_1.srcs/sim_1/new/src/counter_test.svh:]
WARNING: [filemgmt 56-199] Attempt to get parsing info during refresh. "On-the-fly" syntax checking information may be incorrect. [/home/boib2/vivadoProjects/registerProj/project_1/project_1.srcs/sim_1/new/src/agent_with_interface.svh:]
WARNING: [filemgmt 56-199] Attempt to get parsing info during refresh. "On-the-fly" syntax checking information may be incorrect. [/home/boib2/vivadoProjects/registerProj/project_1/project_1.srcs/sim_1/new/src/quiet_test.svh:]
WARNING: [filemgmt 56-199] Attempt to get parsing info during refresh. "On-the-fly" syntax checking information may be incorrect. [/home/boib2/vivadoProjects/registerProj/project_1/project_1.srcs/sim_1/new/src/counter_test.svh:]
WARNING: [filemgmt 56-199] Attempt to get parsing info during refresh. "On-the-fly" syntax checking information may be incorrect. [/home/boib2/vivadoProjects/registerProj/project_1/project_1.srcs/sim_1/new/src/counter_test.svh:]
WARNING: [filemgmt 56-199] Attempt to get parsing info during refresh. "On-the-fly" syntax checking information may be incorrect. [/home/boib2/vivadoProjects/registerProj/project_1/project_1.srcs/sim_1/new/src/counter_env.svh:]
WARNING: [filemgmt 56-199] Attempt to get parsing info during refresh. "On-the-fly" syntax checking information may be incorrect. [/home/boib2/vivadoProjects/registerProj/project_1/project_1.srcs/sim_1/new/counter_pkg.sv:]
WARNING: [filemgmt 56-199] Attempt to get parsing info during refresh. "On-the-fly" syntax checking information may be incorrect. [/home/boib2/vivadoProjects/registerProj/project_1/project_1.srcs/sim_1/new/counter_if.sv:]
WARNING: [filemgmt 56-199] Attempt to get parsing info during refresh. "On-the-fly" syntax checking information may be incorrect. [/home/boib2/vivadoProjects/registerProj/project_1/project_1.srcs/sources_1/new/programCounter.v:]
WARNING: [filemgmt 56-199] Attempt to get parsing info during refresh. "On-the-fly" syntax checking information may be incorrect. [/home/boib2/vivadoProjects/registerProj/project_1/project_1.srcs/sim_1/new/src/scoreboard.svh:]
WARNING: [filemgmt 56-199] Attempt to get parsing info during refresh. "On-the-fly" syntax checking information may be incorrect. [/home/boib2/vivadoProjects/registerProj/project_1/project_1.srcs/sim_1/new/src/monitor.svh:]
WARNING: [filemgmt 56-199] Attempt to get parsing info during refresh. "On-the-fly" syntax checking information may be incorrect. [/home/boib2/vivadoProjects/registerProj/project_1/project_1.srcs/sim_1/new/tb_top.sv:]
WARNING: [filemgmt 56-199] Attempt to get parsing info during refresh. "On-the-fly" syntax checking information may be incorrect. [/home/boib2/vivadoProjects/registerProj/project_1/project_1.srcs/sim_1/new/src/driver.svh:]
WARNING: [filemgmt 56-199] Attempt to get parsing info during refresh. "On-the-fly" syntax checking information may be incorrect. [/home/boib2/vivadoProjects/registerProj/project_1/project_1.srcs/sim_1/new/src/transaction.svh:]
WARNING: [filemgmt 56-199] Attempt to get parsing info during refresh. "On-the-fly" syntax checking information may be incorrect. [/home/boib2/vivadoProjects/registerProj/project_1/project_1.srcs/sim_1/new/src/printer.svh:]
WARNING: [filemgmt 56-199] Attempt to get parsing info during refresh. "On-the-fly" syntax checking information may be incorrect. [/home/boib2/vivadoProjects/registerProj/project_1/project_1.srcs/sim_1/new/src/counter_test.svh:]
WARNING: [filemgmt 56-199] Attempt to get parsing info during refresh. "On-the-fly" syntax checking information may be incorrect. [/home/boib2/vivadoProjects/registerProj/project_1/project_1.srcs/sim_1/new/src/agent_with_interface.svh:]
WARNING: [filemgmt 56-199] Attempt to get parsing info during refresh. "On-the-fly" syntax checking information may be incorrect. [/home/boib2/vivadoProjects/registerProj/project_1/project_1.srcs/sim_1/new/src/quiet_test.svh:]
WARNING: [filemgmt 56-199] Attempt to get parsing info during refresh. "On-the-fly" syntax checking information may be incorrect. [/home/boib2/vivadoProjects/registerProj/project_1/project_1.srcs/sim_1/new/counter_pkg.sv:]
WARNING: [filemgmt 56-199] Attempt to get parsing info during refresh. "On-the-fly" syntax checking information may be incorrect. [/home/boib2/vivadoProjects/registerProj/project_1/project_1.srcs/sim_1/new/counter_pkg.sv:]
reset_run synth_1
launch_runs synth_1 -jobs 16
[Sat Aug 15 15:26:07 2026] Launched synth_1...
Run output will be captured here: /home/boib2/vivadoProjects/registerProj/project_1/project_1.runs/synth_1/runme.log
launch_simulation
Command: launch_simulation  -mode behavioral
INFO: [Vivado 12-25911] Executing simulation for 'XSim' simulator
INFO: [Project 1-5737] Running on host Elvinjohn1234 (64) - Ubuntu 26.04 LTS
INFO: [Vivado 12-28535] Process started - Sat Aug 15 15:28:07 2026

INFO: [Vivado 12-12493] Simulation top is 'testbench'
INFO: [Vivado 12-5682] Launching behavioral simulation in '/home/boib2/vivadoProjects/registerProj/project_1/project_1.sim/sim_1/behav/xsim'
INFO: [SIM-utils-51] Simulation object is 'sim_1'
INFO: [SIM-utils-72] Using boost library from '/tools/Xilinx/2026.1/tps/boost_1_72_0'
INFO: [SIM-utils-54] Inspecting design source files for 'testbench' in fileset 'sim_1'...
INFO: [USF-XSim-97] Finding global include files...
INFO: [USF-XSim-98] Fetching design files from 'sim_1'...
INFO: [USF-XSim-2] XSim::Compile design
INFO: [USF-XSim-61] Executing 'COMPILE and ANALYZE' step in '/home/boib2/vivadoProjects/registerProj/project_1/project_1.sim/sim_1/behav/xsim'
xvlog --incr --relax -L uvm -L uvm -prj testbench_vlog.prj
INFO: [VRFC 10-2263] Analyzing Verilog file "/home/boib2/vivadoProjects/registerProj/project_1/project_1.srcs/sources_1/new/n-bit-Register.v" into library xil_defaultlib
INFO: [VRFC 10-311] analyzing module nbitRegister
INFO: [VRFC 10-2263] Analyzing Verilog file "/home/boib2/vivadoProjects/registerProj/project_1/project_1.srcs/sources_1/new/programCounter.v" into library xil_defaultlib
INFO: [VRFC 10-311] analyzing module programCounter
INFO: [VRFC 10-2263] Analyzing SystemVerilog file "/home/boib2/vivadoProjects/registerProj/project_1/project_1.srcs/sim_1/new/counter_if.sv" into library xil_defaultlib
INFO: [VRFC 10-2263] Analyzing SystemVerilog file "/home/boib2/vivadoProjects/registerProj/project_1/project_1.srcs/sim_1/new/counter_pkg.sv" into library xil_defaultlib
WARNING: [VRFC 10-5025] system function call '$psprintf' is not IEEE standard [../../../../project_1.srcs/sim_1/new/src/driver.svh:25]
WARNING: [VRFC 10-5025] system function call '$psprintf' is not IEEE standard [../../../../project_1.srcs/sim_1/new/src/scoreboard.svh:27]
WARNING: [VRFC 10-5025] system function call '$psprintf' is not IEEE standard [../../../../project_1.srcs/sim_1/new/src/printer.svh:23]
INFO: [VRFC 10-2263] Analyzing SystemVerilog file "/home/boib2/vivadoProjects/registerProj/project_1/project_1.srcs/sim_1/new/tb_top.sv" into library xil_defaultlib
INFO: [VRFC 10-311] analyzing module testbench
INFO: [VRFC 10-2263] Analyzing Verilog file "/home/boib2/vivadoProjects/registerProj/project_1/project_1.sim/sim_1/behav/xsim/glbl.v" into library xil_defaultlib
INFO: [VRFC 10-311] analyzing module glbl
Waiting for jobs to finish...
No pending jobs, compilation finished.
INFO: [USF-XSim-69] 'compile' step finished in '2' seconds
INFO: [USF-XSim-3] XSim::Elaborate design
INFO: [USF-XSim-61] Executing 'ELABORATE' step in '/home/boib2/vivadoProjects/registerProj/project_1/project_1.sim/sim_1/behav/xsim'
xelab --incr --debug typical --relax --mt 8 -L xil_defaultlib -L uvm -L unisims_ver -L unimacro_ver -L secureip --snapshot testbench_behav xil_defaultlib.testbench xil_defaultlib.glbl -log elaborate.log -L uvm
Vivado Simulator v2026.1
Copyright 1986-2022 Xilinx, Inc. All Rights Reserved.
Copyright 2022-2026 Advanced Micro Devices, Inc. All Rights Reserved.
Running: /tools/Xilinx/2026.1/Vivado/bin/unwrapped/lnx64.o/xelab --incr --debug typical --relax --mt 8 -L xil_defaultlib -L uvm -L unisims_ver -L unimacro_ver -L secureip --snapshot testbench_behav xil_defaultlib.testbench xil_defaultlib.glbl -log elaborate.log -L uvm 
INFO: [XSIM 43-3493] Using 8 slave threads.
WARNING: [XSIM 43-3431] One or more environment variables have been detected which affect the operation of the C compiler. These are typically not set in standard installations and are not tested by AMD, however they may be appropriate for your system, so the flow will attempt to continue.  If errors occur, try running xelab with the "-mt off -v 1" switches to see more information from the C compiler. The following environment variables have been detected:
    LIBRARY_PATH
Starting static elaboration
Pass Through NonSizing Optimizer
ERROR: [VRFC 10-2063] Module <nbitregister> not found while processing module instance <register32> [/home/boib2/vivadoProjects/registerProj/project_1/project_1.srcs/sources_1/new/programCounter.v:32]
ERROR: [XSIM 43-3322] Static elaboration of top level Verilog design unit(s) in library work failed.
INFO: [USF-XSim-69] 'elaborate' step finished in '1' seconds
INFO: [USF-XSim-99] Step results log file:'/home/boib2/vivadoProjects/registerProj/project_1/project_1.sim/sim_1/behav/xsim/elaborate.log'
ERROR: [USF-XSim-62] 'elaborate' step failed with error(s). Please check the Tcl console output or '/home/boib2/vivadoProjects/registerProj/project_1/project_1.sim/sim_1/behav/xsim/elaborate.log' file for more information.
ERROR: [Vivado 12-4473] Detected error while running simulation. Please correct the issue and retry this operation.
ERROR: [Common 17-39] 'launch_simulation' failed due to earlier errors.
WARNING: [filemgmt 56-199] Attempt to get parsing info during refresh. "On-the-fly" syntax checking information may be incorrect. [/home/boib2/vivadoProjects/registerProj/project_1/project_1.srcs/sim_1/new/src/counter_env.svh:]
WARNING: [filemgmt 56-199] Attempt to get parsing info during refresh. "On-the-fly" syntax checking information may be incorrect. [/home/boib2/vivadoProjects/registerProj/project_1/project_1.srcs/sim_1/new/counter_pkg.sv:]
WARNING: [filemgmt 56-199] Attempt to get parsing info during refresh. "On-the-fly" syntax checking information may be incorrect. [/home/boib2/vivadoProjects/registerProj/project_1/project_1.srcs/sim_1/new/counter_if.sv:]
WARNING: [filemgmt 56-199] Attempt to get parsing info during refresh. "On-the-fly" syntax checking information may be incorrect. [/home/boib2/vivadoProjects/registerProj/project_1/project_1.srcs/sources_1/new/programCounter.v:]
WARNING: [filemgmt 56-199] Attempt to get parsing info during refresh. "On-the-fly" syntax checking information may be incorrect. [/home/boib2/vivadoProjects/registerProj/project_1/project_1.srcs/sim_1/new/src/scoreboard.svh:]
WARNING: [filemgmt 56-199] Attempt to get parsing info during refresh. "On-the-fly" syntax checking information may be incorrect. [/home/boib2/vivadoProjects/registerProj/project_1/project_1.srcs/sim_1/new/src/monitor.svh:]
WARNING: [filemgmt 56-199] Attempt to get parsing info during refresh. "On-the-fly" syntax checking information may be incorrect. [/home/boib2/vivadoProjects/registerProj/project_1/project_1.srcs/sim_1/new/tb_top.sv:]
WARNING: [filemgmt 56-199] Attempt to get parsing info during refresh. "On-the-fly" syntax checking information may be incorrect. [/home/boib2/vivadoProjects/registerProj/project_1/project_1.srcs/sim_1/new/src/driver.svh:]
WARNING: [filemgmt 56-199] Attempt to get parsing info during refresh. "On-the-fly" syntax checking information may be incorrect. [/home/boib2/vivadoProjects/registerProj/project_1/project_1.srcs/sim_1/new/src/transaction.svh:]
WARNING: [filemgmt 56-199] Attempt to get parsing info during refresh. "On-the-fly" syntax checking information may be incorrect. [/home/boib2/vivadoProjects/registerProj/project_1/project_1.srcs/sim_1/new/src/printer.svh:]
WARNING: [filemgmt 56-199] Attempt to get parsing info during refresh. "On-the-fly" syntax checking information may be incorrect. [/home/boib2/vivadoProjects/registerProj/project_1/project_1.srcs/sim_1/new/src/counter_test.svh:]
WARNING: [filemgmt 56-199] Attempt to get parsing info during refresh. "On-the-fly" syntax checking information may be incorrect. [/home/boib2/vivadoProjects/registerProj/project_1/project_1.srcs/sim_1/new/src/agent_with_interface.svh:]
WARNING: [filemgmt 56-199] Attempt to get parsing info during refresh. "On-the-fly" syntax checking information may be incorrect. [/home/boib2/vivadoProjects/registerProj/project_1/project_1.srcs/sim_1/new/src/quiet_test.svh:]
WARNING: [filemgmt 56-199] Attempt to get parsing info during refresh. "On-the-fly" syntax checking information may be incorrect. [/home/boib2/vivadoProjects/registerProj/project_1/project_1.srcs/sim_1/new/counter_if.sv:]
WARNING: [filemgmt 56-199] Attempt to get parsing info during refresh. "On-the-fly" syntax checking information may be incorrect. [/home/boib2/vivadoProjects/registerProj/project_1/project_1.srcs/sim_1/new/counter_if.sv:]
WARNING: [filemgmt 56-199] Attempt to get parsing info during refresh. "On-the-fly" syntax checking information may be incorrect. [/home/boib2/vivadoProjects/registerProj/project_1/project_1.srcs/sim_1/new/src/counter_env.svh:]
WARNING: [filemgmt 56-199] Attempt to get parsing info during refresh. "On-the-fly" syntax checking information may be incorrect. [/home/boib2/vivadoProjects/registerProj/project_1/project_1.srcs/sim_1/new/counter_pkg.sv:]
WARNING: [filemgmt 56-199] Attempt to get parsing info during refresh. "On-the-fly" syntax checking information may be incorrect. [/home/boib2/vivadoProjects/registerProj/project_1/project_1.srcs/sim_1/new/counter_if.sv:]
WARNING: [filemgmt 56-199] Attempt to get parsing info during refresh. "On-the-fly" syntax checking information may be incorrect. [/home/boib2/vivadoProjects/registerProj/project_1/project_1.srcs/sources_1/new/programCounter.v:]
WARNING: [filemgmt 56-199] Attempt to get parsing info during refresh. "On-the-fly" syntax checking information may be incorrect. [/home/boib2/vivadoProjects/registerProj/project_1/project_1.srcs/sim_1/new/src/scoreboard.svh:]
WARNING: [filemgmt 56-199] Attempt to get parsing info during refresh. "On-the-fly" syntax checking information may be incorrect. [/home/boib2/vivadoProjects/registerProj/project_1/project_1.srcs/sim_1/new/src/monitor.svh:]
WARNING: [filemgmt 56-199] Attempt to get parsing info during refresh. "On-the-fly" syntax checking information may be incorrect. [/home/boib2/vivadoProjects/registerProj/project_1/project_1.srcs/sim_1/new/tb_top.sv:]
WARNING: [filemgmt 56-199] Attempt to get parsing info during refresh. "On-the-fly" syntax checking information may be incorrect. [/home/boib2/vivadoProjects/registerProj/project_1/project_1.srcs/sim_1/new/src/driver.svh:]
WARNING: [filemgmt 56-199] Attempt to get parsing info during refresh. "On-the-fly" syntax checking information may be incorrect. [/home/boib2/vivadoProjects/registerProj/project_1/project_1.srcs/sim_1/new/src/transaction.svh:]
WARNING: [filemgmt 56-199] Attempt to get parsing info during refresh. "On-the-fly" syntax checking information may be incorrect. [/home/boib2/vivadoProjects/registerProj/project_1/project_1.srcs/sim_1/new/src/printer.svh:]
WARNING: [filemgmt 56-199] Attempt to get parsing info during refresh. "On-the-fly" syntax checking information may be incorrect. [/home/boib2/vivadoProjects/registerProj/project_1/project_1.srcs/sim_1/new/src/counter_test.svh:]
WARNING: [filemgmt 56-199] Attempt to get parsing info during refresh. "On-the-fly" syntax checking information may be incorrect. [/home/boib2/vivadoProjects/registerProj/project_1/project_1.srcs/sim_1/new/src/agent_with_interface.svh:]
WARNING: [filemgmt 56-199] Attempt to get parsing info during refresh. "On-the-fly" syntax checking information may be incorrect. [/home/boib2/vivadoProjects/registerProj/project_1/project_1.srcs/sim_1/new/src/quiet_test.svh:]
WARNING: [filemgmt 56-199] Attempt to get parsing info during refresh. "On-the-fly" syntax checking information may be incorrect. [/home/boib2/vivadoProjects/registerProj/project_1/project_1.srcs/sources_1/new/programCounter.v:]
WARNING: [filemgmt 56-199] Attempt to get parsing info during refresh. "On-the-fly" syntax checking information may be incorrect. [/home/boib2/vivadoProjects/registerProj/project_1/project_1.srcs/sources_1/new/programCounter.v:]
WARNING: [filemgmt 56-199] Attempt to get parsing info during refresh. "On-the-fly" syntax checking information may be incorrect. [/home/boib2/vivadoProjects/registerProj/project_1/project_1.srcs/sim_1/new/src/counter_env.svh:]
WARNING: [filemgmt 56-199] Attempt to get parsing info during refresh. "On-the-fly" syntax checking information may be incorrect. [/home/boib2/vivadoProjects/registerProj/project_1/project_1.srcs/sim_1/new/counter_pkg.sv:]
WARNING: [filemgmt 56-199] Attempt to get parsing info during refresh. "On-the-fly" syntax checking information may be incorrect. [/home/boib2/vivadoProjects/registerProj/project_1/project_1.srcs/sim_1/new/counter_if.sv:]
WARNING: [filemgmt 56-199] Attempt to get parsing info during refresh. "On-the-fly" syntax checking information may be incorrect. [/home/boib2/vivadoProjects/registerProj/project_1/project_1.srcs/sources_1/new/programCounter.v:]
WARNING: [filemgmt 56-199] Attempt to get parsing info during refresh. "On-the-fly" syntax checking information may be incorrect. [/home/boib2/vivadoProjects/registerProj/project_1/project_1.srcs/sim_1/new/src/scoreboard.svh:]
WARNING: [filemgmt 56-199] Attempt to get parsing info during refresh. "On-the-fly" syntax checking information may be incorrect. [/home/boib2/vivadoProjects/registerProj/project_1/project_1.srcs/sim_1/new/src/monitor.svh:]
WARNING: [filemgmt 56-199] Attempt to get parsing info during refresh. "On-the-fly" syntax checking information may be incorrect. [/home/boib2/vivadoProjects/registerProj/project_1/project_1.srcs/sim_1/new/tb_top.sv:]
WARNING: [filemgmt 56-199] Attempt to get parsing info during refresh. "On-the-fly" syntax checking information may be incorrect. [/home/boib2/vivadoProjects/registerProj/project_1/project_1.srcs/sim_1/new/src/driver.svh:]
WARNING: [filemgmt 56-199] Attempt to get parsing info during refresh. "On-the-fly" syntax checking information may be incorrect. [/home/boib2/vivadoProjects/registerProj/project_1/project_1.srcs/sim_1/new/src/transaction.svh:]
WARNING: [filemgmt 56-199] Attempt to get parsing info during refresh. "On-the-fly" syntax checking information may be incorrect. [/home/boib2/vivadoProjects/registerProj/project_1/project_1.srcs/sim_1/new/src/printer.svh:]
WARNING: [filemgmt 56-199] Attempt to get parsing info during refresh. "On-the-fly" syntax checking information may be incorrect. [/home/boib2/vivadoProjects/registerProj/project_1/project_1.srcs/sim_1/new/src/counter_test.svh:]
WARNING: [filemgmt 56-199] Attempt to get parsing info during refresh. "On-the-fly" syntax checking information may be incorrect. [/home/boib2/vivadoProjects/registerProj/project_1/project_1.srcs/sim_1/new/src/agent_with_interface.svh:]
WARNING: [filemgmt 56-199] Attempt to get parsing info during refresh. "On-the-fly" syntax checking information may be incorrect. [/home/boib2/vivadoProjects/registerProj/project_1/project_1.srcs/sim_1/new/src/quiet_test.svh:]
WARNING: [filemgmt 56-199] Attempt to get parsing info during refresh. "On-the-fly" syntax checking information may be incorrect. [/home/boib2/vivadoProjects/registerProj/project_1/project_1.srcs/sim_1/new/src/scoreboard.svh:]
WARNING: [filemgmt 56-199] Attempt to get parsing info during refresh. "On-the-fly" syntax checking information may be incorrect. [/home/boib2/vivadoProjects/registerProj/project_1/project_1.srcs/sim_1/new/src/scoreboard.svh:]
launch_simulation
Command: launch_simulation  -mode behavioral
INFO: [Vivado 12-25911] Executing simulation for 'XSim' simulator
WARNING: [filemgmt 56-199] Attempt to get parsing info during refresh. "On-the-fly" syntax checking information may be incorrect. [/home/boib2/vivadoProjects/registerProj/project_1/project_1.srcs/sim_1/new/src/counter_env.svh:]
WARNING: [filemgmt 56-199] Attempt to get parsing info during refresh. "On-the-fly" syntax checking information may be incorrect. [/home/boib2/vivadoProjects/registerProj/project_1/project_1.srcs/sim_1/new/counter_pkg.sv:]
WARNING: [filemgmt 56-199] Attempt to get parsing info during refresh. "On-the-fly" syntax checking information may be incorrect. [/home/boib2/vivadoProjects/registerProj/project_1/project_1.srcs/sim_1/new/counter_if.sv:]
WARNING: [filemgmt 56-199] Attempt to get parsing info during refresh. "On-the-fly" syntax checking information may be incorrect. [/home/boib2/vivadoProjects/registerProj/project_1/project_1.srcs/sources_1/new/programCounter.v:]
WARNING: [filemgmt 56-199] Attempt to get parsing info during refresh. "On-the-fly" syntax checking information may be incorrect. [/home/boib2/vivadoProjects/registerProj/project_1/project_1.srcs/sim_1/new/src/scoreboard.svh:]
WARNING: [filemgmt 56-199] Attempt to get parsing info during refresh. "On-the-fly" syntax checking information may be incorrect. [/home/boib2/vivadoProjects/registerProj/project_1/project_1.srcs/sim_1/new/src/monitor.svh:]
WARNING: [filemgmt 56-199] Attempt to get parsing info during refresh. "On-the-fly" syntax checking information may be incorrect. [/home/boib2/vivadoProjects/registerProj/project_1/project_1.srcs/sim_1/new/tb_top.sv:]
WARNING: [filemgmt 56-199] Attempt to get parsing info during refresh. "On-the-fly" syntax checking information may be incorrect. [/home/boib2/vivadoProjects/registerProj/project_1/project_1.srcs/sim_1/new/src/driver.svh:]
WARNING: [filemgmt 56-199] Attempt to get parsing info during refresh. "On-the-fly" syntax checking information may be incorrect. [/home/boib2/vivadoProjects/registerProj/project_1/project_1.srcs/sim_1/new/src/transaction.svh:]
WARNING: [filemgmt 56-199] Attempt to get parsing info during refresh. "On-the-fly" syntax checking information may be incorrect. [/home/boib2/vivadoProjects/registerProj/project_1/project_1.srcs/sim_1/new/src/printer.svh:]
WARNING: [filemgmt 56-199] Attempt to get parsing info during refresh. "On-the-fly" syntax checking information may be incorrect. [/home/boib2/vivadoProjects/registerProj/project_1/project_1.srcs/sim_1/new/src/counter_test.svh:]
WARNING: [filemgmt 56-199] Attempt to get parsing info during refresh. "On-the-fly" syntax checking information may be incorrect. [/home/boib2/vivadoProjects/registerProj/project_1/project_1.srcs/sim_1/new/src/agent_with_interface.svh:]
WARNING: [filemgmt 56-199] Attempt to get parsing info during refresh. "On-the-fly" syntax checking information may be incorrect. [/home/boib2/vivadoProjects/registerProj/project_1/project_1.srcs/sim_1/new/src/quiet_test.svh:]
WARNING: [filemgmt 56-199] Attempt to get parsing info during refresh. "On-the-fly" syntax checking information may be incorrect. [/home/boib2/vivadoProjects/registerProj/project_1/project_1.srcs/sim_1/new/tb_top.sv:]
WARNING: [filemgmt 56-199] Attempt to get parsing info during refresh. "On-the-fly" syntax checking information may be incorrect. [/home/boib2/vivadoProjects/registerProj/project_1/project_1.srcs/sim_1/new/tb_top.sv:]
INFO: [Project 1-5737] Running on host Elvinjohn1234 (64) - Ubuntu 26.04 LTS
INFO: [Vivado 12-28535] Process started - Sat Aug 15 15:29:08 2026

WARNING: [filemgmt 56-199] Attempt to get parsing info during refresh. "On-the-fly" syntax checking information may be incorrect. [/home/boib2/vivadoProjects/registerProj/project_1/project_1.srcs/sim_1/new/src/counter_env.svh:]
WARNING: [filemgmt 56-199] Attempt to get parsing info during refresh. "On-the-fly" syntax checking information may be incorrect. [/home/boib2/vivadoProjects/registerProj/project_1/project_1.srcs/sim_1/new/counter_pkg.sv:]
WARNING: [filemgmt 56-199] Attempt to get parsing info during refresh. "On-the-fly" syntax checking information may be incorrect. [/home/boib2/vivadoProjects/registerProj/project_1/project_1.srcs/sim_1/new/counter_if.sv:]
WARNING: [filemgmt 56-199] Attempt to get parsing info during refresh. "On-the-fly" syntax checking information may be incorrect. [/home/boib2/vivadoProjects/registerProj/project_1/project_1.srcs/sources_1/new/programCounter.v:]
WARNING: [filemgmt 56-199] Attempt to get parsing info during refresh. "On-the-fly" syntax checking information may be incorrect. [/home/boib2/vivadoProjects/registerProj/project_1/project_1.srcs/sim_1/new/src/scoreboard.svh:]
WARNING: [filemgmt 56-199] Attempt to get parsing info during refresh. "On-the-fly" syntax checking information may be incorrect. [/home/boib2/vivadoProjects/registerProj/project_1/project_1.srcs/sim_1/new/src/monitor.svh:]
WARNING: [filemgmt 56-199] Attempt to get parsing info during refresh. "On-the-fly" syntax checking information may be incorrect. [/home/boib2/vivadoProjects/registerProj/project_1/project_1.srcs/sim_1/new/tb_top.sv:]
WARNING: [filemgmt 56-199] Attempt to get parsing info during refresh. "On-the-fly" syntax checking information may be incorrect. [/home/boib2/vivadoProjects/registerProj/project_1/project_1.srcs/sim_1/new/src/driver.svh:]
WARNING: [filemgmt 56-199] Attempt to get parsing info during refresh. "On-the-fly" syntax checking information may be incorrect. [/home/boib2/vivadoProjects/registerProj/project_1/project_1.srcs/sim_1/new/src/transaction.svh:]
WARNING: [filemgmt 56-199] Attempt to get parsing info during refresh. "On-the-fly" syntax checking information may be incorrect. [/home/boib2/vivadoProjects/registerProj/project_1/project_1.srcs/sim_1/new/src/printer.svh:]
WARNING: [filemgmt 56-199] Attempt to get parsing info during refresh. "On-the-fly" syntax checking information may be incorrect. [/home/boib2/vivadoProjects/registerProj/project_1/project_1.srcs/sim_1/new/src/counter_test.svh:]
WARNING: [filemgmt 56-199] Attempt to get parsing info during refresh. "On-the-fly" syntax checking information may be incorrect. [/home/boib2/vivadoProjects/registerProj/project_1/project_1.srcs/sim_1/new/src/agent_with_interface.svh:]
WARNING: [filemgmt 56-199] Attempt to get parsing info during refresh. "On-the-fly" syntax checking information may be incorrect. [/home/boib2/vivadoProjects/registerProj/project_1/project_1.srcs/sim_1/new/src/quiet_test.svh:]
WARNING: [filemgmt 56-199] Attempt to get parsing info during refresh. "On-the-fly" syntax checking information may be incorrect. [/home/boib2/vivadoProjects/registerProj/project_1/project_1.srcs/sim_1/new/src/counter_test.svh:]
WARNING: [filemgmt 56-199] Attempt to get parsing info during refresh. "On-the-fly" syntax checking information may be incorrect. [/home/boib2/vivadoProjects/registerProj/project_1/project_1.srcs/sim_1/new/src/counter_test.svh:]
WARNING: [filemgmt 56-199] Attempt to get parsing info during refresh. "On-the-fly" syntax checking information may be incorrect. [/home/boib2/vivadoProjects/registerProj/project_1/project_1.srcs/sim_1/new/src/counter_env.svh:]
WARNING: [filemgmt 56-199] Attempt to get parsing info during refresh. "On-the-fly" syntax checking information may be incorrect. [/home/boib2/vivadoProjects/registerProj/project_1/project_1.srcs/sim_1/new/counter_pkg.sv:]
WARNING: [filemgmt 56-199] Attempt to get parsing info during refresh. "On-the-fly" syntax checking information may be incorrect. [/home/boib2/vivadoProjects/registerProj/project_1/project_1.srcs/sim_1/new/counter_if.sv:]
WARNING: [filemgmt 56-199] Attempt to get parsing info during refresh. "On-the-fly" syntax checking information may be incorrect. [/home/boib2/vivadoProjects/registerProj/project_1/project_1.srcs/sources_1/new/programCounter.v:]
WARNING: [filemgmt 56-199] Attempt to get parsing info during refresh. "On-the-fly" syntax checking information may be incorrect. [/home/boib2/vivadoProjects/registerProj/project_1/project_1.srcs/sim_1/new/src/scoreboard.svh:]
WARNING: [filemgmt 56-199] Attempt to get parsing info during refresh. "On-the-fly" syntax checking information may be incorrect. [/home/boib2/vivadoProjects/registerProj/project_1/project_1.srcs/sim_1/new/src/monitor.svh:]
WARNING: [filemgmt 56-199] Attempt to get parsing info during refresh. "On-the-fly" syntax checking information may be incorrect. [/home/boib2/vivadoProjects/registerProj/project_1/project_1.srcs/sim_1/new/tb_top.sv:]
WARNING: [filemgmt 56-199] Attempt to get parsing info during refresh. "On-the-fly" syntax checking information may be incorrect. [/home/boib2/vivadoProjects/registerProj/project_1/project_1.srcs/sim_1/new/src/driver.svh:]
WARNING: [filemgmt 56-199] Attempt to get parsing info during refresh. "On-the-fly" syntax checking information may be incorrect. [/home/boib2/vivadoProjects/registerProj/project_1/project_1.srcs/sim_1/new/src/transaction.svh:]
WARNING: [filemgmt 56-199] Attempt to get parsing info during refresh. "On-the-fly" syntax checking information may be incorrect. [/home/boib2/vivadoProjects/registerProj/project_1/project_1.srcs/sim_1/new/src/printer.svh:]
WARNING: [filemgmt 56-199] Attempt to get parsing info during refresh. "On-the-fly" syntax checking information may be incorrect. [/home/boib2/vivadoProjects/registerProj/project_1/project_1.srcs/sim_1/new/src/counter_test.svh:]
WARNING: [filemgmt 56-199] Attempt to get parsing info during refresh. "On-the-fly" syntax checking information may be incorrect. [/home/boib2/vivadoProjects/registerProj/project_1/project_1.srcs/sim_1/new/src/agent_with_interface.svh:]
WARNING: [filemgmt 56-199] Attempt to get parsing info during refresh. "On-the-fly" syntax checking information may be incorrect. [/home/boib2/vivadoProjects/registerProj/project_1/project_1.srcs/sim_1/new/src/quiet_test.svh:]
WARNING: [filemgmt 56-199] Attempt to get parsing info during refresh. "On-the-fly" syntax checking information may be incorrect. [/home/boib2/vivadoProjects/registerProj/project_1/project_1.srcs/sim_1/new/src/driver.svh:]
WARNING: [filemgmt 56-199] Attempt to get parsing info during refresh. "On-the-fly" syntax checking information may be incorrect. [/home/boib2/vivadoProjects/registerProj/project_1/project_1.srcs/sim_1/new/src/driver.svh:]
WARNING: [filemgmt 56-199] Attempt to get parsing info during refresh. "On-the-fly" syntax checking information may be incorrect. [/home/boib2/vivadoProjects/registerProj/project_1/project_1.srcs/sim_1/new/src/counter_env.svh:]
WARNING: [filemgmt 56-199] Attempt to get parsing info during refresh. "On-the-fly" syntax checking information may be incorrect. [/home/boib2/vivadoProjects/registerProj/project_1/project_1.srcs/sim_1/new/counter_pkg.sv:]
WARNING: [filemgmt 56-199] Attempt to get parsing info during refresh. "On-the-fly" syntax checking information may be incorrect. [/home/boib2/vivadoProjects/registerProj/project_1/project_1.srcs/sim_1/new/counter_if.sv:]
WARNING: [filemgmt 56-199] Attempt to get parsing info during refresh. "On-the-fly" syntax checking information may be incorrect. [/home/boib2/vivadoProjects/registerProj/project_1/project_1.srcs/sources_1/new/programCounter.v:]
WARNING: [filemgmt 56-199] Attempt to get parsing info during refresh. "On-the-fly" syntax checking information may be incorrect. [/home/boib2/vivadoProjects/registerProj/project_1/project_1.srcs/sim_1/new/src/scoreboard.svh:]
WARNING: [filemgmt 56-199] Attempt to get parsing info during refresh. "On-the-fly" syntax checking information may be incorrect. [/home/boib2/vivadoProjects/registerProj/project_1/project_1.srcs/sim_1/new/src/monitor.svh:]
WARNING: [filemgmt 56-199] Attempt to get parsing info during refresh. "On-the-fly" syntax checking information may be incorrect. [/home/boib2/vivadoProjects/registerProj/project_1/project_1.srcs/sim_1/new/tb_top.sv:]
WARNING: [filemgmt 56-199] Attempt to get parsing info during refresh. "On-the-fly" syntax checking information may be incorrect. [/home/boib2/vivadoProjects/registerProj/project_1/project_1.srcs/sim_1/new/src/driver.svh:]
WARNING: [filemgmt 56-199] Attempt to get parsing info during refresh. "On-the-fly" syntax checking information may be incorrect. [/home/boib2/vivadoProjects/registerProj/project_1/project_1.srcs/sim_1/new/src/transaction.svh:]
WARNING: [filemgmt 56-199] Attempt to get parsing info during refresh. "On-the-fly" syntax checking information may be incorrect. [/home/boib2/vivadoProjects/registerProj/project_1/project_1.srcs/sim_1/new/src/printer.svh:]
WARNING: [filemgmt 56-199] Attempt to get parsing info during refresh. "On-the-fly" syntax checking information may be incorrect. [/home/boib2/vivadoProjects/registerProj/project_1/project_1.srcs/sim_1/new/src/counter_test.svh:]
WARNING: [filemgmt 56-199] Attempt to get parsing info during refresh. "On-the-fly" syntax checking information may be incorrect. [/home/boib2/vivadoProjects/registerProj/project_1/project_1.srcs/sim_1/new/src/agent_with_interface.svh:]
WARNING: [filemgmt 56-199] Attempt to get parsing info during refresh. "On-the-fly" syntax checking information may be incorrect. [/home/boib2/vivadoProjects/registerProj/project_1/project_1.srcs/sim_1/new/src/quiet_test.svh:]
WARNING: [filemgmt 56-199] Attempt to get parsing info during refresh. "On-the-fly" syntax checking information may be incorrect. [/home/boib2/vivadoProjects/registerProj/project_1/project_1.srcs/sim_1/new/src/counter_env.svh:]
WARNING: [filemgmt 56-199] Attempt to get parsing info during refresh. "On-the-fly" syntax checking information may be incorrect. [/home/boib2/vivadoProjects/registerProj/project_1/project_1.srcs/sim_1/new/src/counter_env.svh:]
WARNING: [filemgmt 56-199] Attempt to get parsing info during refresh. "On-the-fly" syntax checking information may be incorrect. [/home/boib2/vivadoProjects/registerProj/project_1/project_1.srcs/sim_1/new/src/counter_env.svh:]
WARNING: [filemgmt 56-199] Attempt to get parsing info during refresh. "On-the-fly" syntax checking information may be incorrect. [/home/boib2/vivadoProjects/registerProj/project_1/project_1.srcs/sim_1/new/counter_pkg.sv:]
WARNING: [filemgmt 56-199] Attempt to get parsing info during refresh. "On-the-fly" syntax checking information may be incorrect. [/home/boib2/vivadoProjects/registerProj/project_1/project_1.srcs/sim_1/new/counter_if.sv:]
WARNING: [filemgmt 56-199] Attempt to get parsing info during refresh. "On-the-fly" syntax checking information may be incorrect. [/home/boib2/vivadoProjects/registerProj/project_1/project_1.srcs/sources_1/new/programCounter.v:]
WARNING: [filemgmt 56-199] Attempt to get parsing info during refresh. "On-the-fly" syntax checking information may be incorrect. [/home/boib2/vivadoProjects/registerProj/project_1/project_1.srcs/sim_1/new/src/scoreboard.svh:]
WARNING: [filemgmt 56-199] Attempt to get parsing info during refresh. "On-the-fly" syntax checking information may be incorrect. [/home/boib2/vivadoProjects/registerProj/project_1/project_1.srcs/sim_1/new/src/monitor.svh:]
WARNING: [filemgmt 56-199] Attempt to get parsing info during refresh. "On-the-fly" syntax checking information may be incorrect. [/home/boib2/vivadoProjects/registerProj/project_1/project_1.srcs/sim_1/new/tb_top.sv:]
WARNING: [filemgmt 56-199] Attempt to get parsing info during refresh. "On-the-fly" syntax checking information may be incorrect. [/home/boib2/vivadoProjects/registerProj/project_1/project_1.srcs/sim_1/new/src/driver.svh:]
WARNING: [filemgmt 56-199] Attempt to get parsing info during refresh. "On-the-fly" syntax checking information may be incorrect. [/home/boib2/vivadoProjects/registerProj/project_1/project_1.srcs/sim_1/new/src/transaction.svh:]
WARNING: [filemgmt 56-199] Attempt to get parsing info during refresh. "On-the-fly" syntax checking information may be incorrect. [/home/boib2/vivadoProjects/registerProj/project_1/project_1.srcs/sim_1/new/src/printer.svh:]
WARNING: [filemgmt 56-199] Attempt to get parsing info during refresh. "On-the-fly" syntax checking information may be incorrect. [/home/boib2/vivadoProjects/registerProj/project_1/project_1.srcs/sim_1/new/src/counter_test.svh:]
WARNING: [filemgmt 56-199] Attempt to get parsing info during refresh. "On-the-fly" syntax checking information may be incorrect. [/home/boib2/vivadoProjects/registerProj/project_1/project_1.srcs/sim_1/new/src/agent_with_interface.svh:]
WARNING: [filemgmt 56-199] Attempt to get parsing info during refresh. "On-the-fly" syntax checking information may be incorrect. [/home/boib2/vivadoProjects/registerProj/project_1/project_1.srcs/sim_1/new/src/quiet_test.svh:]
WARNING: [filemgmt 56-199] Attempt to get parsing info during refresh. "On-the-fly" syntax checking information may be incorrect. [/home/boib2/vivadoProjects/registerProj/project_1/project_1.srcs/sim_1/new/counter_pkg.sv:]
WARNING: [filemgmt 56-199] Attempt to get parsing info during refresh. "On-the-fly" syntax checking information may be incorrect. [/home/boib2/vivadoProjects/registerProj/project_1/project_1.srcs/sim_1/new/counter_pkg.sv:]
WARNING: [filemgmt 56-199] Attempt to get parsing info during refresh. "On-the-fly" syntax checking information may be incorrect. [/home/boib2/vivadoProjects/registerProj/project_1/project_1.srcs/sim_1/new/src/counter_env.svh:]
WARNING: [filemgmt 56-199] Attempt to get parsing info during refresh. "On-the-fly" syntax checking information may be incorrect. [/home/boib2/vivadoProjects/registerProj/project_1/project_1.srcs/sim_1/new/counter_pkg.sv:]
WARNING: [filemgmt 56-199] Attempt to get parsing info during refresh. "On-the-fly" syntax checking information may be incorrect. [/home/boib2/vivadoProjects/registerProj/project_1/project_1.srcs/sim_1/new/counter_if.sv:]
WARNING: [filemgmt 56-199] Attempt to get parsing info during refresh. "On-the-fly" syntax checking information may be incorrect. [/home/boib2/vivadoProjects/registerProj/project_1/project_1.srcs/sources_1/new/programCounter.v:]
WARNING: [filemgmt 56-199] Attempt to get parsing info during refresh. "On-the-fly" syntax checking information may be incorrect. [/home/boib2/vivadoProjects/registerProj/project_1/project_1.srcs/sim_1/new/src/scoreboard.svh:]
WARNING: [filemgmt 56-199] Attempt to get parsing info during refresh. "On-the-fly" syntax checking information may be incorrect. [/home/boib2/vivadoProjects/registerProj/project_1/project_1.srcs/sim_1/new/src/monitor.svh:]
WARNING: [filemgmt 56-199] Attempt to get parsing info during refresh. "On-the-fly" syntax checking information may be incorrect. [/home/boib2/vivadoProjects/registerProj/project_1/project_1.srcs/sim_1/new/tb_top.sv:]
WARNING: [filemgmt 56-199] Attempt to get parsing info during refresh. "On-the-fly" syntax checking information may be incorrect. [/home/boib2/vivadoProjects/registerProj/project_1/project_1.srcs/sim_1/new/src/driver.svh:]
WARNING: [filemgmt 56-199] Attempt to get parsing info during refresh. "On-the-fly" syntax checking information may be incorrect. [/home/boib2/vivadoProjects/registerProj/project_1/project_1.srcs/sim_1/new/src/transaction.svh:]
WARNING: [filemgmt 56-199] Attempt to get parsing info during refresh. "On-the-fly" syntax checking information may be incorrect. [/home/boib2/vivadoProjects/registerProj/project_1/project_1.srcs/sim_1/new/src/printer.svh:]
WARNING: [filemgmt 56-199] Attempt to get parsing info during refresh. "On-the-fly" syntax checking information may be incorrect. [/home/boib2/vivadoProjects/registerProj/project_1/project_1.srcs/sim_1/new/src/counter_test.svh:]
WARNING: [filemgmt 56-199] Attempt to get parsing info during refresh. "On-the-fly" syntax checking information may be incorrect. [/home/boib2/vivadoProjects/registerProj/project_1/project_1.srcs/sim_1/new/src/agent_with_interface.svh:]
WARNING: [filemgmt 56-199] Attempt to get parsing info during refresh. "On-the-fly" syntax checking information may be incorrect. [/home/boib2/vivadoProjects/registerProj/project_1/project_1.srcs/sim_1/new/src/quiet_test.svh:]
WARNING: [filemgmt 56-199] Attempt to get parsing info during refresh. "On-the-fly" syntax checking information may be incorrect. [/home/boib2/vivadoProjects/registerProj/project_1/project_1.srcs/sim_1/new/src/agent_with_interface.svh:]
WARNING: [filemgmt 56-199] Attempt to get parsing info during refresh. "On-the-fly" syntax checking information may be incorrect. [/home/boib2/vivadoProjects/registerProj/project_1/project_1.srcs/sim_1/new/src/agent_with_interface.svh:]
WARNING: [filemgmt 56-199] Attempt to get parsing info during refresh. "On-the-fly" syntax checking information may be incorrect. [/home/boib2/vivadoProjects/registerProj/project_1/project_1.srcs/sim_1/new/src/counter_env.svh:]
WARNING: [filemgmt 56-199] Attempt to get parsing info during refresh. "On-the-fly" syntax checking information may be incorrect. [/home/boib2/vivadoProjects/registerProj/project_1/project_1.srcs/sim_1/new/counter_pkg.sv:]
WARNING: [filemgmt 56-199] Attempt to get parsing info during refresh. "On-the-fly" syntax checking information may be incorrect. [/home/boib2/vivadoProjects/registerProj/project_1/project_1.srcs/sim_1/new/counter_if.sv:]
WARNING: [filemgmt 56-199] Attempt to get parsing info during refresh. "On-the-fly" syntax checking information may be incorrect. [/home/boib2/vivadoProjects/registerProj/project_1/project_1.srcs/sources_1/new/programCounter.v:]
WARNING: [filemgmt 56-199] Attempt to get parsing info during refresh. "On-the-fly" syntax checking information may be incorrect. [/home/boib2/vivadoProjects/registerProj/project_1/project_1.srcs/sim_1/new/src/scoreboard.svh:]
WARNING: [filemgmt 56-199] Attempt to get parsing info during refresh. "On-the-fly" syntax checking information may be incorrect. [/home/boib2/vivadoProjects/registerProj/project_1/project_1.srcs/sim_1/new/src/monitor.svh:]
WARNING: [filemgmt 56-199] Attempt to get parsing info during refresh. "On-the-fly" syntax checking information may be incorrect. [/home/boib2/vivadoProjects/registerProj/project_1/project_1.srcs/sim_1/new/tb_top.sv:]
WARNING: [filemgmt 56-199] Attempt to get parsing info during refresh. "On-the-fly" syntax checking information may be incorrect. [/home/boib2/vivadoProjects/registerProj/project_1/project_1.srcs/sim_1/new/src/driver.svh:]
WARNING: [filemgmt 56-199] Attempt to get parsing info during refresh. "On-the-fly" syntax checking information may be incorrect. [/home/boib2/vivadoProjects/registerProj/project_1/project_1.srcs/sim_1/new/src/transaction.svh:]
WARNING: [filemgmt 56-199] Attempt to get parsing info during refresh. "On-the-fly" syntax checking information may be incorrect. [/home/boib2/vivadoProjects/registerProj/project_1/project_1.srcs/sim_1/new/src/printer.svh:]
INFO: [Common 17-14] Message 'filemgmt 56-199' appears 100 times and further instances of the messages will be disabled. Use the Tcl command set_msg_config to change the current settings.
INFO: [Vivado 12-12493] Simulation top is 'testbench'
INFO: [Vivado 12-5682] Launching behavioral simulation in '/home/boib2/vivadoProjects/registerProj/project_1/project_1.sim/sim_1/behav/xsim'
INFO: [SIM-utils-51] Simulation object is 'sim_1'
INFO: [SIM-utils-72] Using boost library from '/tools/Xilinx/2026.1/tps/boost_1_72_0'
INFO: [SIM-utils-54] Inspecting design source files for 'testbench' in fileset 'sim_1'...
INFO: [USF-XSim-97] Finding global include files...
INFO: [USF-XSim-98] Fetching design files from 'sim_1'...
INFO: [USF-XSim-2] XSim::Compile design
INFO: [USF-XSim-61] Executing 'COMPILE and ANALYZE' step in '/home/boib2/vivadoProjects/registerProj/project_1/project_1.sim/sim_1/behav/xsim'
xvlog --incr --relax -L uvm -L uvm -prj testbench_vlog.prj
INFO: [VRFC 10-2263] Analyzing Verilog file "/home/boib2/vivadoProjects/registerProj/project_1/project_1.srcs/sources_1/new/n-bit-Register.v" into library xil_defaultlib
INFO: [VRFC 10-311] analyzing module nbitRegister
INFO: [VRFC 10-2263] Analyzing Verilog file "/home/boib2/vivadoProjects/registerProj/project_1/project_1.srcs/sources_1/new/programCounter.v" into library xil_defaultlib
INFO: [VRFC 10-311] analyzing module programCounter
Waiting for jobs to finish...
No pending jobs, compilation finished.
INFO: [USF-XSim-69] 'compile' step finished in '1' seconds
INFO: [USF-XSim-3] XSim::Elaborate design
INFO: [USF-XSim-61] Executing 'ELABORATE' step in '/home/boib2/vivadoProjects/registerProj/project_1/project_1.sim/sim_1/behav/xsim'
xelab --incr --debug typical --relax --mt 8 -L xil_defaultlib -L uvm -L unisims_ver -L unimacro_ver -L secureip --snapshot testbench_behav xil_defaultlib.testbench xil_defaultlib.glbl -log elaborate.log -L uvm
Vivado Simulator v2026.1
Copyright 1986-2022 Xilinx, Inc. All Rights Reserved.
Copyright 2022-2026 Advanced Micro Devices, Inc. All Rights Reserved.
Running: /tools/Xilinx/2026.1/Vivado/bin/unwrapped/lnx64.o/xelab --incr --debug typical --relax --mt 8 -L xil_defaultlib -L uvm -L unisims_ver -L unimacro_ver -L secureip --snapshot testbench_behav xil_defaultlib.testbench xil_defaultlib.glbl -log elaborate.log -L uvm 
INFO: [XSIM 43-3493] Using 8 slave threads.
WARNING: [XSIM 43-3431] One or more environment variables have been detected which affect the operation of the C compiler. These are typically not set in standard installations and are not tested by AMD, however they may be appropriate for your system, so the flow will attempt to continue.  If errors occur, try running xelab with the "-mt off -v 1" switches to see more information from the C compiler. The following environment variables have been detected:
    LIBRARY_PATH
Starting static elaboration
Pass Through NonSizing Optimizer
WARNING: [VRFC 10-3091] actual bit length 68 differs from formal bit length 32 for port 'd' [/home/boib2/vivadoProjects/registerProj/project_1/project_1.srcs/sim_1/new/tb_top.sv:7]
ERROR: [VRFC 10-3351] formal port 'd' cannot connect to a modport or interface instance actual [/home/boib2/vivadoProjects/registerProj/project_1/project_1.srcs/sim_1/new/tb_top.sv:7]
ERROR: [XSIM 43-3322] Static elaboration of top level Verilog design unit(s) in library work failed.
INFO: [USF-XSim-69] 'elaborate' step finished in '1' seconds
INFO: [USF-XSim-99] Step results log file:'/home/boib2/vivadoProjects/registerProj/project_1/project_1.sim/sim_1/behav/xsim/elaborate.log'
ERROR: [USF-XSim-62] 'elaborate' step failed with error(s). Please check the Tcl console output or '/home/boib2/vivadoProjects/registerProj/project_1/project_1.sim/sim_1/behav/xsim/elaborate.log' file for more information.
ERROR: [Vivado 12-4473] Detected error while running simulation. Please correct the issue and retry this operation.
ERROR: [Common 17-39] 'launch_simulation' failed due to earlier errors.
WARNING: [filemgmt 56-199] Attempt to get parsing info during refresh. "On-the-fly" syntax checking information may be incorrect. [/home/boib2/vivadoProjects/registerProj/project_1/project_1.srcs/sim_1/new/src/counter_env.svh:]
WARNING: [filemgmt 56-199] Attempt to get parsing info during refresh. "On-the-fly" syntax checking information may be incorrect. [/home/boib2/vivadoProjects/registerProj/project_1/project_1.srcs/sim_1/new/counter_pkg.sv:]
WARNING: [filemgmt 56-199] Attempt to get parsing info during refresh. "On-the-fly" syntax checking information may be incorrect. [/home/boib2/vivadoProjects/registerProj/project_1/project_1.srcs/sim_1/new/counter_if.sv:]
WARNING: [filemgmt 56-199] Attempt to get parsing info during refresh. "On-the-fly" syntax checking information may be incorrect. [/home/boib2/vivadoProjects/registerProj/project_1/project_1.srcs/sources_1/new/programCounter.v:]
WARNING: [filemgmt 56-199] Attempt to get parsing info during refresh. "On-the-fly" syntax checking information may be incorrect. [/home/boib2/vivadoProjects/registerProj/project_1/project_1.srcs/sim_1/new/src/scoreboard.svh:]
WARNING: [filemgmt 56-199] Attempt to get parsing info during refresh. "On-the-fly" syntax checking information may be incorrect. [/home/boib2/vivadoProjects/registerProj/project_1/project_1.srcs/sim_1/new/src/monitor.svh:]
WARNING: [filemgmt 56-199] Attempt to get parsing info during refresh. "On-the-fly" syntax checking information may be incorrect. [/home/boib2/vivadoProjects/registerProj/project_1/project_1.srcs/sim_1/new/tb_top.sv:]
WARNING: [filemgmt 56-199] Attempt to get parsing info during refresh. "On-the-fly" syntax checking information may be incorrect. [/home/boib2/vivadoProjects/registerProj/project_1/project_1.srcs/sim_1/new/src/driver.svh:]
WARNING: [filemgmt 56-199] Attempt to get parsing info during refresh. "On-the-fly" syntax checking information may be incorrect. [/home/boib2/vivadoProjects/registerProj/project_1/project_1.srcs/sim_1/new/src/transaction.svh:]
WARNING: [filemgmt 56-199] Attempt to get parsing info during refresh. "On-the-fly" syntax checking information may be incorrect. [/home/boib2/vivadoProjects/registerProj/project_1/project_1.srcs/sim_1/new/src/printer.svh:]
WARNING: [filemgmt 56-199] Attempt to get parsing info during refresh. "On-the-fly" syntax checking information may be incorrect. [/home/boib2/vivadoProjects/registerProj/project_1/project_1.srcs/sim_1/new/src/counter_test.svh:]
WARNING: [filemgmt 56-199] Attempt to get parsing info during refresh. "On-the-fly" syntax checking information may be incorrect. [/home/boib2/vivadoProjects/registerProj/project_1/project_1.srcs/sim_1/new/src/agent_with_interface.svh:]
WARNING: [filemgmt 56-199] Attempt to get parsing info during refresh. "On-the-fly" syntax checking information may be incorrect. [/home/boib2/vivadoProjects/registerProj/project_1/project_1.srcs/sim_1/new/src/quiet_test.svh:]
WARNING: [filemgmt 56-199] Attempt to get parsing info during refresh. "On-the-fly" syntax checking information may be incorrect. [/home/boib2/vivadoProjects/registerProj/project_1/project_1.srcs/sim_1/new/counter_if.sv:]
WARNING: [filemgmt 56-199] Attempt to get parsing info during refresh. "On-the-fly" syntax checking information may be incorrect. [/home/boib2/vivadoProjects/registerProj/project_1/project_1.srcs/sim_1/new/counter_if.sv:]
WARNING: [filemgmt 56-199] Attempt to get parsing info during refresh. "On-the-fly" syntax checking information may be incorrect. [/home/boib2/vivadoProjects/registerProj/project_1/project_1.srcs/sim_1/new/src/counter_env.svh:]
WARNING: [filemgmt 56-199] Attempt to get parsing info during refresh. "On-the-fly" syntax checking information may be incorrect. [/home/boib2/vivadoProjects/registerProj/project_1/project_1.srcs/sim_1/new/counter_pkg.sv:]
WARNING: [filemgmt 56-199] Attempt to get parsing info during refresh. "On-the-fly" syntax checking information may be incorrect. [/home/boib2/vivadoProjects/registerProj/project_1/project_1.srcs/sim_1/new/counter_if.sv:]
WARNING: [filemgmt 56-199] Attempt to get parsing info during refresh. "On-the-fly" syntax checking information may be incorrect. [/home/boib2/vivadoProjects/registerProj/project_1/project_1.srcs/sources_1/new/programCounter.v:]
WARNING: [filemgmt 56-199] Attempt to get parsing info during refresh. "On-the-fly" syntax checking information may be incorrect. [/home/boib2/vivadoProjects/registerProj/project_1/project_1.srcs/sim_1/new/src/scoreboard.svh:]
WARNING: [filemgmt 56-199] Attempt to get parsing info during refresh. "On-the-fly" syntax checking information may be incorrect. [/home/boib2/vivadoProjects/registerProj/project_1/project_1.srcs/sim_1/new/src/monitor.svh:]
WARNING: [filemgmt 56-199] Attempt to get parsing info during refresh. "On-the-fly" syntax checking information may be incorrect. [/home/boib2/vivadoProjects/registerProj/project_1/project_1.srcs/sim_1/new/tb_top.sv:]
WARNING: [filemgmt 56-199] Attempt to get parsing info during refresh. "On-the-fly" syntax checking information may be incorrect. [/home/boib2/vivadoProjects/registerProj/project_1/project_1.srcs/sim_1/new/src/driver.svh:]
WARNING: [filemgmt 56-199] Attempt to get parsing info during refresh. "On-the-fly" syntax checking information may be incorrect. [/home/boib2/vivadoProjects/registerProj/project_1/project_1.srcs/sim_1/new/src/transaction.svh:]
WARNING: [filemgmt 56-199] Attempt to get parsing info during refresh. "On-the-fly" syntax checking information may be incorrect. [/home/boib2/vivadoProjects/registerProj/project_1/project_1.srcs/sim_1/new/src/printer.svh:]
WARNING: [filemgmt 56-199] Attempt to get parsing info during refresh. "On-the-fly" syntax checking information may be incorrect. [/home/boib2/vivadoProjects/registerProj/project_1/project_1.srcs/sim_1/new/src/counter_test.svh:]
WARNING: [filemgmt 56-199] Attempt to get parsing info during refresh. "On-the-fly" syntax checking information may be incorrect. [/home/boib2/vivadoProjects/registerProj/project_1/project_1.srcs/sim_1/new/src/agent_with_interface.svh:]
WARNING: [filemgmt 56-199] Attempt to get parsing info during refresh. "On-the-fly" syntax checking information may be incorrect. [/home/boib2/vivadoProjects/registerProj/project_1/project_1.srcs/sim_1/new/src/quiet_test.svh:]
WARNING: [filemgmt 56-199] Attempt to get parsing info during refresh. "On-the-fly" syntax checking information may be incorrect. [/home/boib2/vivadoProjects/registerProj/project_1/project_1.srcs/sim_1/new/tb_top.sv:]
WARNING: [filemgmt 56-199] Attempt to get parsing info during refresh. "On-the-fly" syntax checking information may be incorrect. [/home/boib2/vivadoProjects/registerProj/project_1/project_1.srcs/sim_1/new/tb_top.sv:]
launch_simulation
Command: launch_simulation  -mode behavioral
INFO: [Vivado 12-25911] Executing simulation for 'XSim' simulator
INFO: [Project 1-5737] Running on host Elvinjohn1234 (64) - Ubuntu 26.04 LTS
INFO: [Vivado 12-28535] Process started - Sat Aug 15 15:33:09 2026

WARNING: [filemgmt 56-199] Attempt to get parsing info during refresh. "On-the-fly" syntax checking information may be incorrect. [/home/boib2/vivadoProjects/registerProj/project_1/project_1.srcs/sim_1/new/src/counter_env.svh:]
WARNING: [filemgmt 56-199] Attempt to get parsing info during refresh. "On-the-fly" syntax checking information may be incorrect. [/home/boib2/vivadoProjects/registerProj/project_1/project_1.srcs/sim_1/new/counter_pkg.sv:]
WARNING: [filemgmt 56-199] Attempt to get parsing info during refresh. "On-the-fly" syntax checking information may be incorrect. [/home/boib2/vivadoProjects/registerProj/project_1/project_1.srcs/sim_1/new/counter_if.sv:]
WARNING: [filemgmt 56-199] Attempt to get parsing info during refresh. "On-the-fly" syntax checking information may be incorrect. [/home/boib2/vivadoProjects/registerProj/project_1/project_1.srcs/sources_1/new/programCounter.v:]
WARNING: [filemgmt 56-199] Attempt to get parsing info during refresh. "On-the-fly" syntax checking information may be incorrect. [/home/boib2/vivadoProjects/registerProj/project_1/project_1.srcs/sim_1/new/src/scoreboard.svh:]
WARNING: [filemgmt 56-199] Attempt to get parsing info during refresh. "On-the-fly" syntax checking information may be incorrect. [/home/boib2/vivadoProjects/registerProj/project_1/project_1.srcs/sim_1/new/src/monitor.svh:]
WARNING: [filemgmt 56-199] Attempt to get parsing info during refresh. "On-the-fly" syntax checking information may be incorrect. [/home/boib2/vivadoProjects/registerProj/project_1/project_1.srcs/sim_1/new/tb_top.sv:]
WARNING: [filemgmt 56-199] Attempt to get parsing info during refresh. "On-the-fly" syntax checking information may be incorrect. [/home/boib2/vivadoProjects/registerProj/project_1/project_1.srcs/sim_1/new/src/driver.svh:]
WARNING: [filemgmt 56-199] Attempt to get parsing info during refresh. "On-the-fly" syntax checking information may be incorrect. [/home/boib2/vivadoProjects/registerProj/project_1/project_1.srcs/sim_1/new/src/transaction.svh:]
WARNING: [filemgmt 56-199] Attempt to get parsing info during refresh. "On-the-fly" syntax checking information may be incorrect. [/home/boib2/vivadoProjects/registerProj/project_1/project_1.srcs/sim_1/new/src/printer.svh:]
WARNING: [filemgmt 56-199] Attempt to get parsing info during refresh. "On-the-fly" syntax checking information may be incorrect. [/home/boib2/vivadoProjects/registerProj/project_1/project_1.srcs/sim_1/new/src/counter_test.svh:]
WARNING: [filemgmt 56-199] Attempt to get parsing info during refresh. "On-the-fly" syntax checking information may be incorrect. [/home/boib2/vivadoProjects/registerProj/project_1/project_1.srcs/sim_1/new/src/agent_with_interface.svh:]
WARNING: [filemgmt 56-199] Attempt to get parsing info during refresh. "On-the-fly" syntax checking information may be incorrect. [/home/boib2/vivadoProjects/registerProj/project_1/project_1.srcs/sim_1/new/src/quiet_test.svh:]
WARNING: [filemgmt 56-199] Attempt to get parsing info during refresh. "On-the-fly" syntax checking information may be incorrect. [/home/boib2/vivadoProjects/registerProj/project_1/project_1.srcs/sim_1/new/src/printer.svh:]
WARNING: [filemgmt 56-199] Attempt to get parsing info during refresh. "On-the-fly" syntax checking information may be incorrect. [/home/boib2/vivadoProjects/registerProj/project_1/project_1.srcs/sim_1/new/src/printer.svh:]
WARNING: [filemgmt 56-199] Attempt to get parsing info during refresh. "On-the-fly" syntax checking information may be incorrect. [/home/boib2/vivadoProjects/registerProj/project_1/project_1.srcs/sim_1/new/src/counter_env.svh:]
WARNING: [filemgmt 56-199] Attempt to get parsing info during refresh. "On-the-fly" syntax checking information may be incorrect. [/home/boib2/vivadoProjects/registerProj/project_1/project_1.srcs/sim_1/new/counter_pkg.sv:]
WARNING: [filemgmt 56-199] Attempt to get parsing info during refresh. "On-the-fly" syntax checking information may be incorrect. [/home/boib2/vivadoProjects/registerProj/project_1/project_1.srcs/sim_1/new/counter_if.sv:]
WARNING: [filemgmt 56-199] Attempt to get parsing info during refresh. "On-the-fly" syntax checking information may be incorrect. [/home/boib2/vivadoProjects/registerProj/project_1/project_1.srcs/sources_1/new/programCounter.v:]
WARNING: [filemgmt 56-199] Attempt to get parsing info during refresh. "On-the-fly" syntax checking information may be incorrect. [/home/boib2/vivadoProjects/registerProj/project_1/project_1.srcs/sim_1/new/src/scoreboard.svh:]
WARNING: [filemgmt 56-199] Attempt to get parsing info during refresh. "On-the-fly" syntax checking information may be incorrect. [/home/boib2/vivadoProjects/registerProj/project_1/project_1.srcs/sim_1/new/src/monitor.svh:]
WARNING: [filemgmt 56-199] Attempt to get parsing info during refresh. "On-the-fly" syntax checking information may be incorrect. [/home/boib2/vivadoProjects/registerProj/project_1/project_1.srcs/sim_1/new/tb_top.sv:]
WARNING: [filemgmt 56-199] Attempt to get parsing info during refresh. "On-the-fly" syntax checking information may be incorrect. [/home/boib2/vivadoProjects/registerProj/project_1/project_1.srcs/sim_1/new/src/driver.svh:]
WARNING: [filemgmt 56-199] Attempt to get parsing info during refresh. "On-the-fly" syntax checking information may be incorrect. [/home/boib2/vivadoProjects/registerProj/project_1/project_1.srcs/sim_1/new/src/transaction.svh:]
WARNING: [filemgmt 56-199] Attempt to get parsing info during refresh. "On-the-fly" syntax checking information may be incorrect. [/home/boib2/vivadoProjects/registerProj/project_1/project_1.srcs/sim_1/new/src/printer.svh:]
WARNING: [filemgmt 56-199] Attempt to get parsing info during refresh. "On-the-fly" syntax checking information may be incorrect. [/home/boib2/vivadoProjects/registerProj/project_1/project_1.srcs/sim_1/new/src/counter_test.svh:]
WARNING: [filemgmt 56-199] Attempt to get parsing info during refresh. "On-the-fly" syntax checking information may be incorrect. [/home/boib2/vivadoProjects/registerProj/project_1/project_1.srcs/sim_1/new/src/agent_with_interface.svh:]
WARNING: [filemgmt 56-199] Attempt to get parsing info during refresh. "On-the-fly" syntax checking information may be incorrect. [/home/boib2/vivadoProjects/registerProj/project_1/project_1.srcs/sim_1/new/src/quiet_test.svh:]
WARNING: [filemgmt 56-199] Attempt to get parsing info during refresh. "On-the-fly" syntax checking information may be incorrect. [/home/boib2/vivadoProjects/registerProj/project_1/project_1.srcs/sim_1/new/src/scoreboard.svh:]
WARNING: [filemgmt 56-199] Attempt to get parsing info during refresh. "On-the-fly" syntax checking information may be incorrect. [/home/boib2/vivadoProjects/registerProj/project_1/project_1.srcs/sim_1/new/src/scoreboard.svh:]
WARNING: [filemgmt 56-199] Attempt to get parsing info during refresh. "On-the-fly" syntax checking information may be incorrect. [/home/boib2/vivadoProjects/registerProj/project_1/project_1.srcs/sim_1/new/src/counter_env.svh:]
WARNING: [filemgmt 56-199] Attempt to get parsing info during refresh. "On-the-fly" syntax checking information may be incorrect. [/home/boib2/vivadoProjects/registerProj/project_1/project_1.srcs/sim_1/new/counter_pkg.sv:]
WARNING: [filemgmt 56-199] Attempt to get parsing info during refresh. "On-the-fly" syntax checking information may be incorrect. [/home/boib2/vivadoProjects/registerProj/project_1/project_1.srcs/sim_1/new/counter_if.sv:]
WARNING: [filemgmt 56-199] Attempt to get parsing info during refresh. "On-the-fly" syntax checking information may be incorrect. [/home/boib2/vivadoProjects/registerProj/project_1/project_1.srcs/sources_1/new/programCounter.v:]
WARNING: [filemgmt 56-199] Attempt to get parsing info during refresh. "On-the-fly" syntax checking information may be incorrect. [/home/boib2/vivadoProjects/registerProj/project_1/project_1.srcs/sim_1/new/src/scoreboard.svh:]
WARNING: [filemgmt 56-199] Attempt to get parsing info during refresh. "On-the-fly" syntax checking information may be incorrect. [/home/boib2/vivadoProjects/registerProj/project_1/project_1.srcs/sim_1/new/src/monitor.svh:]
WARNING: [filemgmt 56-199] Attempt to get parsing info during refresh. "On-the-fly" syntax checking information may be incorrect. [/home/boib2/vivadoProjects/registerProj/project_1/project_1.srcs/sim_1/new/tb_top.sv:]
WARNING: [filemgmt 56-199] Attempt to get parsing info during refresh. "On-the-fly" syntax checking information may be incorrect. [/home/boib2/vivadoProjects/registerProj/project_1/project_1.srcs/sim_1/new/src/driver.svh:]
WARNING: [filemgmt 56-199] Attempt to get parsing info during refresh. "On-the-fly" syntax checking information may be incorrect. [/home/boib2/vivadoProjects/registerProj/project_1/project_1.srcs/sim_1/new/src/transaction.svh:]
WARNING: [filemgmt 56-199] Attempt to get parsing info during refresh. "On-the-fly" syntax checking information may be incorrect. [/home/boib2/vivadoProjects/registerProj/project_1/project_1.srcs/sim_1/new/src/printer.svh:]
WARNING: [filemgmt 56-199] Attempt to get parsing info during refresh. "On-the-fly" syntax checking information may be incorrect. [/home/boib2/vivadoProjects/registerProj/project_1/project_1.srcs/sim_1/new/src/counter_test.svh:]
WARNING: [filemgmt 56-199] Attempt to get parsing info during refresh. "On-the-fly" syntax checking information may be incorrect. [/home/boib2/vivadoProjects/registerProj/project_1/project_1.srcs/sim_1/new/src/agent_with_interface.svh:]
WARNING: [filemgmt 56-199] Attempt to get parsing info during refresh. "On-the-fly" syntax checking information may be incorrect. [/home/boib2/vivadoProjects/registerProj/project_1/project_1.srcs/sim_1/new/src/quiet_test.svh:]
WARNING: [filemgmt 56-199] Attempt to get parsing info during refresh. "On-the-fly" syntax checking information may be incorrect. [/home/boib2/vivadoProjects/registerProj/project_1/project_1.srcs/sources_1/new/programCounter.v:]
WARNING: [filemgmt 56-199] Attempt to get parsing info during refresh. "On-the-fly" syntax checking information may be incorrect. [/home/boib2/vivadoProjects/registerProj/project_1/project_1.srcs/sources_1/new/programCounter.v:]
WARNING: [filemgmt 56-199] Attempt to get parsing info during refresh. "On-the-fly" syntax checking information may be incorrect. [/home/boib2/vivadoProjects/registerProj/project_1/project_1.srcs/sim_1/new/src/counter_env.svh:]
WARNING: [filemgmt 56-199] Attempt to get parsing info during refresh. "On-the-fly" syntax checking information may be incorrect. [/home/boib2/vivadoProjects/registerProj/project_1/project_1.srcs/sim_1/new/counter_pkg.sv:]
WARNING: [filemgmt 56-199] Attempt to get parsing info during refresh. "On-the-fly" syntax checking information may be incorrect. [/home/boib2/vivadoProjects/registerProj/project_1/project_1.srcs/sim_1/new/counter_if.sv:]
WARNING: [filemgmt 56-199] Attempt to get parsing info during refresh. "On-the-fly" syntax checking information may be incorrect. [/home/boib2/vivadoProjects/registerProj/project_1/project_1.srcs/sources_1/new/programCounter.v:]
WARNING: [filemgmt 56-199] Attempt to get parsing info during refresh. "On-the-fly" syntax checking information may be incorrect. [/home/boib2/vivadoProjects/registerProj/project_1/project_1.srcs/sim_1/new/src/scoreboard.svh:]
WARNING: [filemgmt 56-199] Attempt to get parsing info during refresh. "On-the-fly" syntax checking information may be incorrect. [/home/boib2/vivadoProjects/registerProj/project_1/project_1.srcs/sim_1/new/src/monitor.svh:]
WARNING: [filemgmt 56-199] Attempt to get parsing info during refresh. "On-the-fly" syntax checking information may be incorrect. [/home/boib2/vivadoProjects/registerProj/project_1/project_1.srcs/sim_1/new/tb_top.sv:]
WARNING: [filemgmt 56-199] Attempt to get parsing info during refresh. "On-the-fly" syntax checking information may be incorrect. [/home/boib2/vivadoProjects/registerProj/project_1/project_1.srcs/sim_1/new/src/driver.svh:]
WARNING: [filemgmt 56-199] Attempt to get parsing info during refresh. "On-the-fly" syntax checking information may be incorrect. [/home/boib2/vivadoProjects/registerProj/project_1/project_1.srcs/sim_1/new/src/transaction.svh:]
WARNING: [filemgmt 56-199] Attempt to get parsing info during refresh. "On-the-fly" syntax checking information may be incorrect. [/home/boib2/vivadoProjects/registerProj/project_1/project_1.srcs/sim_1/new/src/printer.svh:]
WARNING: [filemgmt 56-199] Attempt to get parsing info during refresh. "On-the-fly" syntax checking information may be incorrect. [/home/boib2/vivadoProjects/registerProj/project_1/project_1.srcs/sim_1/new/src/counter_test.svh:]
WARNING: [filemgmt 56-199] Attempt to get parsing info during refresh. "On-the-fly" syntax checking information may be incorrect. [/home/boib2/vivadoProjects/registerProj/project_1/project_1.srcs/sim_1/new/src/agent_with_interface.svh:]
WARNING: [filemgmt 56-199] Attempt to get parsing info during refresh. "On-the-fly" syntax checking information may be incorrect. [/home/boib2/vivadoProjects/registerProj/project_1/project_1.srcs/sim_1/new/src/quiet_test.svh:]
WARNING: [filemgmt 56-199] Attempt to get parsing info during refresh. "On-the-fly" syntax checking information may be incorrect. [/home/boib2/vivadoProjects/registerProj/project_1/project_1.srcs/sim_1/new/src/quiet_test.svh:]
WARNING: [filemgmt 56-199] Attempt to get parsing info during refresh. "On-the-fly" syntax checking information may be incorrect. [/home/boib2/vivadoProjects/registerProj/project_1/project_1.srcs/sim_1/new/src/quiet_test.svh:]
INFO: [Vivado 12-12493] Simulation top is 'testbench'
INFO: [Vivado 12-5682] Launching behavioral simulation in '/home/boib2/vivadoProjects/registerProj/project_1/project_1.sim/sim_1/behav/xsim'
INFO: [SIM-utils-51] Simulation object is 'sim_1'
WARNING: [filemgmt 56-199] Attempt to get parsing info during refresh. "On-the-fly" syntax checking information may be incorrect. [/home/boib2/vivadoProjects/registerProj/project_1/project_1.srcs/sim_1/new/src/counter_env.svh:]
WARNING: [filemgmt 56-199] Attempt to get parsing info during refresh. "On-the-fly" syntax checking information may be incorrect. [/home/boib2/vivadoProjects/registerProj/project_1/project_1.srcs/sim_1/new/counter_pkg.sv:]
WARNING: [filemgmt 56-199] Attempt to get parsing info during refresh. "On-the-fly" syntax checking information may be incorrect. [/home/boib2/vivadoProjects/registerProj/project_1/project_1.srcs/sim_1/new/counter_if.sv:]
WARNING: [filemgmt 56-199] Attempt to get parsing info during refresh. "On-the-fly" syntax checking information may be incorrect. [/home/boib2/vivadoProjects/registerProj/project_1/project_1.srcs/sources_1/new/programCounter.v:]
WARNING: [filemgmt 56-199] Attempt to get parsing info during refresh. "On-the-fly" syntax checking information may be incorrect. [/home/boib2/vivadoProjects/registerProj/project_1/project_1.srcs/sim_1/new/src/scoreboard.svh:]
WARNING: [filemgmt 56-199] Attempt to get parsing info during refresh. "On-the-fly" syntax checking information may be incorrect. [/home/boib2/vivadoProjects/registerProj/project_1/project_1.srcs/sim_1/new/src/monitor.svh:]
WARNING: [filemgmt 56-199] Attempt to get parsing info during refresh. "On-the-fly" syntax checking information may be incorrect. [/home/boib2/vivadoProjects/registerProj/project_1/project_1.srcs/sim_1/new/tb_top.sv:]
WARNING: [filemgmt 56-199] Attempt to get parsing info during refresh. "On-the-fly" syntax checking information may be incorrect. [/home/boib2/vivadoProjects/registerProj/project_1/project_1.srcs/sim_1/new/src/driver.svh:]
WARNING: [filemgmt 56-199] Attempt to get parsing info during refresh. "On-the-fly" syntax checking information may be incorrect. [/home/boib2/vivadoProjects/registerProj/project_1/project_1.srcs/sim_1/new/src/transaction.svh:]
WARNING: [filemgmt 56-199] Attempt to get parsing info during refresh. "On-the-fly" syntax checking information may be incorrect. [/home/boib2/vivadoProjects/registerProj/project_1/project_1.srcs/sim_1/new/src/printer.svh:]
WARNING: [filemgmt 56-199] Attempt to get parsing info during refresh. "On-the-fly" syntax checking information may be incorrect. [/home/boib2/vivadoProjects/registerProj/project_1/project_1.srcs/sim_1/new/src/counter_test.svh:]
WARNING: [filemgmt 56-199] Attempt to get parsing info during refresh. "On-the-fly" syntax checking information may be incorrect. [/home/boib2/vivadoProjects/registerProj/project_1/project_1.srcs/sim_1/new/src/agent_with_interface.svh:]
WARNING: [filemgmt 56-199] Attempt to get parsing info during refresh. "On-the-fly" syntax checking information may be incorrect. [/home/boib2/vivadoProjects/registerProj/project_1/project_1.srcs/sim_1/new/src/quiet_test.svh:]
WARNING: [filemgmt 56-199] Attempt to get parsing info during refresh. "On-the-fly" syntax checking information may be incorrect. [/home/boib2/vivadoProjects/registerProj/project_1/project_1.srcs/sim_1/new/src/counter_env.svh:]
WARNING: [filemgmt 56-199] Attempt to get parsing info during refresh. "On-the-fly" syntax checking information may be incorrect. [/home/boib2/vivadoProjects/registerProj/project_1/project_1.srcs/sim_1/new/src/counter_env.svh:]
WARNING: [filemgmt 56-199] Attempt to get parsing info during refresh. "On-the-fly" syntax checking information may be incorrect. [/home/boib2/vivadoProjects/registerProj/project_1/project_1.srcs/sim_1/new/src/counter_env.svh:]
WARNING: [filemgmt 56-199] Attempt to get parsing info during refresh. "On-the-fly" syntax checking information may be incorrect. [/home/boib2/vivadoProjects/registerProj/project_1/project_1.srcs/sim_1/new/counter_pkg.sv:]
WARNING: [filemgmt 56-199] Attempt to get parsing info during refresh. "On-the-fly" syntax checking information may be incorrect. [/home/boib2/vivadoProjects/registerProj/project_1/project_1.srcs/sim_1/new/counter_if.sv:]
WARNING: [filemgmt 56-199] Attempt to get parsing info during refresh. "On-the-fly" syntax checking information may be incorrect. [/home/boib2/vivadoProjects/registerProj/project_1/project_1.srcs/sources_1/new/programCounter.v:]
WARNING: [filemgmt 56-199] Attempt to get parsing info during refresh. "On-the-fly" syntax checking information may be incorrect. [/home/boib2/vivadoProjects/registerProj/project_1/project_1.srcs/sim_1/new/src/scoreboard.svh:]
WARNING: [filemgmt 56-199] Attempt to get parsing info during refresh. "On-the-fly" syntax checking information may be incorrect. [/home/boib2/vivadoProjects/registerProj/project_1/project_1.srcs/sim_1/new/src/monitor.svh:]
WARNING: [filemgmt 56-199] Attempt to get parsing info during refresh. "On-the-fly" syntax checking information may be incorrect. [/home/boib2/vivadoProjects/registerProj/project_1/project_1.srcs/sim_1/new/tb_top.sv:]
WARNING: [filemgmt 56-199] Attempt to get parsing info during refresh. "On-the-fly" syntax checking information may be incorrect. [/home/boib2/vivadoProjects/registerProj/project_1/project_1.srcs/sim_1/new/src/driver.svh:]
WARNING: [filemgmt 56-199] Attempt to get parsing info during refresh. "On-the-fly" syntax checking information may be incorrect. [/home/boib2/vivadoProjects/registerProj/project_1/project_1.srcs/sim_1/new/src/transaction.svh:]
INFO: [SIM-utils-72] Using boost library from '/tools/Xilinx/2026.1/tps/boost_1_72_0'
WARNING: [filemgmt 56-199] Attempt to get parsing info during refresh. "On-the-fly" syntax checking information may be incorrect. [/home/boib2/vivadoProjects/registerProj/project_1/project_1.srcs/sim_1/new/src/printer.svh:]
WARNING: [filemgmt 56-199] Attempt to get parsing info during refresh. "On-the-fly" syntax checking information may be incorrect. [/home/boib2/vivadoProjects/registerProj/project_1/project_1.srcs/sim_1/new/src/counter_test.svh:]
WARNING: [filemgmt 56-199] Attempt to get parsing info during refresh. "On-the-fly" syntax checking information may be incorrect. [/home/boib2/vivadoProjects/registerProj/project_1/project_1.srcs/sim_1/new/src/agent_with_interface.svh:]
WARNING: [filemgmt 56-199] Attempt to get parsing info during refresh. "On-the-fly" syntax checking information may be incorrect. [/home/boib2/vivadoProjects/registerProj/project_1/project_1.srcs/sim_1/new/src/quiet_test.svh:]
WARNING: [filemgmt 56-199] Attempt to get parsing info during refresh. "On-the-fly" syntax checking information may be incorrect. [/home/boib2/vivadoProjects/registerProj/project_1/project_1.srcs/sim_1/new/counter_pkg.sv:]
WARNING: [filemgmt 56-199] Attempt to get parsing info during refresh. "On-the-fly" syntax checking information may be incorrect. [/home/boib2/vivadoProjects/registerProj/project_1/project_1.srcs/sim_1/new/counter_pkg.sv:]
INFO: [SIM-utils-54] Inspecting design source files for 'testbench' in fileset 'sim_1'...
INFO: [USF-XSim-97] Finding global include files...
INFO: [USF-XSim-98] Fetching design files from 'sim_1'...
INFO: [USF-XSim-2] XSim::Compile design
INFO: [USF-XSim-61] Executing 'COMPILE and ANALYZE' step in '/home/boib2/vivadoProjects/registerProj/project_1/project_1.sim/sim_1/behav/xsim'
xvlog --incr --relax -L uvm -L uvm -prj testbench_vlog.prj
INFO: [VRFC 10-2263] Analyzing SystemVerilog file "/home/boib2/vivadoProjects/registerProj/project_1/project_1.srcs/sim_1/new/counter_if.sv" into library xil_defaultlib
INFO: [VRFC 10-2263] Analyzing SystemVerilog file "/home/boib2/vivadoProjects/registerProj/project_1/project_1.srcs/sim_1/new/counter_pkg.sv" into library xil_defaultlib
WARNING: [VRFC 10-5025] system function call '$psprintf' is not IEEE standard [../../../../project_1.srcs/sim_1/new/src/driver.svh:25]
WARNING: [VRFC 10-5025] system function call '$psprintf' is not IEEE standard [../../../../project_1.srcs/sim_1/new/src/scoreboard.svh:27]
WARNING: [VRFC 10-5025] system function call '$psprintf' is not IEEE standard [../../../../project_1.srcs/sim_1/new/src/printer.svh:23]
INFO: [VRFC 10-2263] Analyzing SystemVerilog file "/home/boib2/vivadoProjects/registerProj/project_1/project_1.srcs/sim_1/new/tb_top.sv" into library xil_defaultlib
INFO: [VRFC 10-311] analyzing module testbench
Waiting for jobs to finish...
No pending jobs, compilation finished.
INFO: [USF-XSim-69] 'compile' step finished in '1' seconds
INFO: [USF-XSim-3] XSim::Elaborate design
INFO: [USF-XSim-61] Executing 'ELABORATE' step in '/home/boib2/vivadoProjects/registerProj/project_1/project_1.sim/sim_1/behav/xsim'
xelab --incr --debug typical --relax --mt 8 -L xil_defaultlib -L uvm -L unisims_ver -L unimacro_ver -L secureip --snapshot testbench_behav xil_defaultlib.testbench xil_defaultlib.glbl -log elaborate.log -L uvm
Vivado Simulator v2026.1
Copyright 1986-2022 Xilinx, Inc. All Rights Reserved.
Copyright 2022-2026 Advanced Micro Devices, Inc. All Rights Reserved.
Running: /tools/Xilinx/2026.1/Vivado/bin/unwrapped/lnx64.o/xelab --incr --debug typical --relax --mt 8 -L xil_defaultlib -L uvm -L unisims_ver -L unimacro_ver -L secureip --snapshot testbench_behav xil_defaultlib.testbench xil_defaultlib.glbl -log elaborate.log -L uvm 
INFO: [XSIM 43-3493] Using 8 slave threads.
WARNING: [XSIM 43-3431] One or more environment variables have been detected which affect the operation of the C compiler. These are typically not set in standard installations and are not tested by AMD, however they may be appropriate for your system, so the flow will attempt to continue.  If errors occur, try running xelab with the "-mt off -v 1" switches to see more information from the C compiler. The following environment variables have been detected:
    LIBRARY_PATH
Starting static elaboration
Pass Through NonSizing Optimizer
ERROR: [VRFC 10-3236] concurrent assignment to a non-net 'q' is not permitted [/home/boib2/vivadoProjects/registerProj/project_1/project_1.srcs/sources_1/new/programCounter.v:32]
ERROR: [XSIM 43-3322] Static elaboration of top level Verilog design unit(s) in library work failed.
INFO: [USF-XSim-69] 'elaborate' step finished in '2' seconds
INFO: [USF-XSim-99] Step results log file:'/home/boib2/vivadoProjects/registerProj/project_1/project_1.sim/sim_1/behav/xsim/elaborate.log'
ERROR: [USF-XSim-62] 'elaborate' step failed with error(s). Please check the Tcl console output or '/home/boib2/vivadoProjects/registerProj/project_1/project_1.sim/sim_1/behav/xsim/elaborate.log' file for more information.
ERROR: [Vivado 12-4473] Detected error while running simulation. Please correct the issue and retry this operation.
ERROR: [Common 17-39] 'launch_simulation' failed due to earlier errors.
WARNING: [filemgmt 56-199] Attempt to get parsing info during refresh. "On-the-fly" syntax checking information may be incorrect. [/home/boib2/vivadoProjects/registerProj/project_1/project_1.srcs/sim_1/new/src/counter_env.svh:]
WARNING: [filemgmt 56-199] Attempt to get parsing info during refresh. "On-the-fly" syntax checking information may be incorrect. [/home/boib2/vivadoProjects/registerProj/project_1/project_1.srcs/sim_1/new/counter_pkg.sv:]
WARNING: [filemgmt 56-199] Attempt to get parsing info during refresh. "On-the-fly" syntax checking information may be incorrect. [/home/boib2/vivadoProjects/registerProj/project_1/project_1.srcs/sim_1/new/counter_if.sv:]
WARNING: [filemgmt 56-199] Attempt to get parsing info during refresh. "On-the-fly" syntax checking information may be incorrect. [/home/boib2/vivadoProjects/registerProj/project_1/project_1.srcs/sources_1/new/programCounter.v:]
WARNING: [filemgmt 56-199] Attempt to get parsing info during refresh. "On-the-fly" syntax checking information may be incorrect. [/home/boib2/vivadoProjects/registerProj/project_1/project_1.srcs/sim_1/new/src/scoreboard.svh:]
WARNING: [filemgmt 56-199] Attempt to get parsing info during refresh. "On-the-fly" syntax checking information may be incorrect. [/home/boib2/vivadoProjects/registerProj/project_1/project_1.srcs/sim_1/new/src/monitor.svh:]
WARNING: [filemgmt 56-199] Attempt to get parsing info during refresh. "On-the-fly" syntax checking information may be incorrect. [/home/boib2/vivadoProjects/registerProj/project_1/project_1.srcs/sim_1/new/tb_top.sv:]
WARNING: [filemgmt 56-199] Attempt to get parsing info during refresh. "On-the-fly" syntax checking information may be incorrect. [/home/boib2/vivadoProjects/registerProj/project_1/project_1.srcs/sim_1/new/src/driver.svh:]
WARNING: [filemgmt 56-199] Attempt to get parsing info during refresh. "On-the-fly" syntax checking information may be incorrect. [/home/boib2/vivadoProjects/registerProj/project_1/project_1.srcs/sim_1/new/src/transaction.svh:]
WARNING: [filemgmt 56-199] Attempt to get parsing info during refresh. "On-the-fly" syntax checking information may be incorrect. [/home/boib2/vivadoProjects/registerProj/project_1/project_1.srcs/sim_1/new/src/printer.svh:]
INFO: [Common 17-14] Message 'filemgmt 56-199' appears 100 times and further instances of the messages will be disabled. Use the Tcl command set_msg_config to change the current settings.
launch_simulation
Command: launch_simulation  -mode behavioral
INFO: [Vivado 12-25911] Executing simulation for 'XSim' simulator
INFO: [Project 1-5737] Running on host Elvinjohn1234 (64) - Ubuntu 26.04 LTS
INFO: [Vivado 12-28535] Process started - Sat Aug 15 15:34:22 2026

WARNING: [filemgmt 56-199] Attempt to get parsing info during refresh. "On-the-fly" syntax checking information may be incorrect. [/home/boib2/vivadoProjects/registerProj/project_1/project_1.srcs/sim_1/new/src/counter_env.svh:]
WARNING: [filemgmt 56-199] Attempt to get parsing info during refresh. "On-the-fly" syntax checking information may be incorrect. [/home/boib2/vivadoProjects/registerProj/project_1/project_1.srcs/sim_1/new/counter_pkg.sv:]
WARNING: [filemgmt 56-199] Attempt to get parsing info during refresh. "On-the-fly" syntax checking information may be incorrect. [/home/boib2/vivadoProjects/registerProj/project_1/project_1.srcs/sim_1/new/counter_if.sv:]
WARNING: [filemgmt 56-199] Attempt to get parsing info during refresh. "On-the-fly" syntax checking information may be incorrect. [/home/boib2/vivadoProjects/registerProj/project_1/project_1.srcs/sources_1/new/programCounter.v:]
WARNING: [filemgmt 56-199] Attempt to get parsing info during refresh. "On-the-fly" syntax checking information may be incorrect. [/home/boib2/vivadoProjects/registerProj/project_1/project_1.srcs/sim_1/new/src/scoreboard.svh:]
WARNING: [filemgmt 56-199] Attempt to get parsing info during refresh. "On-the-fly" syntax checking information may be incorrect. [/home/boib2/vivadoProjects/registerProj/project_1/project_1.srcs/sim_1/new/src/monitor.svh:]
WARNING: [filemgmt 56-199] Attempt to get parsing info during refresh. "On-the-fly" syntax checking information may be incorrect. [/home/boib2/vivadoProjects/registerProj/project_1/project_1.srcs/sim_1/new/tb_top.sv:]
WARNING: [filemgmt 56-199] Attempt to get parsing info during refresh. "On-the-fly" syntax checking information may be incorrect. [/home/boib2/vivadoProjects/registerProj/project_1/project_1.srcs/sim_1/new/src/driver.svh:]
WARNING: [filemgmt 56-199] Attempt to get parsing info during refresh. "On-the-fly" syntax checking information may be incorrect. [/home/boib2/vivadoProjects/registerProj/project_1/project_1.srcs/sim_1/new/src/transaction.svh:]
WARNING: [filemgmt 56-199] Attempt to get parsing info during refresh. "On-the-fly" syntax checking information may be incorrect. [/home/boib2/vivadoProjects/registerProj/project_1/project_1.srcs/sim_1/new/src/printer.svh:]
WARNING: [filemgmt 56-199] Attempt to get parsing info during refresh. "On-the-fly" syntax checking information may be incorrect. [/home/boib2/vivadoProjects/registerProj/project_1/project_1.srcs/sim_1/new/src/counter_test.svh:]
WARNING: [filemgmt 56-199] Attempt to get parsing info during refresh. "On-the-fly" syntax checking information may be incorrect. [/home/boib2/vivadoProjects/registerProj/project_1/project_1.srcs/sim_1/new/src/agent_with_interface.svh:]
WARNING: [filemgmt 56-199] Attempt to get parsing info during refresh. "On-the-fly" syntax checking information may be incorrect. [/home/boib2/vivadoProjects/registerProj/project_1/project_1.srcs/sim_1/new/src/quiet_test.svh:]
WARNING: [filemgmt 56-199] Attempt to get parsing info during refresh. "On-the-fly" syntax checking information may be incorrect. [/home/boib2/vivadoProjects/registerProj/project_1/project_1.srcs/sim_1/new/src/scoreboard.svh:]
WARNING: [filemgmt 56-199] Attempt to get parsing info during refresh. "On-the-fly" syntax checking information may be incorrect. [/home/boib2/vivadoProjects/registerProj/project_1/project_1.srcs/sim_1/new/src/scoreboard.svh:]
WARNING: [filemgmt 56-199] Attempt to get parsing info during refresh. "On-the-fly" syntax checking information may be incorrect. [/home/boib2/vivadoProjects/registerProj/project_1/project_1.srcs/sim_1/new/src/counter_env.svh:]
WARNING: [filemgmt 56-199] Attempt to get parsing info during refresh. "On-the-fly" syntax checking information may be incorrect. [/home/boib2/vivadoProjects/registerProj/project_1/project_1.srcs/sim_1/new/counter_pkg.sv:]
WARNING: [filemgmt 56-199] Attempt to get parsing info during refresh. "On-the-fly" syntax checking information may be incorrect. [/home/boib2/vivadoProjects/registerProj/project_1/project_1.srcs/sim_1/new/counter_if.sv:]
WARNING: [filemgmt 56-199] Attempt to get parsing info during refresh. "On-the-fly" syntax checking information may be incorrect. [/home/boib2/vivadoProjects/registerProj/project_1/project_1.srcs/sources_1/new/programCounter.v:]
WARNING: [filemgmt 56-199] Attempt to get parsing info during refresh. "On-the-fly" syntax checking information may be incorrect. [/home/boib2/vivadoProjects/registerProj/project_1/project_1.srcs/sim_1/new/src/scoreboard.svh:]
WARNING: [filemgmt 56-199] Attempt to get parsing info during refresh. "On-the-fly" syntax checking information may be incorrect. [/home/boib2/vivadoProjects/registerProj/project_1/project_1.srcs/sim_1/new/src/monitor.svh:]
WARNING: [filemgmt 56-199] Attempt to get parsing info during refresh. "On-the-fly" syntax checking information may be incorrect. [/home/boib2/vivadoProjects/registerProj/project_1/project_1.srcs/sim_1/new/tb_top.sv:]
WARNING: [filemgmt 56-199] Attempt to get parsing info during refresh. "On-the-fly" syntax checking information may be incorrect. [/home/boib2/vivadoProjects/registerProj/project_1/project_1.srcs/sim_1/new/src/driver.svh:]
WARNING: [filemgmt 56-199] Attempt to get parsing info during refresh. "On-the-fly" syntax checking information may be incorrect. [/home/boib2/vivadoProjects/registerProj/project_1/project_1.srcs/sim_1/new/src/transaction.svh:]
WARNING: [filemgmt 56-199] Attempt to get parsing info during refresh. "On-the-fly" syntax checking information may be incorrect. [/home/boib2/vivadoProjects/registerProj/project_1/project_1.srcs/sim_1/new/src/printer.svh:]
WARNING: [filemgmt 56-199] Attempt to get parsing info during refresh. "On-the-fly" syntax checking information may be incorrect. [/home/boib2/vivadoProjects/registerProj/project_1/project_1.srcs/sim_1/new/src/counter_test.svh:]
WARNING: [filemgmt 56-199] Attempt to get parsing info during refresh. "On-the-fly" syntax checking information may be incorrect. [/home/boib2/vivadoProjects/registerProj/project_1/project_1.srcs/sim_1/new/src/agent_with_interface.svh:]
WARNING: [filemgmt 56-199] Attempt to get parsing info during refresh. "On-the-fly" syntax checking information may be incorrect. [/home/boib2/vivadoProjects/registerProj/project_1/project_1.srcs/sim_1/new/src/quiet_test.svh:]
WARNING: [filemgmt 56-199] Attempt to get parsing info during refresh. "On-the-fly" syntax checking information may be incorrect. [/home/boib2/vivadoProjects/registerProj/project_1/project_1.srcs/sim_1/new/src/printer.svh:]
WARNING: [filemgmt 56-199] Attempt to get parsing info during refresh. "On-the-fly" syntax checking information may be incorrect. [/home/boib2/vivadoProjects/registerProj/project_1/project_1.srcs/sim_1/new/src/printer.svh:]
WARNING: [filemgmt 56-199] Attempt to get parsing info during refresh. "On-the-fly" syntax checking information may be incorrect. [/home/boib2/vivadoProjects/registerProj/project_1/project_1.srcs/sim_1/new/src/counter_env.svh:]
WARNING: [filemgmt 56-199] Attempt to get parsing info during refresh. "On-the-fly" syntax checking information may be incorrect. [/home/boib2/vivadoProjects/registerProj/project_1/project_1.srcs/sim_1/new/counter_pkg.sv:]
WARNING: [filemgmt 56-199] Attempt to get parsing info during refresh. "On-the-fly" syntax checking information may be incorrect. [/home/boib2/vivadoProjects/registerProj/project_1/project_1.srcs/sim_1/new/counter_if.sv:]
WARNING: [filemgmt 56-199] Attempt to get parsing info during refresh. "On-the-fly" syntax checking information may be incorrect. [/home/boib2/vivadoProjects/registerProj/project_1/project_1.srcs/sources_1/new/programCounter.v:]
WARNING: [filemgmt 56-199] Attempt to get parsing info during refresh. "On-the-fly" syntax checking information may be incorrect. [/home/boib2/vivadoProjects/registerProj/project_1/project_1.srcs/sim_1/new/src/scoreboard.svh:]
WARNING: [filemgmt 56-199] Attempt to get parsing info during refresh. "On-the-fly" syntax checking information may be incorrect. [/home/boib2/vivadoProjects/registerProj/project_1/project_1.srcs/sim_1/new/src/monitor.svh:]
WARNING: [filemgmt 56-199] Attempt to get parsing info during refresh. "On-the-fly" syntax checking information may be incorrect. [/home/boib2/vivadoProjects/registerProj/project_1/project_1.srcs/sim_1/new/tb_top.sv:]
WARNING: [filemgmt 56-199] Attempt to get parsing info during refresh. "On-the-fly" syntax checking information may be incorrect. [/home/boib2/vivadoProjects/registerProj/project_1/project_1.srcs/sim_1/new/src/driver.svh:]
WARNING: [filemgmt 56-199] Attempt to get parsing info during refresh. "On-the-fly" syntax checking information may be incorrect. [/home/boib2/vivadoProjects/registerProj/project_1/project_1.srcs/sim_1/new/src/transaction.svh:]
WARNING: [filemgmt 56-199] Attempt to get parsing info during refresh. "On-the-fly" syntax checking information may be incorrect. [/home/boib2/vivadoProjects/registerProj/project_1/project_1.srcs/sim_1/new/src/printer.svh:]
WARNING: [filemgmt 56-199] Attempt to get parsing info during refresh. "On-the-fly" syntax checking information may be incorrect. [/home/boib2/vivadoProjects/registerProj/project_1/project_1.srcs/sim_1/new/src/counter_test.svh:]
WARNING: [filemgmt 56-199] Attempt to get parsing info during refresh. "On-the-fly" syntax checking information may be incorrect. [/home/boib2/vivadoProjects/registerProj/project_1/project_1.srcs/sim_1/new/src/agent_with_interface.svh:]
WARNING: [filemgmt 56-199] Attempt to get parsing info during refresh. "On-the-fly" syntax checking information may be incorrect. [/home/boib2/vivadoProjects/registerProj/project_1/project_1.srcs/sim_1/new/src/quiet_test.svh:]
WARNING: [filemgmt 56-199] Attempt to get parsing info during refresh. "On-the-fly" syntax checking information may be incorrect. [/home/boib2/vivadoProjects/registerProj/project_1/project_1.srcs/sim_1/new/counter_if.sv:]
WARNING: [filemgmt 56-199] Attempt to get parsing info during refresh. "On-the-fly" syntax checking information may be incorrect. [/home/boib2/vivadoProjects/registerProj/project_1/project_1.srcs/sim_1/new/counter_if.sv:]
WARNING: [filemgmt 56-199] Attempt to get parsing info during refresh. "On-the-fly" syntax checking information may be incorrect. [/home/boib2/vivadoProjects/registerProj/project_1/project_1.srcs/sim_1/new/src/counter_env.svh:]
WARNING: [filemgmt 56-199] Attempt to get parsing info during refresh. "On-the-fly" syntax checking information may be incorrect. [/home/boib2/vivadoProjects/registerProj/project_1/project_1.srcs/sim_1/new/counter_pkg.sv:]
WARNING: [filemgmt 56-199] Attempt to get parsing info during refresh. "On-the-fly" syntax checking information may be incorrect. [/home/boib2/vivadoProjects/registerProj/project_1/project_1.srcs/sim_1/new/counter_if.sv:]
WARNING: [filemgmt 56-199] Attempt to get parsing info during refresh. "On-the-fly" syntax checking information may be incorrect. [/home/boib2/vivadoProjects/registerProj/project_1/project_1.srcs/sources_1/new/programCounter.v:]
WARNING: [filemgmt 56-199] Attempt to get parsing info during refresh. "On-the-fly" syntax checking information may be incorrect. [/home/boib2/vivadoProjects/registerProj/project_1/project_1.srcs/sim_1/new/src/scoreboard.svh:]
WARNING: [filemgmt 56-199] Attempt to get parsing info during refresh. "On-the-fly" syntax checking information may be incorrect. [/home/boib2/vivadoProjects/registerProj/project_1/project_1.srcs/sim_1/new/src/monitor.svh:]
WARNING: [filemgmt 56-199] Attempt to get parsing info during refresh. "On-the-fly" syntax checking information may be incorrect. [/home/boib2/vivadoProjects/registerProj/project_1/project_1.srcs/sim_1/new/tb_top.sv:]
WARNING: [filemgmt 56-199] Attempt to get parsing info during refresh. "On-the-fly" syntax checking information may be incorrect. [/home/boib2/vivadoProjects/registerProj/project_1/project_1.srcs/sim_1/new/src/driver.svh:]
WARNING: [filemgmt 56-199] Attempt to get parsing info during refresh. "On-the-fly" syntax checking information may be incorrect. [/home/boib2/vivadoProjects/registerProj/project_1/project_1.srcs/sim_1/new/src/transaction.svh:]
WARNING: [filemgmt 56-199] Attempt to get parsing info during refresh. "On-the-fly" syntax checking information may be incorrect. [/home/boib2/vivadoProjects/registerProj/project_1/project_1.srcs/sim_1/new/src/printer.svh:]
WARNING: [filemgmt 56-199] Attempt to get parsing info during refresh. "On-the-fly" syntax checking information may be incorrect. [/home/boib2/vivadoProjects/registerProj/project_1/project_1.srcs/sim_1/new/src/counter_test.svh:]
WARNING: [filemgmt 56-199] Attempt to get parsing info during refresh. "On-the-fly" syntax checking information may be incorrect. [/home/boib2/vivadoProjects/registerProj/project_1/project_1.srcs/sim_1/new/src/agent_with_interface.svh:]
WARNING: [filemgmt 56-199] Attempt to get parsing info during refresh. "On-the-fly" syntax checking information may be incorrect. [/home/boib2/vivadoProjects/registerProj/project_1/project_1.srcs/sim_1/new/src/quiet_test.svh:]
WARNING: [filemgmt 56-199] Attempt to get parsing info during refresh. "On-the-fly" syntax checking information may be incorrect. [/home/boib2/vivadoProjects/registerProj/project_1/project_1.srcs/sim_1/new/src/counter_test.svh:]
WARNING: [filemgmt 56-199] Attempt to get parsing info during refresh. "On-the-fly" syntax checking information may be incorrect. [/home/boib2/vivadoProjects/registerProj/project_1/project_1.srcs/sim_1/new/src/counter_test.svh:]
INFO: [Vivado 12-12493] Simulation top is 'testbench'
INFO: [Vivado 12-5682] Launching behavioral simulation in '/home/boib2/vivadoProjects/registerProj/project_1/project_1.sim/sim_1/behav/xsim'
INFO: [SIM-utils-51] Simulation object is 'sim_1'
INFO: [SIM-utils-72] Using boost library from '/tools/Xilinx/2026.1/tps/boost_1_72_0'
WARNING: [filemgmt 56-199] Attempt to get parsing info during refresh. "On-the-fly" syntax checking information may be incorrect. [/home/boib2/vivadoProjects/registerProj/project_1/project_1.srcs/sim_1/new/src/counter_env.svh:]
WARNING: [filemgmt 56-199] Attempt to get parsing info during refresh. "On-the-fly" syntax checking information may be incorrect. [/home/boib2/vivadoProjects/registerProj/project_1/project_1.srcs/sim_1/new/counter_pkg.sv:]
WARNING: [filemgmt 56-199] Attempt to get parsing info during refresh. "On-the-fly" syntax checking information may be incorrect. [/home/boib2/vivadoProjects/registerProj/project_1/project_1.srcs/sim_1/new/counter_if.sv:]
WARNING: [filemgmt 56-199] Attempt to get parsing info during refresh. "On-the-fly" syntax checking information may be incorrect. [/home/boib2/vivadoProjects/registerProj/project_1/project_1.srcs/sources_1/new/programCounter.v:]
WARNING: [filemgmt 56-199] Attempt to get parsing info during refresh. "On-the-fly" syntax checking information may be incorrect. [/home/boib2/vivadoProjects/registerProj/project_1/project_1.srcs/sim_1/new/src/scoreboard.svh:]
WARNING: [filemgmt 56-199] Attempt to get parsing info during refresh. "On-the-fly" syntax checking information may be incorrect. [/home/boib2/vivadoProjects/registerProj/project_1/project_1.srcs/sim_1/new/src/monitor.svh:]
WARNING: [filemgmt 56-199] Attempt to get parsing info during refresh. "On-the-fly" syntax checking information may be incorrect. [/home/boib2/vivadoProjects/registerProj/project_1/project_1.srcs/sim_1/new/tb_top.sv:]
WARNING: [filemgmt 56-199] Attempt to get parsing info during refresh. "On-the-fly" syntax checking information may be incorrect. [/home/boib2/vivadoProjects/registerProj/project_1/project_1.srcs/sim_1/new/src/driver.svh:]
WARNING: [filemgmt 56-199] Attempt to get parsing info during refresh. "On-the-fly" syntax checking information may be incorrect. [/home/boib2/vivadoProjects/registerProj/project_1/project_1.srcs/sim_1/new/src/transaction.svh:]
WARNING: [filemgmt 56-199] Attempt to get parsing info during refresh. "On-the-fly" syntax checking information may be incorrect. [/home/boib2/vivadoProjects/registerProj/project_1/project_1.srcs/sim_1/new/src/printer.svh:]
WARNING: [filemgmt 56-199] Attempt to get parsing info during refresh. "On-the-fly" syntax checking information may be incorrect. [/home/boib2/vivadoProjects/registerProj/project_1/project_1.srcs/sim_1/new/src/counter_test.svh:]
WARNING: [filemgmt 56-199] Attempt to get parsing info during refresh. "On-the-fly" syntax checking information may be incorrect. [/home/boib2/vivadoProjects/registerProj/project_1/project_1.srcs/sim_1/new/src/agent_with_interface.svh:]
WARNING: [filemgmt 56-199] Attempt to get parsing info during refresh. "On-the-fly" syntax checking information may be incorrect. [/home/boib2/vivadoProjects/registerProj/project_1/project_1.srcs/sim_1/new/src/quiet_test.svh:]
WARNING: [filemgmt 56-199] Attempt to get parsing info during refresh. "On-the-fly" syntax checking information may be incorrect. [/home/boib2/vivadoProjects/registerProj/project_1/project_1.srcs/sim_1/new/counter_pkg.sv:]
WARNING: [filemgmt 56-199] Attempt to get parsing info during refresh. "On-the-fly" syntax checking information may be incorrect. [/home/boib2/vivadoProjects/registerProj/project_1/project_1.srcs/sim_1/new/counter_pkg.sv:]
WARNING: [filemgmt 56-199] Attempt to get parsing info during refresh. "On-the-fly" syntax checking information may be incorrect. [/home/boib2/vivadoProjects/registerProj/project_1/project_1.srcs/sim_1/new/src/counter_env.svh:]
WARNING: [filemgmt 56-199] Attempt to get parsing info during refresh. "On-the-fly" syntax checking information may be incorrect. [/home/boib2/vivadoProjects/registerProj/project_1/project_1.srcs/sim_1/new/counter_pkg.sv:]
WARNING: [filemgmt 56-199] Attempt to get parsing info during refresh. "On-the-fly" syntax checking information may be incorrect. [/home/boib2/vivadoProjects/registerProj/project_1/project_1.srcs/sim_1/new/counter_if.sv:]
WARNING: [filemgmt 56-199] Attempt to get parsing info during refresh. "On-the-fly" syntax checking information may be incorrect. [/home/boib2/vivadoProjects/registerProj/project_1/project_1.srcs/sources_1/new/programCounter.v:]
WARNING: [filemgmt 56-199] Attempt to get parsing info during refresh. "On-the-fly" syntax checking information may be incorrect. [/home/boib2/vivadoProjects/registerProj/project_1/project_1.srcs/sim_1/new/src/scoreboard.svh:]
WARNING: [filemgmt 56-199] Attempt to get parsing info during refresh. "On-the-fly" syntax checking information may be incorrect. [/home/boib2/vivadoProjects/registerProj/project_1/project_1.srcs/sim_1/new/src/monitor.svh:]
WARNING: [filemgmt 56-199] Attempt to get parsing info during refresh. "On-the-fly" syntax checking information may be incorrect. [/home/boib2/vivadoProjects/registerProj/project_1/project_1.srcs/sim_1/new/tb_top.sv:]
WARNING: [filemgmt 56-199] Attempt to get parsing info during refresh. "On-the-fly" syntax checking information may be incorrect. [/home/boib2/vivadoProjects/registerProj/project_1/project_1.srcs/sim_1/new/src/driver.svh:]
WARNING: [filemgmt 56-199] Attempt to get parsing info during refresh. "On-the-fly" syntax checking information may be incorrect. [/home/boib2/vivadoProjects/registerProj/project_1/project_1.srcs/sim_1/new/src/transaction.svh:]
WARNING: [filemgmt 56-199] Attempt to get parsing info during refresh. "On-the-fly" syntax checking information may be incorrect. [/home/boib2/vivadoProjects/registerProj/project_1/project_1.srcs/sim_1/new/src/printer.svh:]
WARNING: [filemgmt 56-199] Attempt to get parsing info during refresh. "On-the-fly" syntax checking information may be incorrect. [/home/boib2/vivadoProjects/registerProj/project_1/project_1.srcs/sim_1/new/src/counter_test.svh:]
WARNING: [filemgmt 56-199] Attempt to get parsing info during refresh. "On-the-fly" syntax checking information may be incorrect. [/home/boib2/vivadoProjects/registerProj/project_1/project_1.srcs/sim_1/new/src/agent_with_interface.svh:]
WARNING: [filemgmt 56-199] Attempt to get parsing info during refresh. "On-the-fly" syntax checking information may be incorrect. [/home/boib2/vivadoProjects/registerProj/project_1/project_1.srcs/sim_1/new/src/quiet_test.svh:]
WARNING: [filemgmt 56-199] Attempt to get parsing info during refresh. "On-the-fly" syntax checking information may be incorrect. [/home/boib2/vivadoProjects/registerProj/project_1/project_1.srcs/sim_1/new/src/counter_env.svh:]
WARNING: [filemgmt 56-199] Attempt to get parsing info during refresh. "On-the-fly" syntax checking information may be incorrect. [/home/boib2/vivadoProjects/registerProj/project_1/project_1.srcs/sim_1/new/src/counter_env.svh:]
INFO: [SIM-utils-54] Inspecting design source files for 'testbench' in fileset 'sim_1'...
INFO: [USF-XSim-97] Finding global include files...
INFO: [USF-XSim-98] Fetching design files from 'sim_1'...
INFO: [USF-XSim-2] XSim::Compile design
INFO: [USF-XSim-61] Executing 'COMPILE and ANALYZE' step in '/home/boib2/vivadoProjects/registerProj/project_1/project_1.sim/sim_1/behav/xsim'
xvlog --incr --relax -L uvm -L uvm -prj testbench_vlog.prj
INFO: [VRFC 10-2263] Analyzing Verilog file "/home/boib2/vivadoProjects/registerProj/project_1/project_1.srcs/sources_1/new/n-bit-Register.v" into library xil_defaultlib
INFO: [VRFC 10-311] analyzing module nbitRegister
INFO: [VRFC 10-2263] Analyzing Verilog file "/home/boib2/vivadoProjects/registerProj/project_1/project_1.srcs/sources_1/new/programCounter.v" into library xil_defaultlib
INFO: [VRFC 10-311] analyzing module programCounter
Waiting for jobs to finish...
No pending jobs, compilation finished.
INFO: [USF-XSim-69] 'compile' step finished in '1' seconds
INFO: [USF-XSim-3] XSim::Elaborate design
INFO: [USF-XSim-61] Executing 'ELABORATE' step in '/home/boib2/vivadoProjects/registerProj/project_1/project_1.sim/sim_1/behav/xsim'
xelab --incr --debug typical --relax --mt 8 -L xil_defaultlib -L uvm -L unisims_ver -L unimacro_ver -L secureip --snapshot testbench_behav xil_defaultlib.testbench xil_defaultlib.glbl -log elaborate.log -L uvm
Vivado Simulator v2026.1
Copyright 1986-2022 Xilinx, Inc. All Rights Reserved.
Copyright 2022-2026 Advanced Micro Devices, Inc. All Rights Reserved.
Running: /tools/Xilinx/2026.1/Vivado/bin/unwrapped/lnx64.o/xelab --incr --debug typical --relax --mt 8 -L xil_defaultlib -L uvm -L unisims_ver -L unimacro_ver -L secureip --snapshot testbench_behav xil_defaultlib.testbench xil_defaultlib.glbl -log elaborate.log -L uvm 
INFO: [XSIM 43-3493] Using 8 slave threads.
WARNING: [XSIM 43-3431] One or more environment variables have been detected which affect the operation of the C compiler. These are typically not set in standard installations and are not tested by AMD, however they may be appropriate for your system, so the flow will attempt to continue.  If errors occur, try running xelab with the "-mt off -v 1" switches to see more information from the C compiler. The following environment variables have been detected:
    LIBRARY_PATH
Starting static elaboration
Pass Through NonSizing Optimizer
Completed static elaboration
Starting simulation data flow analysis
Completed simulation data flow analysis
Time Resolution for simulation is 1ps
Compiling package xil_defaultlib.counter_pkg
Compiling package uvm.uvm_pkg
Compiling package std.std
Compiling module xil_defaultlib.counter_if_default
Compiling module xil_defaultlib.nbitRegister
Compiling module xil_defaultlib.programCounter
Compiling module xil_defaultlib.testbench
Compiling module xil_defaultlib.glbl
Built simulation snapshot testbench_behav
execute_script: Time (s): cpu = 00:00:52 ; elapsed = 00:00:13 . Memory (MB): peak = 11292.988 ; gain = 0.000 ; free physical = 4466 ; free virtual = 7667
INFO: [USF-XSim-69] 'elaborate' step finished in '13' seconds
INFO: [USF-XSim-4] XSim::Simulate design
INFO: [USF-XSim-61] Executing 'SIMULATE' step in '/home/boib2/vivadoProjects/registerProj/project_1/project_1.sim/sim_1/behav/xsim'
INFO: [USF-XSim-98] *** Running xsim
   with args "testbench_behav -key {Behavioral:sim_1:Functional:testbench} -tclbatch {testbench.tcl} -log {simulate.log} -testplusarg UVM_TESTNAME=counter_test"
INFO: [USF-XSim-8] Loading simulator feature
Time resolution is 1 ps
source testbench.tcl
# set curr_wave [current_wave_config]
# if { [string length $curr_wave] == 0 } {
#   if { [llength [get_objects]] > 0} {
#     add_wave /
#     set_property needs_save false [current_wave_config]
#   } else {
#      send_msg_id Add_Wave-1 WARNING "No top level signals found. Simulator will start without a wave window. If you want to open a wave window go to 'File->New Waveform Configuration' or type 'create_wave_config' in the TCL console."
#   }
# }
WARNING: [Simtcl 6-168] No object found for the given pattern.
WARNING: [Add_Wave-1] No top level signals found. Simulator will start without a wave window. If you want to open a wave window go to 'File->New Waveform Configuration' or type 'create_wave_config' in the TCL console.
# run 1000ns
UVM_INFO /tools/Xilinx/2026.1/Vivado/data/system_verilog/uvm_1.2/xlnx_uvm_package.sv(18601) @ 0: reporter [UVM/RELNOTES] 
----------------------------------------------------------------
UVM-1.2
(C) 2007-2014 Mentor Graphics Corporation
(C) 2007-2014 Cadence Design Systems, Inc.
(C) 2006-2014 Synopsys, Inc.
(C) 2011-2013 Cypress Semiconductor Corp.
(C) 2013-2014 NVIDIA Corporation
----------------------------------------------------------------

  ***********       IMPORTANT RELEASE NOTES         ************

  You are using a version of the UVM library that has been compiled
  with `UVM_NO_DEPRECATED undefined.

  You are using a version of the UVM library that has been compiled
  with `UVM_OBJECT_DO_NOT_NEED_CONSTRUCTOR undefined.

      (Specify +UVM_NO_RELNOTES to turn off this notice)

UVM_INFO /tools/Xilinx/2026.1/Vivado/data/system_verilog/uvm_1.2/xlnx_uvm_package.sv(18648) @ 0: reporter [NO_DPI_TSTNAME] UVM_NO_DPI defined--getting UVM_TESTNAME directly, without DPI
UVM_INFO @ 0: reporter [RNTST] Running test counter_test...
UVM_INFO /tools/Xilinx/2026.1/Vivado/data/system_verilog/uvm_1.2/xlnx_uvm_package.sv(20867) @ 0: reporter [UVM/COMP/NAMECHECK] This implementation of the component name checks requires DPI to be enabled
UVM_INFO ../../../../project_1.srcs/sim_1/new/src/driver.svh(25) @ 0: uvm_test_top.env.drv [run] Running with 100 loops
UVM_ERROR ../../../../project_1.srcs/sim_1/new/src/scoreboard.svh(27) @ 20000: uvm_test_top.env.sb [run] Expected 00  Received xxxxxxxx
UVM_INFO ../../../../project_1.srcs/sim_1/new/src/printer.svh(23) @ 20000: uvm_test_top.env.p [run] data_in: c0895e81 q: xxxxxxxx  ld: 0,  inc: 0
UVM_INFO ../../../../project_1.srcs/sim_1/new/src/printer.svh(23) @ 40000: uvm_test_top.env.p [run] data_in: c0895e81 q: 00  ld: 0,  inc: 0
UVM_ERROR ../../../../project_1.srcs/sim_1/new/src/scoreboard.svh(27) @ 60000: uvm_test_top.env.sb [run] Expected 04  Received 00
UVM_INFO ../../../../project_1.srcs/sim_1/new/src/printer.svh(23) @ 60000: uvm_test_top.env.p [run] data_in: 46df998d q: 00  ld: 0,  inc: 1
UVM_ERROR ../../../../project_1.srcs/sim_1/new/src/scoreboard.svh(27) @ 80000: uvm_test_top.env.sb [run] Expected 08  Received 00
UVM_INFO ../../../../project_1.srcs/sim_1/new/src/printer.svh(23) @ 80000: uvm_test_top.env.p [run] data_in: 46df998d q: 00  ld: 0,  inc: 1
UVM_ERROR ../../../../project_1.srcs/sim_1/new/src/scoreboard.svh(27) @ 100000: uvm_test_top.env.sb [run] Expected 0c  Received 00
UVM_INFO ../../../../project_1.srcs/sim_1/new/src/printer.svh(23) @ 100000: uvm_test_top.env.p [run] data_in: 6d7cd0d q: 00  ld: 0,  inc: 1
UVM_ERROR ../../../../project_1.srcs/sim_1/new/src/scoreboard.svh(27) @ 120000: uvm_test_top.env.sb [run] Expected 10  Received 00
UVM_INFO ../../../../project_1.srcs/sim_1/new/src/printer.svh(23) @ 120000: uvm_test_top.env.p [run] data_in: 6d7cd0d q: 00  ld: 0,  inc: 1
UVM_ERROR ../../../../project_1.srcs/sim_1/new/src/scoreboard.svh(27) @ 140000: uvm_test_top.env.sb [run] Expected 1e8dcd3d  Received 00
UVM_INFO ../../../../project_1.srcs/sim_1/new/src/printer.svh(23) @ 140000: uvm_test_top.env.p [run] data_in: 462df78c q: 00  ld: 0,  inc: 1
UVM_ERROR ../../../../project_1.srcs/sim_1/new/src/scoreboard.svh(27) @ 160000: uvm_test_top.env.sb [run] Expected 1e8dcd41  Received 00
UVM_INFO ../../../../project_1.srcs/sim_1/new/src/printer.svh(23) @ 160000: uvm_test_top.env.p [run] data_in: 462df78c q: 00  ld: 0,  inc: 1
UVM_ERROR ../../../../project_1.srcs/sim_1/new/src/scoreboard.svh(27) @ 180000: uvm_test_top.env.sb [run] Expected 1e8dcd45  Received 00
UVM_INFO ../../../../project_1.srcs/sim_1/new/src/printer.svh(23) @ 180000: uvm_test_top.env.p [run] data_in: d513d2aa q: 00  ld: 0,  inc: 1
UVM_ERROR ../../../../project_1.srcs/sim_1/new/src/scoreboard.svh(27) @ 200000: uvm_test_top.env.sb [run] Expected 1e8dcd49  Received 00
UVM_INFO ../../../../project_1.srcs/sim_1/new/src/printer.svh(23) @ 200000: uvm_test_top.env.p [run] data_in: d513d2aa q: 00  ld: 0,  inc: 1
UVM_ERROR ../../../../project_1.srcs/sim_1/new/src/scoreboard.svh(27) @ 220000: uvm_test_top.env.sb [run] Expected 1e8dcd4d  Received 00
UVM_INFO ../../../../project_1.srcs/sim_1/new/src/printer.svh(23) @ 220000: uvm_test_top.env.p [run] data_in: 47ecdb8f q: 00  ld: 1,  inc: 0
UVM_ERROR ../../../../project_1.srcs/sim_1/new/src/scoreboard.svh(27) @ 240000: uvm_test_top.env.sb [run] Expected 47ecdb8f  Received 00
UVM_INFO ../../../../project_1.srcs/sim_1/new/src/printer.svh(23) @ 240000: uvm_test_top.env.p [run] data_in: 47ecdb8f q: 00  ld: 1,  inc: 0
UVM_ERROR ../../../../project_1.srcs/sim_1/new/src/scoreboard.svh(27) @ 260000: uvm_test_top.env.sb [run] Expected e77696ce  Received 00
UVM_INFO ../../../../project_1.srcs/sim_1/new/src/printer.svh(23) @ 260000: uvm_test_top.env.p [run] data_in: e2ca4ec5 q: 00  ld: 0,  inc: 0
UVM_ERROR ../../../../project_1.srcs/sim_1/new/src/scoreboard.svh(27) @ 280000: uvm_test_top.env.sb [run] Expected e77696ce  Received 00
UVM_INFO ../../../../project_1.srcs/sim_1/new/src/printer.svh(23) @ 280000: uvm_test_top.env.p [run] data_in: e2ca4ec5 q: 00  ld: 0,  inc: 0
UVM_ERROR ../../../../project_1.srcs/sim_1/new/src/scoreboard.svh(27) @ 300000: uvm_test_top.env.sb [run] Expected e77696ce  Received 00
UVM_INFO ../../../../project_1.srcs/sim_1/new/src/printer.svh(23) @ 300000: uvm_test_top.env.p [run] data_in: b2a72665 q: 00  ld: 0,  inc: 1
UVM_ERROR ../../../../project_1.srcs/sim_1/new/src/scoreboard.svh(27) @ 320000: uvm_test_top.env.sb [run] Expected e77696d2  Received 00
UVM_INFO ../../../../project_1.srcs/sim_1/new/src/printer.svh(23) @ 320000: uvm_test_top.env.p [run] data_in: b2a72665 q: 00  ld: 0,  inc: 1
UVM_ERROR ../../../../project_1.srcs/sim_1/new/src/scoreboard.svh(27) @ 340000: uvm_test_top.env.sb [run] Expected 573870a  Received 00
UVM_INFO ../../../../project_1.srcs/sim_1/new/src/printer.svh(23) @ 340000: uvm_test_top.env.p [run] data_in: 10642120 q: 00  ld: 0,  inc: 0
UVM_ERROR ../../../../project_1.srcs/sim_1/new/src/scoreboard.svh(27) @ 360000: uvm_test_top.env.sb [run] Expected 573870a  Received 00
UVM_INFO ../../../../project_1.srcs/sim_1/new/src/printer.svh(23) @ 360000: uvm_test_top.env.p [run] data_in: 10642120 q: 00  ld: 0,  inc: 0
UVM_ERROR ../../../../project_1.srcs/sim_1/new/src/scoreboard.svh(27) @ 380000: uvm_test_top.env.sb [run] Expected cecccc9d  Received 00
UVM_INFO ../../../../project_1.srcs/sim_1/new/src/printer.svh(23) @ 380000: uvm_test_top.env.p [run] data_in: 8983b813 q: 00  ld: 1,  inc: 0
UVM_ERROR ../../../../project_1.srcs/sim_1/new/src/scoreboard.svh(27) @ 400000: uvm_test_top.env.sb [run] Expected 8983b813  Received 00
UVM_INFO ../../../../project_1.srcs/sim_1/new/src/printer.svh(23) @ 400000: uvm_test_top.env.p [run] data_in: 8983b813 q: 00  ld: 1,  inc: 0
UVM_ERROR ../../../../project_1.srcs/sim_1/new/src/scoreboard.svh(27) @ 420000: uvm_test_top.env.sb [run] Expected 8983b817  Received 00
UVM_INFO ../../../../project_1.srcs/sim_1/new/src/printer.svh(23) @ 420000: uvm_test_top.env.p [run] data_in: eaa62ad5 q: 00  ld: 1,  inc: 1
UVM_ERROR ../../../../project_1.srcs/sim_1/new/src/scoreboard.svh(27) @ 440000: uvm_test_top.env.sb [run] Expected eaa62ad5  Received 00
UVM_INFO ../../../../project_1.srcs/sim_1/new/src/printer.svh(23) @ 440000: uvm_test_top.env.p [run] data_in: eaa62ad5 q: 00  ld: 1,  inc: 1
UVM_ERROR ../../../../project_1.srcs/sim_1/new/src/scoreboard.svh(27) @ 460000: uvm_test_top.env.sb [run] Expected d7563eae  Received 00
UVM_INFO ../../../../project_1.srcs/sim_1/new/src/printer.svh(23) @ 460000: uvm_test_top.env.p [run] data_in: e7c572cf q: 00  ld: 0,  inc: 1
UVM_ERROR ../../../../project_1.srcs/sim_1/new/src/scoreboard.svh(27) @ 480000: uvm_test_top.env.sb [run] Expected d7563eb2  Received 00
UVM_INFO ../../../../project_1.srcs/sim_1/new/src/printer.svh(23) @ 480000: uvm_test_top.env.p [run] data_in: e7c572cf q: 00  ld: 0,  inc: 1
UVM_ERROR ../../../../project_1.srcs/sim_1/new/src/scoreboard.svh(27) @ 500000: uvm_test_top.env.sb [run] Expected 509650a  Received 00
UVM_INFO ../../../../project_1.srcs/sim_1/new/src/printer.svh(23) @ 500000: uvm_test_top.env.p [run] data_in: 9e314c3c q: 00  ld: 1,  inc: 0
UVM_ERROR ../../../../project_1.srcs/sim_1/new/src/scoreboard.svh(27) @ 520000: uvm_test_top.env.sb [run] Expected 9e314c3c  Received 00
UVM_INFO ../../../../project_1.srcs/sim_1/new/src/printer.svh(23) @ 520000: uvm_test_top.env.p [run] data_in: 9e314c3c q: 00  ld: 1,  inc: 0
UVM_ERROR ../../../../project_1.srcs/sim_1/new/src/scoreboard.svh(27) @ 540000: uvm_test_top.env.sb [run] Expected 452e618a  Received 00
UVM_INFO ../../../../project_1.srcs/sim_1/new/src/printer.svh(23) @ 540000: uvm_test_top.env.p [run] data_in: ec4b34d8 q: 00  ld: 0,  inc: 1
UVM_ERROR ../../../../project_1.srcs/sim_1/new/src/scoreboard.svh(27) @ 560000: uvm_test_top.env.sb [run] Expected 452e618e  Received 00
UVM_INFO ../../../../project_1.srcs/sim_1/new/src/printer.svh(23) @ 560000: uvm_test_top.env.p [run] data_in: ec4b34d8 q: 00  ld: 0,  inc: 1
UVM_ERROR ../../../../project_1.srcs/sim_1/new/src/scoreboard.svh(27) @ 580000: uvm_test_top.env.sb [run] Expected 452e618e  Received 00
UVM_INFO ../../../../project_1.srcs/sim_1/new/src/printer.svh(23) @ 580000: uvm_test_top.env.p [run] data_in: 5b0265b6 q: 00  ld: 1,  inc: 1
UVM_ERROR ../../../../project_1.srcs/sim_1/new/src/scoreboard.svh(27) @ 600000: uvm_test_top.env.sb [run] Expected 5b0265b6  Received 00
UVM_INFO ../../../../project_1.srcs/sim_1/new/src/printer.svh(23) @ 600000: uvm_test_top.env.p [run] data_in: 5b0265b6 q: 00  ld: 1,  inc: 1
UVM_ERROR ../../../../project_1.srcs/sim_1/new/src/scoreboard.svh(27) @ 620000: uvm_test_top.env.sb [run] Expected 571513ae  Received 00
UVM_INFO ../../../../project_1.srcs/sim_1/new/src/printer.svh(23) @ 620000: uvm_test_top.env.p [run] data_in: 150fdd2a q: 00  ld: 0,  inc: 0
UVM_ERROR ../../../../project_1.srcs/sim_1/new/src/scoreboard.svh(27) @ 640000: uvm_test_top.env.sb [run] Expected 571513ae  Received 00
UVM_INFO ../../../../project_1.srcs/sim_1/new/src/printer.svh(23) @ 640000: uvm_test_top.env.p [run] data_in: 150fdd2a q: 00  ld: 0,  inc: 0
UVM_ERROR ../../../../project_1.srcs/sim_1/new/src/scoreboard.svh(27) @ 660000: uvm_test_top.env.sb [run] Expected b897be71  Received 00
UVM_INFO ../../../../project_1.srcs/sim_1/new/src/printer.svh(23) @ 660000: uvm_test_top.env.p [run] data_in: 27f2554f q: 00  ld: 0,  inc: 1
UVM_ERROR ../../../../project_1.srcs/sim_1/new/src/scoreboard.svh(27) @ 680000: uvm_test_top.env.sb [run] Expected b897be75  Received 00
UVM_INFO ../../../../project_1.srcs/sim_1/new/src/printer.svh(23) @ 680000: uvm_test_top.env.p [run] data_in: 27f2554f q: 00  ld: 0,  inc: 1
UVM_ERROR ../../../../project_1.srcs/sim_1/new/src/scoreboard.svh(27) @ 700000: uvm_test_top.env.sb [run] Expected 1d06333a  Received 00
UVM_INFO ../../../../project_1.srcs/sim_1/new/src/printer.svh(23) @ 700000: uvm_test_top.env.p [run] data_in: aaa4b15 q: 00  ld: 1,  inc: 0
UVM_ERROR ../../../../project_1.srcs/sim_1/new/src/scoreboard.svh(27) @ 720000: uvm_test_top.env.sb [run] Expected aaa4b15  Received 00
UVM_INFO ../../../../project_1.srcs/sim_1/new/src/printer.svh(23) @ 720000: uvm_test_top.env.p [run] data_in: aaa4b15 q: 00  ld: 1,  inc: 0
UVM_ERROR ../../../../project_1.srcs/sim_1/new/src/scoreboard.svh(27) @ 740000: uvm_test_top.env.sb [run] Expected aaa4b19  Received 00
UVM_INFO ../../../../project_1.srcs/sim_1/new/src/printer.svh(23) @ 740000: uvm_test_top.env.p [run] data_in: 2635fb4c q: 00  ld: 1,  inc: 0
UVM_ERROR ../../../../project_1.srcs/sim_1/new/src/scoreboard.svh(27) @ 760000: uvm_test_top.env.sb [run] Expected 2635fb4c  Received 00
UVM_INFO ../../../../project_1.srcs/sim_1/new/src/printer.svh(23) @ 760000: uvm_test_top.env.p [run] data_in: 2635fb4c q: 00  ld: 1,  inc: 0
UVM_ERROR ../../../../project_1.srcs/sim_1/new/src/scoreboard.svh(27) @ 780000: uvm_test_top.env.sb [run] Expected 47b9a18f  Received 00
UVM_INFO ../../../../project_1.srcs/sim_1/new/src/printer.svh(23) @ 780000: uvm_test_top.env.p [run] data_in: dbcd60b7 q: 00  ld: 0,  inc: 0
UVM_ERROR ../../../../project_1.srcs/sim_1/new/src/scoreboard.svh(27) @ 800000: uvm_test_top.env.sb [run] Expected 47b9a18f  Received 00
UVM_INFO ../../../../project_1.srcs/sim_1/new/src/printer.svh(23) @ 800000: uvm_test_top.env.p [run] data_in: dbcd60b7 q: 00  ld: 0,  inc: 0
UVM_ERROR ../../../../project_1.srcs/sim_1/new/src/scoreboard.svh(27) @ 820000: uvm_test_top.env.sb [run] Expected ae7d945c  Received 00
UVM_INFO ../../../../project_1.srcs/sim_1/new/src/printer.svh(23) @ 820000: uvm_test_top.env.p [run] data_in: 44de3789 q: 00  ld: 1,  inc: 1
UVM_ERROR ../../../../project_1.srcs/sim_1/new/src/scoreboard.svh(27) @ 840000: uvm_test_top.env.sb [run] Expected 44de3789  Received 00
UVM_INFO ../../../../project_1.srcs/sim_1/new/src/printer.svh(23) @ 840000: uvm_test_top.env.p [run] data_in: 44de3789 q: 00  ld: 1,  inc: 1
UVM_ERROR ../../../../project_1.srcs/sim_1/new/src/scoreboard.svh(27) @ 860000: uvm_test_top.env.sb [run] Expected 44de378d  Received 00
UVM_INFO ../../../../project_1.srcs/sim_1/new/src/printer.svh(23) @ 860000: uvm_test_top.env.p [run] data_in: a8c7fc51 q: 00  ld: 1,  inc: 1
UVM_ERROR ../../../../project_1.srcs/sim_1/new/src/scoreboard.svh(27) @ 880000: uvm_test_top.env.sb [run] Expected a8c7fc51  Received 00
UVM_INFO ../../../../project_1.srcs/sim_1/new/src/printer.svh(23) @ 880000: uvm_test_top.env.p [run] data_in: a8c7fc51 q: 00  ld: 1,  inc: 1
UVM_ERROR ../../../../project_1.srcs/sim_1/new/src/scoreboard.svh(27) @ 900000: uvm_test_top.env.sb [run] Expected 61d7f0c  Received 00
UVM_INFO ../../../../project_1.srcs/sim_1/new/src/printer.svh(23) @ 900000: uvm_test_top.env.p [run] data_in: 6457edc8 q: 00  ld: 1,  inc: 0
UVM_ERROR ../../../../project_1.srcs/sim_1/new/src/scoreboard.svh(27) @ 920000: uvm_test_top.env.sb [run] Expected 6457edc8  Received 00
UVM_INFO ../../../../project_1.srcs/sim_1/new/src/printer.svh(23) @ 920000: uvm_test_top.env.p [run] data_in: 6457edc8 q: 00  ld: 1,  inc: 0
UVM_ERROR ../../../../project_1.srcs/sim_1/new/src/scoreboard.svh(27) @ 940000: uvm_test_top.env.sb [run] Expected 1ef2ed3d  Received 00
UVM_INFO ../../../../project_1.srcs/sim_1/new/src/printer.svh(23) @ 940000: uvm_test_top.env.p [run] data_in: bf05007e q: 00  ld: 1,  inc: 0
UVM_ERROR ../../../../project_1.srcs/sim_1/new/src/scoreboard.svh(27) @ 960000: uvm_test_top.env.sb [run] Expected bf05007e  Received 00
UVM_INFO ../../../../project_1.srcs/sim_1/new/src/printer.svh(23) @ 960000: uvm_test_top.env.p [run] data_in: bf05007e q: 00  ld: 1,  inc: 0
UVM_ERROR ../../../../project_1.srcs/sim_1/new/src/scoreboard.svh(27) @ 980000: uvm_test_top.env.sb [run] Expected bf050082  Received 00
UVM_INFO ../../../../project_1.srcs/sim_1/new/src/printer.svh(23) @ 980000: uvm_test_top.env.p [run] data_in: e9ebf6d3 q: 00  ld: 1,  inc: 1
UVM_ERROR ../../../../project_1.srcs/sim_1/new/src/scoreboard.svh(27) @ 1000000: uvm_test_top.env.sb [run] Expected e9ebf6d3  Received 00
UVM_INFO ../../../../project_1.srcs/sim_1/new/src/printer.svh(23) @ 1000000: uvm_test_top.env.p [run] data_in: e9ebf6d3 q: 00  ld: 1,  inc: 1
INFO: [USF-XSim-96] XSim completed. Design snapshot 'testbench_behav' loaded.
INFO: [USF-XSim-97] XSim simulation ran for 1000ns
launch_simulation: Time (s): cpu = 00:01:00 ; elapsed = 00:00:18 . Memory (MB): peak = 11320.148 ; gain = 27.160 ; free physical = 4391 ; free virtual = 7617
close_sim
INFO: xsimkernel Simulation Memory Usage: 306424 KB (Peak: 355760 KB), Simulation CPU Usage: 800 ms
INFO: [Simtcl 6-16] Simulation closed
WARNING: [filemgmt 56-199] Attempt to get parsing info during refresh. "On-the-fly" syntax checking information may be incorrect. [/home/boib2/vivadoProjects/registerProj/project_1/project_1.srcs/sim_1/new/src/counter_env.svh:]
WARNING: [filemgmt 56-199] Attempt to get parsing info during refresh. "On-the-fly" syntax checking information may be incorrect. [/home/boib2/vivadoProjects/registerProj/project_1/project_1.srcs/sim_1/new/counter_pkg.sv:]
WARNING: [filemgmt 56-199] Attempt to get parsing info during refresh. "On-the-fly" syntax checking information may be incorrect. [/home/boib2/vivadoProjects/registerProj/project_1/project_1.srcs/sim_1/new/counter_if.sv:]
WARNING: [filemgmt 56-199] Attempt to get parsing info during refresh. "On-the-fly" syntax checking information may be incorrect. [/home/boib2/vivadoProjects/registerProj/project_1/project_1.srcs/sources_1/new/programCounter.v:]
WARNING: [filemgmt 56-199] Attempt to get parsing info during refresh. "On-the-fly" syntax checking information may be incorrect. [/home/boib2/vivadoProjects/registerProj/project_1/project_1.srcs/sim_1/new/src/scoreboard.svh:]
WARNING: [filemgmt 56-199] Attempt to get parsing info during refresh. "On-the-fly" syntax checking information may be incorrect. [/home/boib2/vivadoProjects/registerProj/project_1/project_1.srcs/sim_1/new/src/monitor.svh:]
WARNING: [filemgmt 56-199] Attempt to get parsing info during refresh. "On-the-fly" syntax checking information may be incorrect. [/home/boib2/vivadoProjects/registerProj/project_1/project_1.srcs/sources_1/new/n-bit-Register.v:]
WARNING: [filemgmt 56-199] Attempt to get parsing info during refresh. "On-the-fly" syntax checking information may be incorrect. [/home/boib2/vivadoProjects/registerProj/project_1/project_1.srcs/sim_1/new/tb_top.sv:]
WARNING: [filemgmt 56-199] Attempt to get parsing info during refresh. "On-the-fly" syntax checking information may be incorrect. [/home/boib2/vivadoProjects/registerProj/project_1/project_1.srcs/sim_1/new/src/driver.svh:]
WARNING: [filemgmt 56-199] Attempt to get parsing info during refresh. "On-the-fly" syntax checking information may be incorrect. [/home/boib2/vivadoProjects/registerProj/project_1/project_1.srcs/sim_1/new/src/transaction.svh:]
WARNING: [filemgmt 56-199] Attempt to get parsing info during refresh. "On-the-fly" syntax checking information may be incorrect. [/home/boib2/vivadoProjects/registerProj/project_1/project_1.srcs/sim_1/new/src/printer.svh:]
WARNING: [filemgmt 56-199] Attempt to get parsing info during refresh. "On-the-fly" syntax checking information may be incorrect. [/home/boib2/vivadoProjects/registerProj/project_1/project_1.srcs/sim_1/new/src/counter_test.svh:]
WARNING: [filemgmt 56-199] Attempt to get parsing info during refresh. "On-the-fly" syntax checking information may be incorrect. [/home/boib2/vivadoProjects/registerProj/project_1/project_1.srcs/sim_1/new/src/agent_with_interface.svh:]
WARNING: [filemgmt 56-199] Attempt to get parsing info during refresh. "On-the-fly" syntax checking information may be incorrect. [/home/boib2/vivadoProjects/registerProj/project_1/project_1.srcs/sim_1/new/src/quiet_test.svh:]
WARNING: [filemgmt 56-199] Attempt to get parsing info during refresh. "On-the-fly" syntax checking information may be incorrect. [/home/boib2/vivadoProjects/registerProj/project_1/project_1.srcs/sources_1/new/programCounter.v:]
WARNING: [filemgmt 56-199] Attempt to get parsing info during refresh. "On-the-fly" syntax checking information may be incorrect. [/home/boib2/vivadoProjects/registerProj/project_1/project_1.srcs/sources_1/new/programCounter.v:]
WARNING: [filemgmt 56-199] Attempt to get parsing info during refresh. "On-the-fly" syntax checking information may be incorrect. [/home/boib2/vivadoProjects/registerProj/project_1/project_1.srcs/sim_1/new/src/counter_env.svh:]
WARNING: [filemgmt 56-199] Attempt to get parsing info during refresh. "On-the-fly" syntax checking information may be incorrect. [/home/boib2/vivadoProjects/registerProj/project_1/project_1.srcs/sim_1/new/counter_pkg.sv:]
WARNING: [filemgmt 56-199] Attempt to get parsing info during refresh. "On-the-fly" syntax checking information may be incorrect. [/home/boib2/vivadoProjects/registerProj/project_1/project_1.srcs/sim_1/new/counter_if.sv:]
WARNING: [filemgmt 56-199] Attempt to get parsing info during refresh. "On-the-fly" syntax checking information may be incorrect. [/home/boib2/vivadoProjects/registerProj/project_1/project_1.srcs/sources_1/new/programCounter.v:]
WARNING: [filemgmt 56-199] Attempt to get parsing info during refresh. "On-the-fly" syntax checking information may be incorrect. [/home/boib2/vivadoProjects/registerProj/project_1/project_1.srcs/sim_1/new/src/scoreboard.svh:]
WARNING: [filemgmt 56-199] Attempt to get parsing info during refresh. "On-the-fly" syntax checking information may be incorrect. [/home/boib2/vivadoProjects/registerProj/project_1/project_1.srcs/sim_1/new/src/monitor.svh:]
WARNING: [filemgmt 56-199] Attempt to get parsing info during refresh. "On-the-fly" syntax checking information may be incorrect. [/home/boib2/vivadoProjects/registerProj/project_1/project_1.srcs/sources_1/new/n-bit-Register.v:]
WARNING: [filemgmt 56-199] Attempt to get parsing info during refresh. "On-the-fly" syntax checking information may be incorrect. [/home/boib2/vivadoProjects/registerProj/project_1/project_1.srcs/sim_1/new/tb_top.sv:]
WARNING: [filemgmt 56-199] Attempt to get parsing info during refresh. "On-the-fly" syntax checking information may be incorrect. [/home/boib2/vivadoProjects/registerProj/project_1/project_1.srcs/sim_1/new/src/driver.svh:]
WARNING: [filemgmt 56-199] Attempt to get parsing info during refresh. "On-the-fly" syntax checking information may be incorrect. [/home/boib2/vivadoProjects/registerProj/project_1/project_1.srcs/sim_1/new/src/transaction.svh:]
WARNING: [filemgmt 56-199] Attempt to get parsing info during refresh. "On-the-fly" syntax checking information may be incorrect. [/home/boib2/vivadoProjects/registerProj/project_1/project_1.srcs/sim_1/new/src/printer.svh:]
WARNING: [filemgmt 56-199] Attempt to get parsing info during refresh. "On-the-fly" syntax checking information may be incorrect. [/home/boib2/vivadoProjects/registerProj/project_1/project_1.srcs/sim_1/new/src/counter_test.svh:]
WARNING: [filemgmt 56-199] Attempt to get parsing info during refresh. "On-the-fly" syntax checking information may be incorrect. [/home/boib2/vivadoProjects/registerProj/project_1/project_1.srcs/sim_1/new/src/agent_with_interface.svh:]
WARNING: [filemgmt 56-199] Attempt to get parsing info during refresh. "On-the-fly" syntax checking information may be incorrect. [/home/boib2/vivadoProjects/registerProj/project_1/project_1.srcs/sim_1/new/src/quiet_test.svh:]
WARNING: [filemgmt 56-199] Attempt to get parsing info during refresh. "On-the-fly" syntax checking information may be incorrect. [/home/boib2/vivadoProjects/registerProj/project_1/project_1.srcs/sim_1/new/tb_top.sv:]
WARNING: [filemgmt 56-199] Attempt to get parsing info during refresh. "On-the-fly" syntax checking information may be incorrect. [/home/boib2/vivadoProjects/registerProj/project_1/project_1.srcs/sim_1/new/tb_top.sv:]
launch_simulation
Command: launch_simulation  -mode behavioral
INFO: [Vivado 12-25911] Executing simulation for 'XSim' simulator
INFO: [Project 1-5737] Running on host Elvinjohn1234 (64) - Ubuntu 26.04 LTS
INFO: [Vivado 12-28535] Process started - Sat Aug 15 15:43:41 2026

WARNING: [filemgmt 56-199] Attempt to get parsing info during refresh. "On-the-fly" syntax checking information may be incorrect. [/home/boib2/vivadoProjects/registerProj/project_1/project_1.srcs/sim_1/new/src/counter_env.svh:]
WARNING: [filemgmt 56-199] Attempt to get parsing info during refresh. "On-the-fly" syntax checking information may be incorrect. [/home/boib2/vivadoProjects/registerProj/project_1/project_1.srcs/sim_1/new/counter_pkg.sv:]
WARNING: [filemgmt 56-199] Attempt to get parsing info during refresh. "On-the-fly" syntax checking information may be incorrect. [/home/boib2/vivadoProjects/registerProj/project_1/project_1.srcs/sim_1/new/counter_if.sv:]
WARNING: [filemgmt 56-199] Attempt to get parsing info during refresh. "On-the-fly" syntax checking information may be incorrect. [/home/boib2/vivadoProjects/registerProj/project_1/project_1.srcs/sources_1/new/programCounter.v:]
WARNING: [filemgmt 56-199] Attempt to get parsing info during refresh. "On-the-fly" syntax checking information may be incorrect. [/home/boib2/vivadoProjects/registerProj/project_1/project_1.srcs/sim_1/new/src/scoreboard.svh:]
WARNING: [filemgmt 56-199] Attempt to get parsing info during refresh. "On-the-fly" syntax checking information may be incorrect. [/home/boib2/vivadoProjects/registerProj/project_1/project_1.srcs/sim_1/new/src/monitor.svh:]
WARNING: [filemgmt 56-199] Attempt to get parsing info during refresh. "On-the-fly" syntax checking information may be incorrect. [/home/boib2/vivadoProjects/registerProj/project_1/project_1.srcs/sources_1/new/n-bit-Register.v:]
WARNING: [filemgmt 56-199] Attempt to get parsing info during refresh. "On-the-fly" syntax checking information may be incorrect. [/home/boib2/vivadoProjects/registerProj/project_1/project_1.srcs/sim_1/new/tb_top.sv:]
WARNING: [filemgmt 56-199] Attempt to get parsing info during refresh. "On-the-fly" syntax checking information may be incorrect. [/home/boib2/vivadoProjects/registerProj/project_1/project_1.srcs/sim_1/new/src/driver.svh:]
WARNING: [filemgmt 56-199] Attempt to get parsing info during refresh. "On-the-fly" syntax checking information may be incorrect. [/home/boib2/vivadoProjects/registerProj/project_1/project_1.srcs/sim_1/new/src/transaction.svh:]
WARNING: [filemgmt 56-199] Attempt to get parsing info during refresh. "On-the-fly" syntax checking information may be incorrect. [/home/boib2/vivadoProjects/registerProj/project_1/project_1.srcs/sim_1/new/src/printer.svh:]
WARNING: [filemgmt 56-199] Attempt to get parsing info during refresh. "On-the-fly" syntax checking information may be incorrect. [/home/boib2/vivadoProjects/registerProj/project_1/project_1.srcs/sim_1/new/src/counter_test.svh:]
WARNING: [filemgmt 56-199] Attempt to get parsing info during refresh. "On-the-fly" syntax checking information may be incorrect. [/home/boib2/vivadoProjects/registerProj/project_1/project_1.srcs/sim_1/new/src/agent_with_interface.svh:]
WARNING: [filemgmt 56-199] Attempt to get parsing info during refresh. "On-the-fly" syntax checking information may be incorrect. [/home/boib2/vivadoProjects/registerProj/project_1/project_1.srcs/sim_1/new/src/quiet_test.svh:]
WARNING: [filemgmt 56-199] Attempt to get parsing info during refresh. "On-the-fly" syntax checking information may be incorrect. [/home/boib2/vivadoProjects/registerProj/project_1/project_1.srcs/sim_1/new/src/scoreboard.svh:]
WARNING: [filemgmt 56-199] Attempt to get parsing info during refresh. "On-the-fly" syntax checking information may be incorrect. [/home/boib2/vivadoProjects/registerProj/project_1/project_1.srcs/sim_1/new/src/scoreboard.svh:]
WARNING: [filemgmt 56-199] Attempt to get parsing info during refresh. "On-the-fly" syntax checking information may be incorrect. [/home/boib2/vivadoProjects/registerProj/project_1/project_1.srcs/sim_1/new/src/counter_env.svh:]
WARNING: [filemgmt 56-199] Attempt to get parsing info during refresh. "On-the-fly" syntax checking information may be incorrect. [/home/boib2/vivadoProjects/registerProj/project_1/project_1.srcs/sim_1/new/counter_pkg.sv:]
WARNING: [filemgmt 56-199] Attempt to get parsing info during refresh. "On-the-fly" syntax checking information may be incorrect. [/home/boib2/vivadoProjects/registerProj/project_1/project_1.srcs/sim_1/new/counter_if.sv:]
WARNING: [filemgmt 56-199] Attempt to get parsing info during refresh. "On-the-fly" syntax checking information may be incorrect. [/home/boib2/vivadoProjects/registerProj/project_1/project_1.srcs/sources_1/new/programCounter.v:]
WARNING: [filemgmt 56-199] Attempt to get parsing info during refresh. "On-the-fly" syntax checking information may be incorrect. [/home/boib2/vivadoProjects/registerProj/project_1/project_1.srcs/sim_1/new/src/scoreboard.svh:]
WARNING: [filemgmt 56-199] Attempt to get parsing info during refresh. "On-the-fly" syntax checking information may be incorrect. [/home/boib2/vivadoProjects/registerProj/project_1/project_1.srcs/sim_1/new/src/monitor.svh:]
WARNING: [filemgmt 56-199] Attempt to get parsing info during refresh. "On-the-fly" syntax checking information may be incorrect. [/home/boib2/vivadoProjects/registerProj/project_1/project_1.srcs/sources_1/new/n-bit-Register.v:]
WARNING: [filemgmt 56-199] Attempt to get parsing info during refresh. "On-the-fly" syntax checking information may be incorrect. [/home/boib2/vivadoProjects/registerProj/project_1/project_1.srcs/sim_1/new/tb_top.sv:]
WARNING: [filemgmt 56-199] Attempt to get parsing info during refresh. "On-the-fly" syntax checking information may be incorrect. [/home/boib2/vivadoProjects/registerProj/project_1/project_1.srcs/sim_1/new/src/driver.svh:]
WARNING: [filemgmt 56-199] Attempt to get parsing info during refresh. "On-the-fly" syntax checking information may be incorrect. [/home/boib2/vivadoProjects/registerProj/project_1/project_1.srcs/sim_1/new/src/transaction.svh:]
WARNING: [filemgmt 56-199] Attempt to get parsing info during refresh. "On-the-fly" syntax checking information may be incorrect. [/home/boib2/vivadoProjects/registerProj/project_1/project_1.srcs/sim_1/new/src/printer.svh:]
WARNING: [filemgmt 56-199] Attempt to get parsing info during refresh. "On-the-fly" syntax checking information may be incorrect. [/home/boib2/vivadoProjects/registerProj/project_1/project_1.srcs/sim_1/new/src/counter_test.svh:]
WARNING: [filemgmt 56-199] Attempt to get parsing info during refresh. "On-the-fly" syntax checking information may be incorrect. [/home/boib2/vivadoProjects/registerProj/project_1/project_1.srcs/sim_1/new/src/agent_with_interface.svh:]
WARNING: [filemgmt 56-199] Attempt to get parsing info during refresh. "On-the-fly" syntax checking information may be incorrect. [/home/boib2/vivadoProjects/registerProj/project_1/project_1.srcs/sim_1/new/src/quiet_test.svh:]
WARNING: [filemgmt 56-199] Attempt to get parsing info during refresh. "On-the-fly" syntax checking information may be incorrect. [/home/boib2/vivadoProjects/registerProj/project_1/project_1.srcs/sim_1/new/counter_if.sv:]
WARNING: [filemgmt 56-199] Attempt to get parsing info during refresh. "On-the-fly" syntax checking information may be incorrect. [/home/boib2/vivadoProjects/registerProj/project_1/project_1.srcs/sim_1/new/counter_if.sv:]
WARNING: [filemgmt 56-199] Attempt to get parsing info during refresh. "On-the-fly" syntax checking information may be incorrect. [/home/boib2/vivadoProjects/registerProj/project_1/project_1.srcs/sim_1/new/src/counter_env.svh:]
WARNING: [filemgmt 56-199] Attempt to get parsing info during refresh. "On-the-fly" syntax checking information may be incorrect. [/home/boib2/vivadoProjects/registerProj/project_1/project_1.srcs/sim_1/new/counter_pkg.sv:]
WARNING: [filemgmt 56-199] Attempt to get parsing info during refresh. "On-the-fly" syntax checking information may be incorrect. [/home/boib2/vivadoProjects/registerProj/project_1/project_1.srcs/sim_1/new/counter_if.sv:]
WARNING: [filemgmt 56-199] Attempt to get parsing info during refresh. "On-the-fly" syntax checking information may be incorrect. [/home/boib2/vivadoProjects/registerProj/project_1/project_1.srcs/sources_1/new/programCounter.v:]
WARNING: [filemgmt 56-199] Attempt to get parsing info during refresh. "On-the-fly" syntax checking information may be incorrect. [/home/boib2/vivadoProjects/registerProj/project_1/project_1.srcs/sim_1/new/src/scoreboard.svh:]
WARNING: [filemgmt 56-199] Attempt to get parsing info during refresh. "On-the-fly" syntax checking information may be incorrect. [/home/boib2/vivadoProjects/registerProj/project_1/project_1.srcs/sim_1/new/src/monitor.svh:]
WARNING: [filemgmt 56-199] Attempt to get parsing info during refresh. "On-the-fly" syntax checking information may be incorrect. [/home/boib2/vivadoProjects/registerProj/project_1/project_1.srcs/sources_1/new/n-bit-Register.v:]
WARNING: [filemgmt 56-199] Attempt to get parsing info during refresh. "On-the-fly" syntax checking information may be incorrect. [/home/boib2/vivadoProjects/registerProj/project_1/project_1.srcs/sim_1/new/tb_top.sv:]
WARNING: [filemgmt 56-199] Attempt to get parsing info during refresh. "On-the-fly" syntax checking information may be incorrect. [/home/boib2/vivadoProjects/registerProj/project_1/project_1.srcs/sim_1/new/src/driver.svh:]
WARNING: [filemgmt 56-199] Attempt to get parsing info during refresh. "On-the-fly" syntax checking information may be incorrect. [/home/boib2/vivadoProjects/registerProj/project_1/project_1.srcs/sim_1/new/src/transaction.svh:]
WARNING: [filemgmt 56-199] Attempt to get parsing info during refresh. "On-the-fly" syntax checking information may be incorrect. [/home/boib2/vivadoProjects/registerProj/project_1/project_1.srcs/sim_1/new/src/printer.svh:]
WARNING: [filemgmt 56-199] Attempt to get parsing info during refresh. "On-the-fly" syntax checking information may be incorrect. [/home/boib2/vivadoProjects/registerProj/project_1/project_1.srcs/sim_1/new/src/counter_test.svh:]
WARNING: [filemgmt 56-199] Attempt to get parsing info during refresh. "On-the-fly" syntax checking information may be incorrect. [/home/boib2/vivadoProjects/registerProj/project_1/project_1.srcs/sim_1/new/src/agent_with_interface.svh:]
WARNING: [filemgmt 56-199] Attempt to get parsing info during refresh. "On-the-fly" syntax checking information may be incorrect. [/home/boib2/vivadoProjects/registerProj/project_1/project_1.srcs/sim_1/new/src/quiet_test.svh:]
WARNING: [filemgmt 56-199] Attempt to get parsing info during refresh. "On-the-fly" syntax checking information may be incorrect. [/home/boib2/vivadoProjects/registerProj/project_1/project_1.srcs/sim_1/new/src/driver.svh:]
WARNING: [filemgmt 56-199] Attempt to get parsing info during refresh. "On-the-fly" syntax checking information may be incorrect. [/home/boib2/vivadoProjects/registerProj/project_1/project_1.srcs/sim_1/new/src/driver.svh:]
WARNING: [filemgmt 56-199] Attempt to get parsing info during refresh. "On-the-fly" syntax checking information may be incorrect. [/home/boib2/vivadoProjects/registerProj/project_1/project_1.srcs/sim_1/new/src/counter_env.svh:]
WARNING: [filemgmt 56-199] Attempt to get parsing info during refresh. "On-the-fly" syntax checking information may be incorrect. [/home/boib2/vivadoProjects/registerProj/project_1/project_1.srcs/sim_1/new/counter_pkg.sv:]
WARNING: [filemgmt 56-199] Attempt to get parsing info during refresh. "On-the-fly" syntax checking information may be incorrect. [/home/boib2/vivadoProjects/registerProj/project_1/project_1.srcs/sim_1/new/counter_if.sv:]
WARNING: [filemgmt 56-199] Attempt to get parsing info during refresh. "On-the-fly" syntax checking information may be incorrect. [/home/boib2/vivadoProjects/registerProj/project_1/project_1.srcs/sources_1/new/programCounter.v:]
WARNING: [filemgmt 56-199] Attempt to get parsing info during refresh. "On-the-fly" syntax checking information may be incorrect. [/home/boib2/vivadoProjects/registerProj/project_1/project_1.srcs/sim_1/new/src/scoreboard.svh:]
WARNING: [filemgmt 56-199] Attempt to get parsing info during refresh. "On-the-fly" syntax checking information may be incorrect. [/home/boib2/vivadoProjects/registerProj/project_1/project_1.srcs/sim_1/new/src/monitor.svh:]
WARNING: [filemgmt 56-199] Attempt to get parsing info during refresh. "On-the-fly" syntax checking information may be incorrect. [/home/boib2/vivadoProjects/registerProj/project_1/project_1.srcs/sources_1/new/n-bit-Register.v:]
WARNING: [filemgmt 56-199] Attempt to get parsing info during refresh. "On-the-fly" syntax checking information may be incorrect. [/home/boib2/vivadoProjects/registerProj/project_1/project_1.srcs/sim_1/new/tb_top.sv:]
WARNING: [filemgmt 56-199] Attempt to get parsing info during refresh. "On-the-fly" syntax checking information may be incorrect. [/home/boib2/vivadoProjects/registerProj/project_1/project_1.srcs/sim_1/new/src/driver.svh:]
WARNING: [filemgmt 56-199] Attempt to get parsing info during refresh. "On-the-fly" syntax checking information may be incorrect. [/home/boib2/vivadoProjects/registerProj/project_1/project_1.srcs/sim_1/new/src/transaction.svh:]
WARNING: [filemgmt 56-199] Attempt to get parsing info during refresh. "On-the-fly" syntax checking information may be incorrect. [/home/boib2/vivadoProjects/registerProj/project_1/project_1.srcs/sim_1/new/src/printer.svh:]
WARNING: [filemgmt 56-199] Attempt to get parsing info during refresh. "On-the-fly" syntax checking information may be incorrect. [/home/boib2/vivadoProjects/registerProj/project_1/project_1.srcs/sim_1/new/src/counter_test.svh:]
WARNING: [filemgmt 56-199] Attempt to get parsing info during refresh. "On-the-fly" syntax checking information may be incorrect. [/home/boib2/vivadoProjects/registerProj/project_1/project_1.srcs/sim_1/new/src/agent_with_interface.svh:]
WARNING: [filemgmt 56-199] Attempt to get parsing info during refresh. "On-the-fly" syntax checking information may be incorrect. [/home/boib2/vivadoProjects/registerProj/project_1/project_1.srcs/sim_1/new/src/quiet_test.svh:]
WARNING: [filemgmt 56-199] Attempt to get parsing info during refresh. "On-the-fly" syntax checking information may be incorrect. [/home/boib2/vivadoProjects/registerProj/project_1/project_1.srcs/sim_1/new/src/counter_test.svh:]
WARNING: [filemgmt 56-199] Attempt to get parsing info during refresh. "On-the-fly" syntax checking information may be incorrect. [/home/boib2/vivadoProjects/registerProj/project_1/project_1.srcs/sim_1/new/src/counter_test.svh:]
WARNING: [filemgmt 56-199] Attempt to get parsing info during refresh. "On-the-fly" syntax checking information may be incorrect. [/home/boib2/vivadoProjects/registerProj/project_1/project_1.srcs/sim_1/new/src/counter_env.svh:]
WARNING: [filemgmt 56-199] Attempt to get parsing info during refresh. "On-the-fly" syntax checking information may be incorrect. [/home/boib2/vivadoProjects/registerProj/project_1/project_1.srcs/sim_1/new/counter_pkg.sv:]
WARNING: [filemgmt 56-199] Attempt to get parsing info during refresh. "On-the-fly" syntax checking information may be incorrect. [/home/boib2/vivadoProjects/registerProj/project_1/project_1.srcs/sim_1/new/counter_if.sv:]
WARNING: [filemgmt 56-199] Attempt to get parsing info during refresh. "On-the-fly" syntax checking information may be incorrect. [/home/boib2/vivadoProjects/registerProj/project_1/project_1.srcs/sources_1/new/programCounter.v:]
WARNING: [filemgmt 56-199] Attempt to get parsing info during refresh. "On-the-fly" syntax checking information may be incorrect. [/home/boib2/vivadoProjects/registerProj/project_1/project_1.srcs/sim_1/new/src/scoreboard.svh:]
WARNING: [filemgmt 56-199] Attempt to get parsing info during refresh. "On-the-fly" syntax checking information may be incorrect. [/home/boib2/vivadoProjects/registerProj/project_1/project_1.srcs/sim_1/new/src/monitor.svh:]
WARNING: [filemgmt 56-199] Attempt to get parsing info during refresh. "On-the-fly" syntax checking information may be incorrect. [/home/boib2/vivadoProjects/registerProj/project_1/project_1.srcs/sources_1/new/n-bit-Register.v:]
WARNING: [filemgmt 56-199] Attempt to get parsing info during refresh. "On-the-fly" syntax checking information may be incorrect. [/home/boib2/vivadoProjects/registerProj/project_1/project_1.srcs/sim_1/new/tb_top.sv:]
WARNING: [filemgmt 56-199] Attempt to get parsing info during refresh. "On-the-fly" syntax checking information may be incorrect. [/home/boib2/vivadoProjects/registerProj/project_1/project_1.srcs/sim_1/new/src/driver.svh:]
WARNING: [filemgmt 56-199] Attempt to get parsing info during refresh. "On-the-fly" syntax checking information may be incorrect. [/home/boib2/vivadoProjects/registerProj/project_1/project_1.srcs/sim_1/new/src/transaction.svh:]
WARNING: [filemgmt 56-199] Attempt to get parsing info during refresh. "On-the-fly" syntax checking information may be incorrect. [/home/boib2/vivadoProjects/registerProj/project_1/project_1.srcs/sim_1/new/src/printer.svh:]
WARNING: [filemgmt 56-199] Attempt to get parsing info during refresh. "On-the-fly" syntax checking information may be incorrect. [/home/boib2/vivadoProjects/registerProj/project_1/project_1.srcs/sim_1/new/src/counter_test.svh:]
WARNING: [filemgmt 56-199] Attempt to get parsing info during refresh. "On-the-fly" syntax checking information may be incorrect. [/home/boib2/vivadoProjects/registerProj/project_1/project_1.srcs/sim_1/new/src/agent_with_interface.svh:]
WARNING: [filemgmt 56-199] Attempt to get parsing info during refresh. "On-the-fly" syntax checking information may be incorrect. [/home/boib2/vivadoProjects/registerProj/project_1/project_1.srcs/sim_1/new/src/quiet_test.svh:]
WARNING: [filemgmt 56-199] Attempt to get parsing info during refresh. "On-the-fly" syntax checking information may be incorrect. [/home/boib2/vivadoProjects/registerProj/project_1/project_1.srcs/sim_1/new/src/counter_env.svh:]
WARNING: [filemgmt 56-199] Attempt to get parsing info during refresh. "On-the-fly" syntax checking information may be incorrect. [/home/boib2/vivadoProjects/registerProj/project_1/project_1.srcs/sim_1/new/src/counter_env.svh:]
INFO: [Vivado 12-12493] Simulation top is 'testbench'
WARNING: [filemgmt 56-199] Attempt to get parsing info during refresh. "On-the-fly" syntax checking information may be incorrect. [/home/boib2/vivadoProjects/registerProj/project_1/project_1.srcs/sim_1/new/src/counter_env.svh:]
WARNING: [filemgmt 56-199] Attempt to get parsing info during refresh. "On-the-fly" syntax checking information may be incorrect. [/home/boib2/vivadoProjects/registerProj/project_1/project_1.srcs/sim_1/new/counter_pkg.sv:]
WARNING: [filemgmt 56-199] Attempt to get parsing info during refresh. "On-the-fly" syntax checking information may be incorrect. [/home/boib2/vivadoProjects/registerProj/project_1/project_1.srcs/sim_1/new/counter_if.sv:]
WARNING: [filemgmt 56-199] Attempt to get parsing info during refresh. "On-the-fly" syntax checking information may be incorrect. [/home/boib2/vivadoProjects/registerProj/project_1/project_1.srcs/sources_1/new/programCounter.v:]
WARNING: [filemgmt 56-199] Attempt to get parsing info during refresh. "On-the-fly" syntax checking information may be incorrect. [/home/boib2/vivadoProjects/registerProj/project_1/project_1.srcs/sim_1/new/src/scoreboard.svh:]
WARNING: [filemgmt 56-199] Attempt to get parsing info during refresh. "On-the-fly" syntax checking information may be incorrect. [/home/boib2/vivadoProjects/registerProj/project_1/project_1.srcs/sim_1/new/src/monitor.svh:]
WARNING: [filemgmt 56-199] Attempt to get parsing info during refresh. "On-the-fly" syntax checking information may be incorrect. [/home/boib2/vivadoProjects/registerProj/project_1/project_1.srcs/sources_1/new/n-bit-Register.v:]
WARNING: [filemgmt 56-199] Attempt to get parsing info during refresh. "On-the-fly" syntax checking information may be incorrect. [/home/boib2/vivadoProjects/registerProj/project_1/project_1.srcs/sim_1/new/tb_top.sv:]
WARNING: [filemgmt 56-199] Attempt to get parsing info during refresh. "On-the-fly" syntax checking information may be incorrect. [/home/boib2/vivadoProjects/registerProj/project_1/project_1.srcs/sim_1/new/src/driver.svh:]
WARNING: [filemgmt 56-199] Attempt to get parsing info during refresh. "On-the-fly" syntax checking information may be incorrect. [/home/boib2/vivadoProjects/registerProj/project_1/project_1.srcs/sim_1/new/src/transaction.svh:]
WARNING: [filemgmt 56-199] Attempt to get parsing info during refresh. "On-the-fly" syntax checking information may be incorrect. [/home/boib2/vivadoProjects/registerProj/project_1/project_1.srcs/sim_1/new/src/printer.svh:]
WARNING: [filemgmt 56-199] Attempt to get parsing info during refresh. "On-the-fly" syntax checking information may be incorrect. [/home/boib2/vivadoProjects/registerProj/project_1/project_1.srcs/sim_1/new/src/counter_test.svh:]
WARNING: [filemgmt 56-199] Attempt to get parsing info during refresh. "On-the-fly" syntax checking information may be incorrect. [/home/boib2/vivadoProjects/registerProj/project_1/project_1.srcs/sim_1/new/src/agent_with_interface.svh:]
WARNING: [filemgmt 56-199] Attempt to get parsing info during refresh. "On-the-fly" syntax checking information may be incorrect. [/home/boib2/vivadoProjects/registerProj/project_1/project_1.srcs/sim_1/new/src/quiet_test.svh:]
WARNING: [filemgmt 56-199] Attempt to get parsing info during refresh. "On-the-fly" syntax checking information may be incorrect. [/home/boib2/vivadoProjects/registerProj/project_1/project_1.srcs/sim_1/new/counter_pkg.sv:]
WARNING: [filemgmt 56-199] Attempt to get parsing info during refresh. "On-the-fly" syntax checking information may be incorrect. [/home/boib2/vivadoProjects/registerProj/project_1/project_1.srcs/sim_1/new/counter_pkg.sv:]
INFO: [Vivado 12-5682] Launching behavioral simulation in '/home/boib2/vivadoProjects/registerProj/project_1/project_1.sim/sim_1/behav/xsim'
INFO: [SIM-utils-51] Simulation object is 'sim_1'
INFO: [SIM-utils-72] Using boost library from '/tools/Xilinx/2026.1/tps/boost_1_72_0'
INFO: [SIM-utils-54] Inspecting design source files for 'testbench' in fileset 'sim_1'...
WARNING: [filemgmt 56-199] Attempt to get parsing info during refresh. "On-the-fly" syntax checking information may be incorrect. [/home/boib2/vivadoProjects/registerProj/project_1/project_1.srcs/sources_1/new/programCounter.v:]
WARNING: [filemgmt 56-199] Attempt to get parsing info during refresh. "On-the-fly" syntax checking information may be incorrect. [/home/boib2/vivadoProjects/registerProj/project_1/project_1.srcs/sim_1/new/src/scoreboard.svh:]
WARNING: [filemgmt 56-199] Attempt to get parsing info during refresh. "On-the-fly" syntax checking information may be incorrect. [/home/boib2/vivadoProjects/registerProj/project_1/project_1.srcs/sim_1/new/src/monitor.svh:]
WARNING: [filemgmt 56-199] Attempt to get parsing info during refresh. "On-the-fly" syntax checking information may be incorrect. [/home/boib2/vivadoProjects/registerProj/project_1/project_1.srcs/sources_1/new/n-bit-Register.v:]
INFO: [Common 17-14] Message 'filemgmt 56-199' appears 100 times and further instances of the messages will be disabled. Use the Tcl command set_msg_config to change the current settings.
INFO: [USF-XSim-97] Finding global include files...
INFO: [USF-XSim-98] Fetching design files from 'sim_1'...
INFO: [USF-XSim-2] XSim::Compile design
INFO: [USF-XSim-61] Executing 'COMPILE and ANALYZE' step in '/home/boib2/vivadoProjects/registerProj/project_1/project_1.sim/sim_1/behav/xsim'
xvlog --incr --relax -L uvm -L uvm -prj testbench_vlog.prj
INFO: [VRFC 10-2263] Analyzing SystemVerilog file "/home/boib2/vivadoProjects/registerProj/project_1/project_1.srcs/sim_1/new/counter_if.sv" into library xil_defaultlib
INFO: [VRFC 10-2263] Analyzing SystemVerilog file "/home/boib2/vivadoProjects/registerProj/project_1/project_1.srcs/sim_1/new/counter_pkg.sv" into library xil_defaultlib
WARNING: [VRFC 10-5025] system function call '$psprintf' is not IEEE standard [../../../../project_1.srcs/sim_1/new/src/driver.svh:25]
WARNING: [VRFC 10-5025] system function call '$psprintf' is not IEEE standard [../../../../project_1.srcs/sim_1/new/src/scoreboard.svh:30]
WARNING: [VRFC 10-5025] system function call '$psprintf' is not IEEE standard [../../../../project_1.srcs/sim_1/new/src/printer.svh:23]
INFO: [VRFC 10-2263] Analyzing SystemVerilog file "/home/boib2/vivadoProjects/registerProj/project_1/project_1.srcs/sim_1/new/tb_top.sv" into library xil_defaultlib
INFO: [VRFC 10-311] analyzing module testbench
Waiting for jobs to finish...
No pending jobs, compilation finished.
INFO: [USF-XSim-69] 'compile' step finished in '1' seconds
INFO: [USF-XSim-3] XSim::Elaborate design
INFO: [USF-XSim-61] Executing 'ELABORATE' step in '/home/boib2/vivadoProjects/registerProj/project_1/project_1.sim/sim_1/behav/xsim'
xelab --incr --debug typical --relax --mt 8 -L xil_defaultlib -L uvm -L unisims_ver -L unimacro_ver -L secureip --snapshot testbench_behav xil_defaultlib.testbench xil_defaultlib.glbl -log elaborate.log -L uvm
Vivado Simulator v2026.1
Copyright 1986-2022 Xilinx, Inc. All Rights Reserved.
Copyright 2022-2026 Advanced Micro Devices, Inc. All Rights Reserved.
Running: /tools/Xilinx/2026.1/Vivado/bin/unwrapped/lnx64.o/xelab --incr --debug typical --relax --mt 8 -L xil_defaultlib -L uvm -L unisims_ver -L unimacro_ver -L secureip --snapshot testbench_behav xil_defaultlib.testbench xil_defaultlib.glbl -log elaborate.log -L uvm 
INFO: [XSIM 43-3493] Using 8 slave threads.
WARNING: [XSIM 43-3431] One or more environment variables have been detected which affect the operation of the C compiler. These are typically not set in standard installations and are not tested by AMD, however they may be appropriate for your system, so the flow will attempt to continue.  If errors occur, try running xelab with the "-mt off -v 1" switches to see more information from the C compiler. The following environment variables have been detected:
    LIBRARY_PATH
Starting static elaboration
Pass Through NonSizing Optimizer
Completed static elaboration
Starting simulation data flow analysis
Completed simulation data flow analysis
Time Resolution for simulation is 1ps
Compiling package xil_defaultlib.counter_pkg
Compiling package uvm.uvm_pkg
Compiling package std.std
Compiling module xil_defaultlib.counter_if_default
Compiling module xil_defaultlib.nbitRegister
Compiling module xil_defaultlib.programCounter
Compiling module xil_defaultlib.testbench
Compiling module xil_defaultlib.glbl
Built simulation snapshot testbench_behav
execute_script: Time (s): cpu = 00:00:53 ; elapsed = 00:00:12 . Memory (MB): peak = 11341.387 ; gain = 0.000 ; free physical = 4395 ; free virtual = 7603
INFO: [USF-XSim-69] 'elaborate' step finished in '12' seconds
INFO: [USF-XSim-4] XSim::Simulate design
INFO: [USF-XSim-61] Executing 'SIMULATE' step in '/home/boib2/vivadoProjects/registerProj/project_1/project_1.sim/sim_1/behav/xsim'
INFO: [USF-XSim-98] *** Running xsim
   with args "testbench_behav -key {Behavioral:sim_1:Functional:testbench} -tclbatch {testbench.tcl} -log {simulate.log} -testplusarg UVM_TESTNAME=counter_test"
INFO: [USF-XSim-8] Loading simulator feature
Time resolution is 1 ps
source testbench.tcl
# set curr_wave [current_wave_config]
# if { [string length $curr_wave] == 0 } {
#   if { [llength [get_objects]] > 0} {
#     add_wave /
#     set_property needs_save false [current_wave_config]
#   } else {
#      send_msg_id Add_Wave-1 WARNING "No top level signals found. Simulator will start without a wave window. If you want to open a wave window go to 'File->New Waveform Configuration' or type 'create_wave_config' in the TCL console."
#   }
# }
WARNING: [Simtcl 6-168] No object found for the given pattern.
WARNING: [Add_Wave-1] No top level signals found. Simulator will start without a wave window. If you want to open a wave window go to 'File->New Waveform Configuration' or type 'create_wave_config' in the TCL console.
# run 1000ns
UVM_INFO /tools/Xilinx/2026.1/Vivado/data/system_verilog/uvm_1.2/xlnx_uvm_package.sv(18601) @ 0: reporter [UVM/RELNOTES] 
----------------------------------------------------------------
UVM-1.2
(C) 2007-2014 Mentor Graphics Corporation
(C) 2007-2014 Cadence Design Systems, Inc.
(C) 2006-2014 Synopsys, Inc.
(C) 2011-2013 Cypress Semiconductor Corp.
(C) 2013-2014 NVIDIA Corporation
----------------------------------------------------------------

  ***********       IMPORTANT RELEASE NOTES         ************

  You are using a version of the UVM library that has been compiled
  with `UVM_NO_DEPRECATED undefined.

  You are using a version of the UVM library that has been compiled
  with `UVM_OBJECT_DO_NOT_NEED_CONSTRUCTOR undefined.

      (Specify +UVM_NO_RELNOTES to turn off this notice)

UVM_INFO /tools/Xilinx/2026.1/Vivado/data/system_verilog/uvm_1.2/xlnx_uvm_package.sv(18648) @ 0: reporter [NO_DPI_TSTNAME] UVM_NO_DPI defined--getting UVM_TESTNAME directly, without DPI
UVM_INFO @ 0: reporter [RNTST] Running test counter_test...
UVM_INFO /tools/Xilinx/2026.1/Vivado/data/system_verilog/uvm_1.2/xlnx_uvm_package.sv(20867) @ 0: reporter [UVM/COMP/NAMECHECK] This implementation of the component name checks requires DPI to be enabled
UVM_INFO ../../../../project_1.srcs/sim_1/new/src/driver.svh(25) @ 0: uvm_test_top.env.drv [run] Running with 100 loops
UVM_INFO ../../../../project_1.srcs/sim_1/new/src/printer.svh(23) @ 20000: uvm_test_top.env.p [run] data_in: c0895e81 q: xxxxxxxx  ld: 0,  inc: 0
UVM_INFO ../../../../project_1.srcs/sim_1/new/src/printer.svh(23) @ 40000: uvm_test_top.env.p [run] data_in: c0895e81 q: 00  ld: 0,  inc: 0
UVM_INFO ../../../../project_1.srcs/sim_1/new/src/printer.svh(23) @ 60000: uvm_test_top.env.p [run] data_in: 46df998d q: 00  ld: 0,  inc: 1
UVM_INFO ../../../../project_1.srcs/sim_1/new/src/printer.svh(23) @ 80000: uvm_test_top.env.p [run] data_in: 46df998d q: 00  ld: 0,  inc: 1
UVM_INFO ../../../../project_1.srcs/sim_1/new/src/printer.svh(23) @ 100000: uvm_test_top.env.p [run] data_in: 6d7cd0d q: 00  ld: 0,  inc: 1
UVM_INFO ../../../../project_1.srcs/sim_1/new/src/printer.svh(23) @ 120000: uvm_test_top.env.p [run] data_in: 6d7cd0d q: 00  ld: 0,  inc: 1
UVM_INFO ../../../../project_1.srcs/sim_1/new/src/printer.svh(23) @ 140000: uvm_test_top.env.p [run] data_in: 462df78c q: 00  ld: 0,  inc: 1
UVM_INFO ../../../../project_1.srcs/sim_1/new/src/printer.svh(23) @ 160000: uvm_test_top.env.p [run] data_in: 462df78c q: 00  ld: 0,  inc: 1
UVM_INFO ../../../../project_1.srcs/sim_1/new/src/printer.svh(23) @ 180000: uvm_test_top.env.p [run] data_in: d513d2aa q: 00  ld: 0,  inc: 1
UVM_INFO ../../../../project_1.srcs/sim_1/new/src/printer.svh(23) @ 200000: uvm_test_top.env.p [run] data_in: d513d2aa q: 00  ld: 0,  inc: 1
UVM_INFO ../../../../project_1.srcs/sim_1/new/src/printer.svh(23) @ 220000: uvm_test_top.env.p [run] data_in: 47ecdb8f q: 00  ld: 1,  inc: 0
UVM_INFO ../../../../project_1.srcs/sim_1/new/src/printer.svh(23) @ 240000: uvm_test_top.env.p [run] data_in: 47ecdb8f q: 00  ld: 1,  inc: 0
UVM_INFO ../../../../project_1.srcs/sim_1/new/src/printer.svh(23) @ 260000: uvm_test_top.env.p [run] data_in: e2ca4ec5 q: 00  ld: 0,  inc: 0
UVM_INFO ../../../../project_1.srcs/sim_1/new/src/printer.svh(23) @ 280000: uvm_test_top.env.p [run] data_in: e2ca4ec5 q: 00  ld: 0,  inc: 0
UVM_INFO ../../../../project_1.srcs/sim_1/new/src/printer.svh(23) @ 300000: uvm_test_top.env.p [run] data_in: b2a72665 q: 00  ld: 0,  inc: 1
UVM_INFO ../../../../project_1.srcs/sim_1/new/src/printer.svh(23) @ 320000: uvm_test_top.env.p [run] data_in: b2a72665 q: 00  ld: 0,  inc: 1
UVM_INFO ../../../../project_1.srcs/sim_1/new/src/printer.svh(23) @ 340000: uvm_test_top.env.p [run] data_in: 10642120 q: 00  ld: 0,  inc: 0
UVM_INFO ../../../../project_1.srcs/sim_1/new/src/printer.svh(23) @ 360000: uvm_test_top.env.p [run] data_in: 10642120 q: 00  ld: 0,  inc: 0
UVM_INFO ../../../../project_1.srcs/sim_1/new/src/printer.svh(23) @ 380000: uvm_test_top.env.p [run] data_in: 8983b813 q: 00  ld: 1,  inc: 0
UVM_INFO ../../../../project_1.srcs/sim_1/new/src/printer.svh(23) @ 400000: uvm_test_top.env.p [run] data_in: 8983b813 q: 00  ld: 1,  inc: 0
UVM_INFO ../../../../project_1.srcs/sim_1/new/src/printer.svh(23) @ 420000: uvm_test_top.env.p [run] data_in: eaa62ad5 q: 00  ld: 1,  inc: 1
UVM_INFO ../../../../project_1.srcs/sim_1/new/src/printer.svh(23) @ 440000: uvm_test_top.env.p [run] data_in: eaa62ad5 q: 00  ld: 1,  inc: 1
UVM_INFO ../../../../project_1.srcs/sim_1/new/src/printer.svh(23) @ 460000: uvm_test_top.env.p [run] data_in: e7c572cf q: 00  ld: 0,  inc: 1
UVM_INFO ../../../../project_1.srcs/sim_1/new/src/printer.svh(23) @ 480000: uvm_test_top.env.p [run] data_in: e7c572cf q: 00  ld: 0,  inc: 1
UVM_INFO ../../../../project_1.srcs/sim_1/new/src/printer.svh(23) @ 500000: uvm_test_top.env.p [run] data_in: 9e314c3c q: 00  ld: 1,  inc: 0
UVM_INFO ../../../../project_1.srcs/sim_1/new/src/printer.svh(23) @ 520000: uvm_test_top.env.p [run] data_in: 9e314c3c q: 00  ld: 1,  inc: 0
UVM_INFO ../../../../project_1.srcs/sim_1/new/src/printer.svh(23) @ 540000: uvm_test_top.env.p [run] data_in: ec4b34d8 q: 00  ld: 0,  inc: 1
UVM_INFO ../../../../project_1.srcs/sim_1/new/src/printer.svh(23) @ 560000: uvm_test_top.env.p [run] data_in: ec4b34d8 q: 00  ld: 0,  inc: 1
UVM_INFO ../../../../project_1.srcs/sim_1/new/src/printer.svh(23) @ 580000: uvm_test_top.env.p [run] data_in: 5b0265b6 q: 00  ld: 1,  inc: 1
UVM_INFO ../../../../project_1.srcs/sim_1/new/src/printer.svh(23) @ 600000: uvm_test_top.env.p [run] data_in: 5b0265b6 q: 00  ld: 1,  inc: 1
UVM_INFO ../../../../project_1.srcs/sim_1/new/src/printer.svh(23) @ 620000: uvm_test_top.env.p [run] data_in: 150fdd2a q: 00  ld: 0,  inc: 0
UVM_INFO ../../../../project_1.srcs/sim_1/new/src/printer.svh(23) @ 640000: uvm_test_top.env.p [run] data_in: 150fdd2a q: 00  ld: 0,  inc: 0
UVM_INFO ../../../../project_1.srcs/sim_1/new/src/printer.svh(23) @ 660000: uvm_test_top.env.p [run] data_in: 27f2554f q: 00  ld: 0,  inc: 1
UVM_INFO ../../../../project_1.srcs/sim_1/new/src/printer.svh(23) @ 680000: uvm_test_top.env.p [run] data_in: 27f2554f q: 00  ld: 0,  inc: 1
UVM_INFO ../../../../project_1.srcs/sim_1/new/src/printer.svh(23) @ 700000: uvm_test_top.env.p [run] data_in: aaa4b15 q: 00  ld: 1,  inc: 0
UVM_INFO ../../../../project_1.srcs/sim_1/new/src/printer.svh(23) @ 720000: uvm_test_top.env.p [run] data_in: aaa4b15 q: 00  ld: 1,  inc: 0
UVM_INFO ../../../../project_1.srcs/sim_1/new/src/printer.svh(23) @ 740000: uvm_test_top.env.p [run] data_in: 2635fb4c q: 00  ld: 1,  inc: 0
UVM_INFO ../../../../project_1.srcs/sim_1/new/src/printer.svh(23) @ 760000: uvm_test_top.env.p [run] data_in: 2635fb4c q: 00  ld: 1,  inc: 0
UVM_INFO ../../../../project_1.srcs/sim_1/new/src/printer.svh(23) @ 780000: uvm_test_top.env.p [run] data_in: dbcd60b7 q: 00  ld: 0,  inc: 0
UVM_INFO ../../../../project_1.srcs/sim_1/new/src/printer.svh(23) @ 800000: uvm_test_top.env.p [run] data_in: dbcd60b7 q: 00  ld: 0,  inc: 0
UVM_INFO ../../../../project_1.srcs/sim_1/new/src/printer.svh(23) @ 820000: uvm_test_top.env.p [run] data_in: 44de3789 q: 00  ld: 1,  inc: 1
UVM_INFO ../../../../project_1.srcs/sim_1/new/src/printer.svh(23) @ 840000: uvm_test_top.env.p [run] data_in: 44de3789 q: 00  ld: 1,  inc: 1
UVM_INFO ../../../../project_1.srcs/sim_1/new/src/printer.svh(23) @ 860000: uvm_test_top.env.p [run] data_in: a8c7fc51 q: 00  ld: 1,  inc: 1
UVM_INFO ../../../../project_1.srcs/sim_1/new/src/printer.svh(23) @ 880000: uvm_test_top.env.p [run] data_in: a8c7fc51 q: 00  ld: 1,  inc: 1
UVM_INFO ../../../../project_1.srcs/sim_1/new/src/printer.svh(23) @ 900000: uvm_test_top.env.p [run] data_in: 6457edc8 q: 00  ld: 1,  inc: 0
UVM_INFO ../../../../project_1.srcs/sim_1/new/src/printer.svh(23) @ 920000: uvm_test_top.env.p [run] data_in: 6457edc8 q: 00  ld: 1,  inc: 0
UVM_INFO ../../../../project_1.srcs/sim_1/new/src/printer.svh(23) @ 940000: uvm_test_top.env.p [run] data_in: bf05007e q: 00  ld: 1,  inc: 0
UVM_INFO ../../../../project_1.srcs/sim_1/new/src/printer.svh(23) @ 960000: uvm_test_top.env.p [run] data_in: bf05007e q: 00  ld: 1,  inc: 0
UVM_INFO ../../../../project_1.srcs/sim_1/new/src/printer.svh(23) @ 980000: uvm_test_top.env.p [run] data_in: e9ebf6d3 q: 00  ld: 1,  inc: 1
UVM_INFO ../../../../project_1.srcs/sim_1/new/src/printer.svh(23) @ 1000000: uvm_test_top.env.p [run] data_in: e9ebf6d3 q: 00  ld: 1,  inc: 1
INFO: [USF-XSim-96] XSim completed. Design snapshot 'testbench_behav' loaded.
INFO: [USF-XSim-97] XSim simulation ran for 1000ns
launch_simulation: Time (s): cpu = 00:01:00 ; elapsed = 00:00:16 . Memory (MB): peak = 11359.094 ; gain = 28.781 ; free physical = 4343 ; free virtual = 7561
